check,observed,tolerance,passed
zero_current_constant_temperature,2.8421709430404007e-13,1e-06,True
no_formation_no_ice,0.0,1e-12,True
cond_mass_conservation,0.0,1e-11,True
cond_nonnegative,0.0,1e-12,True
cond_activated,0.0,0,True
cond_latent_heat,0.0,1e-08,True
evap_mass_conservation,0.0,1e-11,True
evap_nonnegative,0.0,1e-12,True
evap_activated,0.0,0,True
evap_latent_heat,1.0842021724855044e-19,1e-08,True
dep_mass_conservation,0.0,1e-11,True
dep_nonnegative,0.0,1e-12,True
dep_activated,0.0,0,True
dep_latent_heat,0.0,1e-08,True
sub_mass_conservation,0.0,1e-11,True
sub_nonnegative,0.0,1e-12,True
sub_activated,0.0,0,True
sub_latent_heat,5.421010862427522e-20,1e-08,True
frz_mass_conservation,0.0,1e-11,True
frz_nonnegative,0.0,1e-12,True
frz_activated,0.0,0,True
frz_latent_heat,0.0,1e-08,True
mlt_mass_conservation,0.0,1e-11,True
mlt_nonnegative,0.0,1e-12,True
mlt_activated,0.0,0,True
mlt_latent_heat,1.3877787807814457e-17,1e-08,True
all_phase_off_identity,0.0,1e-12,True
