case,strategy,initial_shift_K,G_factor,G_EP_factor,h_factor,seed,noise_T_K,noise_V_V,first_success_s,stop_s,elapsed_s,E_aux_J,E_gen_J,E_phase_J,E_loss_J,E_sensible_J,energy_residual_J,water_residual_kg,min_voltage_V,max_ice_bulk,dTmax_K,final_min_T_C,final_max_T_C,final_left_EP_C,min_gas_porosity,max_j_over_jlim,min_kappa_S_m,min_inventory,max_iteration_error_K,max_power_W_cm2,charge_at_success_C_cm2,post_min_T_C,post_min_voltage_V,post_max_ice_bulk,post_energy_J,first_success_energy_J,max_water_residual_kg,first_min_voltage_V,first_max_ice_bulk,first_dTmax_K,charge_at_stop_C_cm2,physical_hold_completed,physical_hold_s,observer_max_temperature_error_K,observer_max_ice_error,post_max_iteration_error_K,startup_window_end_s,feasible,shutdown_mode,sensor_stop_margin_C
case1,constant_hold,-1,1,1,1,3000,0.2,0.005,26.9287241518,29.2,29.2,3375.8934379,209.635754937,-1.13026388513,105.919700836,3478.47922812,2.86235035674e-10,2.98020072162e-19,0.659118134848,0.014129223141,27.6801814949,1.7552757923,29.4354572872,-23.9769183871,0.3916,0.00492645941847,0.423858397741,0,2.67128541509e-11,1,1.81289046112,1.7552757923,0.65912886397,0.0140271328217,0,3113.30490258,3.13063377305e-19,0.659186215554,0.014129223141,26.0659542139,2.1316,1,2.27127584815,0.60422740025,9.71515859568e-05,0,98.6666666667,True,sensor,0.2
case1,constant_hold,-1,1,1,1,3001,0.2,0.005,26.9287241518,29.4,29.4,3399.0159957,212.50676043,-1.15063142041,107.193337876,3503.17878683,2.8764191029e-10,3.0913314443e-19,0.659118134848,0.014129223141,27.8155084818,1.90748940203,29.7229978838,-23.9003866688,0.3916,0.00496012329369,0.423858397741,0,2.69011479759e-11,1,1.81289046112,1.90748940203,0.65913623982,0.0140084347756,0,3113.30490258,3.13063377305e-19,0.659186215554,0.014129223141,26.0659542139,2.1609,1,2.47127584815,0.582270140279,4.52359777139e-05,0,98.6666666667,True,sensor,0.2
case1,constant_hold,-1,1,1,1,3002,0.2,0.005,26.9287241518,29.4,29.4,3399.0159957,212.50676043,-1.15063142041,107.193337876,3503.17878683,2.8764191029e-10,3.0913314443e-19,0.659118134848,0.014129223141,27.8155084818,1.90748940203,29.7229978838,-23.9003866688,0.3916,0.00496012329369,0.423858397741,0,2.69011479759e-11,1,1.81289046112,1.90748940203,0.65913623982,0.0140084347756,0,3113.30490258,3.13063377305e-19,0.659186215554,0.014129223141,26.0659542139,2.1609,1,2.47127584815,0.603104544273,0.000118744762713,0,98.6666666667,True,sensor,0.2
case1,constant_hold,-1,1,1,1,3003,0.2,0.005,26.9287241518,29.6,29.6,3422.13855349,215.396868201,-1.1712306005,108.473055245,3527.89113585,2.89603008241e-10,3.02627931395e-19,0.659118134848,0.014129223141,27.9497635128,2.05933839277,30.0091019056,-23.8236024831,0.3916,0.00499379754335,0.423858397741,0,2.71072053692e-11,1,1.81289046112,2.05933839277,0.659145470455,0.0139882044812,0,3113.30490258,3.18890963982e-19,0.659186215554,0.014129223141,26.0659542139,2.1904,1,2.67127584815,0.572114057528,9.64152086686e-05,0,98.6666666667,True,sensor,0.2
case1,constant_hold,-1,1,1,1,3004,0.2,0.005,26.9287241518,29.4,29.4,3399.0159957,212.50676043,-1.15063142041,107.193337876,3503.17878683,2.8764191029e-10,3.0913314443e-19,0.659118134848,0.014129223141,27.8155084818,1.90748940203,29.7229978838,-23.9003866688,0.3916,0.00496012329369,0.423858397741,0,2.69011479759e-11,1,1.81289046112,1.90748940203,0.65913623982,0.0140084347756,0,3113.30490258,3.13063377305e-19,0.659186215554,0.014129223141,26.0659542139,2.1609,1,2.47127584815,0.634761504508,5.38863569074e-05,0,98.6666666667,True,sensor,0.2
case1,constant_hold,-1,1,1,1,3005,0.2,0.005,26.9287241518,29.4,29.4,3399.0159957,212.50676043,-1.15063142041,107.193337876,3503.17878683,2.8764191029e-10,3.0913314443e-19,0.659118134848,0.014129223141,27.8155084818,1.90748940203,29.7229978838,-23.9003866688,0.3916,0.00496012329369,0.423858397741,0,2.69011479759e-11,1,1.81289046112,1.90748940203,0.65913623982,0.0140084347756,0,3113.30490258,3.13063377305e-19,0.659186215554,0.014129223141,26.0659542139,2.1609,1,2.47127584815,0.704329523098,4.5564071716e-05,0,98.6666666667,True,sensor,0.2
case1,constant_hold,-1,1,1,1,3006,0.2,0.005,26.9287241518,29.6,29.6,3422.13855349,215.396868201,-1.1712306005,108.473055245,3527.89113585,2.89603008241e-10,3.02627931395e-19,0.659118134848,0.014129223141,27.9497635128,2.05933839277,30.0091019056,-23.8236024831,0.3916,0.00499379754335,0.423858397741,0,2.71072053692e-11,1,1.81289046112,2.05933839277,0.659145470455,0.0139882044812,0,3113.30490258,3.18890963982e-19,0.659186215554,0.014129223141,26.0659542139,2.1904,1,2.67127584815,0.672199091939,3.55933971744e-05,0,98.6666666667,True,sensor,0.2
case1,constant_hold,-1,1,1,1,3007,0.2,0.005,26.9287241518,29.4,29.4,3399.0159957,212.50676043,-1.15063142041,107.193337876,3503.17878683,2.8764191029e-10,3.0913314443e-19,0.659118134848,0.014129223141,27.8155084818,1.90748940203,29.7229978838,-23.9003866688,0.3916,0.00496012329369,0.423858397741,0,2.69011479759e-11,1,1.81289046112,1.90748940203,0.65913623982,0.0140084347756,0,3113.30490258,3.13063377305e-19,0.659186215554,0.014129223141,26.0659542139,2.1609,1,2.47127584815,0.625950928918,8.92442145211e-05,0,98.6666666667,True,sensor,0.2
case1,constant_hold,-1,1,1,1,3008,0.2,0.005,26.9287241518,29.4,29.4,3399.0159957,212.50676043,-1.15063142041,107.193337876,3503.17878683,2.8764191029e-10,3.0913314443e-19,0.659118134848,0.014129223141,27.8155084818,1.90748940203,29.7229978838,-23.9003866688,0.3916,0.00496012329369,0.423858397741,0,2.69011479759e-11,1,1.81289046112,1.90748940203,0.65913623982,0.0140084347756,0,3113.30490258,3.13063377305e-19,0.659186215554,0.014129223141,26.0659542139,2.1609,1,2.47127584815,0.614477310267,6.45192952157e-05,0,98.6666666667,True,sensor,0.2
case1,constant_hold,-1,1,1,1,3009,0.2,0.005,26.9287241518,29.4,29.4,3399.0159957,212.50676043,-1.15063142041,107.193337876,3503.17878683,2.8764191029e-10,3.0913314443e-19,0.659118134848,0.014129223141,27.8155084818,1.90748940203,29.7229978838,-23.9003866688,0.3916,0.00496012329369,0.423858397741,0,2.69011479759e-11,1,1.81289046112,1.90748940203,0.65913623982,0.0140084347756,0,3113.30490258,3.13063377305e-19,0.659186215554,0.014129223141,26.0659542139,2.1609,1,2.47127584815,0.659564095416,5.32060278367e-05,0,98.6666666667,True,sensor,0.2
case1,constant_hold,0,1,1,1,3000,0.2,0.005,25.7412287951,28.2,28.2,3260.28064893,194.958917671,-1.11690298892,105.032366434,3349.09029718,2.87357693196e-10,3.35831622927e-19,0.661848503837,0.0121298600029,27.0027386611,1.92652829922,28.9292669603,-23.373777761,0.3916,0.00474886162692,0.433085516812,0,2.56754617567e-11,1,1.6565271497,1.92652829922,0.661848503837,0.0120256405072,0,2976.01525249,3.47554558917e-19,0.662058326818,0.0121298600029,25.1812762622,1.9881,1,2.45877120495,0.604227830812,9.8488916039e-05,0,98.6666666667,True,sensor,0.2
case1,constant_hold,0,1,1,1,3001,0.2,0.005,25.7412287951,28.2,28.2,3260.28064893,194.958917671,-1.11690298892,105.032366434,3349.09029718,2.87357693196e-10,3.35831622927e-19,0.661848503837,0.0121298600029,27.0027386611,1.92652829922,28.9292669603,-23.373777761,0.3916,0.00474886162692,0.433085516812,0,2.56754617567e-11,1,1.6565271497,1.92652829922,0.661848503837,0.0120256405072,0,2976.01525249,3.47554558917e-19,0.662058326818,0.0121298600029,25.1812762622,1.9881,1,2.45877120495,0.582270769542,4.58248210744e-05,0,98.6666666667,True,sensor,0.2
case1,constant_hold,0,1,1,1,3002,0.2,0.005,25.7412287951,28.2,28.2,3260.28064893,194.958917671,-1.11690298892,105.032366434,3349.09029718,2.87357693196e-10,3.35831622927e-19,0.661848503837,0.0121298600029,27.0027386611,1.92652829922,28.9292669603,-23.373777761,0.3916,0.00474886162692,0.433085516812,0,2.56754617567e-11,1,1.6565271497,1.92652829922,0.661848503837,0.0120256405072,0,2976.01525249,3.47554558917e-19,0.662058326818,0.0121298600029,25.1812762622,1.9881,1,2.45877120495,0.60310575044,8.80672764428e-05,0,98.6666666667,True,sensor,0.2
case1,constant_hold,0,1,1,1,3003,0.2,0.005,25.7412287951,28.4,28.4,3283.40320673,197.725720781,-1.13673044436,106.312894482,3373.67930258,2.86902945845e-10,3.41523684333e-19,0.661845759968,0.0121298600029,27.1433364425,2.08055674691,29.2238931894,-23.2987378388,0.3916,0.00478240653268,0.433085516812,0,2.5870861009e-11,1,1.6565271497,2.08055674691,0.661845759968,0.0120080978995,0,2976.01525249,3.47554558917e-19,0.662058326818,0.0121298600029,25.1812762622,2.0164,1,2.65877120495,0.57211406286,9.66536493118e-05,0,98.6666666667,True,sensor,0.2
case1,constant_hold,0,1,1,1,3004,0.2,0.005,25.7412287951,28.4,28.4,3283.40320673,197.725720781,-1.13673044436,106.312894482,3373.67930258,2.86902945845e-10,3.41523684333e-19,0.661845759968,0.0121298600029,27.1433364425,2.08055674691,29.2238931894,-23.2987378388,0.3916,0.00478240653268,0.433085516812,0,2.5870861009e-11,1,1.6565271497,2.08055674691,0.661845759968,0.0120080978995,0,2976.01525249,3.47554558917e-19,0.662058326818,0.0121298600029,25.1812762622,2.0164,1,2.65877120495,0.634761583328,5.38859047279e-05,0,98.6666666667,True,sensor,0.2
case1,constant_hold,0,1,1,1,3005,0.2,0.005,25.7412287951,28.4,28.4,3283.40320673,197.725720781,-1.13673044436,106.312894482,3373.67930258,2.86902945845e-10,3.41523684333e-19,0.661845759968,0.0121298600029,27.1433364425,2.08055674691,29.2238931894,-23.2987378388,0.3916,0.00478240653268,0.433085516812,0,2.5870861009e-11,1,1.6565271497,2.08055674691,0.661845759968,0.0120080978995,0,2976.01525249,3.47554558917e-19,0.662058326818,0.0121298600029,25.1812762622,2.0164,1,2.65877120495,0.704331803748,3.77783257656e-05,0,98.6666666667,True,sensor,0.2
case1,constant_hold,0,1,1,1,3006,0.2,0.005,25.7412287951,28.2,28.2,3260.28064893,194.958917671,-1.11690298892,105.032366434,3349.09029718,2.87357693196e-10,3.35831622927e-19,0.661848503837,0.0121298600029,27.0027386611,1.92652829922,28.9292669603,-23.373777761,0.3916,0.00474886162692,0.433085516812,0,2.56754617567e-11,1,1.6565271497,1.92652829922,0.661848503837,0.0120256405072,0,2976.01525249,3.47554558917e-19,0.662058326818,0.0121298600029,25.1812762622,1.9881,1,2.45877120495,0.672199099081,3.43167338695e-05,0,98.6666666667,True,sensor,0.2
case1,constant_hold,0,1,1,1,3007,0.2,0.005,25.7412287951,28,28,3237.15809114,192.2112091,-1.09727930608,103.758006339,3324.5140146,2.85723444904e-10,3.20449504605e-19,0.661853243545,0.0121298600029,26.8610352757,1.77211000753,28.6331452832,-23.4485563725,0.3916,0.00471532530496,0.433085516812,0,2.54800625044e-11,1,1.6565271497,1.77211000753,0.661853243545,0.0120418489006,0,2976.01525249,3.47554558917e-19,0.662058326818,0.0121298600029,25.1812762622,1.96,1,2.25877120495,0.625951813622,8.98856437932e-05,0,98.6666666667,True,sensor,0.2
case1,constant_hold,0,1,1,1,3008,0.2,0.005,25.7412287951,28,28,3237.15809114,192.2112091,-1.09727930608,103.758006339,3324.5140146,2.85723444904e-10,3.20449504605e-19,0.661853243545,0.0121298600029,26.8610352757,1.77211000753,28.6331452832,-23.4485563725,0.3916,0.00471532530496,0.433085516812,0,2.54800625044e-11,1,1.6565271497,1.77211000753,0.661853243545,0.0120418489006,0,2976.01525249,3.47554558917e-19,0.662058326818,0.0121298600029,25.1812762622,1.96,1,2.25877120495,0.614478694348,6.14020383273e-05,0,98.6666666667,True,sensor,0.2
case1,constant_hold,0,1,1,1,3009,0.2,0.005,25.7412287951,28,28,3237.15809114,192.2112091,-1.09727930608,103.758006339,3324.5140146,2.85723444904e-10,3.20449504605e-19,0.661853243545,0.0121298600029,26.8610352757,1.77211000753,28.6331452832,-23.4485563725,0.3916,0.00471532530496,0.433085516812,0,2.54800625044e-11,1,1.6565271497,1.77211000753,0.661853243545,0.0120418489006,0,2976.01525249,3.47554558917e-19,0.662058326818,0.0121298600029,25.1812762622,1.96,1,2.25877120495,0.65956561125,4.84365607421e-05,0,98.6666666667,True,sensor,0.2
case1,constant_hold,1,1,1,1,3000,0.2,0.005,24.5715685487,27.2,27.2,3144.66785997,180.846967594,-1.0976676019,103.924509047,3220.49265091,2.35417019212e-10,3.55618312575e-19,0.664579775537,0.0103486986193,26.2993742509,2.0889100881,28.388284339,-22.7620276706,0.3916,0.00457229111502,0.442435445386,0,2.46203057941e-11,1,1.50940495236,2.0889100881,0.664579775537,0.0102455722622,0,2840.78756926,3.61581424524e-19,0.664974764662,0.0103486986193,24.2715056042,1.8496,1,2.62843145132,0.595166350541,6.98817751565e-05,0,98.6666666667,True,sensor,0.2
case1,constant_hold,1,1,1,1,3001,0.2,0.005,24.5715685487,27,27,3121.54530217,178.203020859,-1.07906719611,102.643687108,3196.02556873,2.34805952459e-10,3.61581424524e-19,0.664595593829,0.0103486986193,26.1521866311,1.93257775094,28.0847643821,-22.8352772824,0.3916,0.00453886491529,0.442435445386,0,2.44320119691e-11,1,1.50940495236,1.93257775094,0.664595593829,0.0102605930247,0,2840.78756926,3.61581424524e-19,0.664974764662,0.0103486986193,24.2715056042,1.8225,1,2.42843145132,0.582271420371,4.64756470552e-05,0,98.6666666667,True,sensor,0.2
case1,constant_hold,1,1,1,1,3002,0.2,0.005,24.5715685487,27,27,3121.54530217,178.203020859,-1.07906719611,102.643687108,3196.02556873,2.34805952459e-10,3.61581424524e-19,0.664595593829,0.0103486986193,26.1521866311,1.93257775094,28.0847643821,-22.8352772824,0.3916,0.00453886491529,0.442435445386,0,2.44320119691e-11,1,1.50940495236,1.93257775094,0.664595593829,0.0102605930247,0,2840.78756926,3.61581424524e-19,0.664974764662,0.0103486986193,24.2715056042,1.8225,1,2.42843145132,0.60310847419,6.76260727783e-05,0,98.6666666667,True,sensor,0.2
case1,constant_hold,1,1,1,1,3003,0.2,0.005,24.5715685487,27.4,27.4,3167.79041776,183.509994577,-1.11662089629,105.211575043,3244.9722164,2.38713937506e-10,3.42472361234e-19,0.664566088471,0.0103486986193,26.445416384,2.24483247055,28.6902488546,-22.6885090422,0.3916,0.00460572517289,0.442435445386,0,2.48192577601e-11,1,1.50940495236,2.24483247055,0.664566088471,0.0102294040684,0,2840.78756926,3.61581424524e-19,0.664974764662,0.0103486986193,24.2715056042,1.8769,1,2.82843145132,0.57211406783,9.71044827779e-05,0,98.6666666667,True,sensor,0.2
case1,constant_hold,1,1,1,1,3004,0.2,0.005,24.5715685487,27,27,3121.54530217,178.203020859,-1.07906719611,102.643687108,3196.02556873,2.34805952459e-10,3.61581424524e-19,0.664595593829,0.0103486986193,26.1521866311,1.93257775094,28.0847643821,-22.8352772824,0.3916,0.00453886491529,0.442435445386,0,2.44320119691e-11,1,1.50940495236,1.93257775094,0.664595593829,0.0102605930247,0,2840.78756926,3.61581424524e-19,0.664974764662,0.0103486986193,24.2715056042,1.8225,1,2.42843145132,0.634761663117,5.39802356368e-05,0,98.6666666667,True,sensor,0.2
case1,constant_hold,1,1,1,1,3005,0.2,0.005,24.5715685487,26.8,26.8,3098.42274438,175.57816218,-1.06070690342,101.369125694,3171.57107396,2.34692265622e-10,3.43827613949e-19,0.664613587018,0.0103486986193,26.0038509873,1.77583139209,27.7796823794,-22.9082562488,0.3916,0.00450544641576,0.442435445386,0,2.42224018621e-11,1,1.50940495236,1.77583139209,0.664613587018,0.01027445812,0,2840.78756926,3.4992625117e-19,0.664974764662,0.0103486986193,24.2715056042,1.7956,1,2.22843145132,0.704338936982,2.63993149729e-05,0,98.6666666667,True,sensor,0.2
case1,constant_hold,1,1,1,1,3006,0.2,0.005,24.5715685487,27.2,27.2,3144.66785997,180.846967594,-1.0976676019,103.924509047,3220.49265091,2.35417019212e-10,3.55618312575e-19,0.664579775537,0.0103486986193,26.2993742509,2.0889100881,28.388284339,-22.7620276706,0.3916,0.00457229111502,0.442435445386,0,2.46203057941e-11,1,1.50940495236,2.0889100881,0.664579775537,0.0102455722622,0,2840.78756926,3.61581424524e-19,0.664974764662,0.0103486986193,24.2715056042,1.8496,1,2.62843145132,0.672199105673,3.46448962996e-05,0,98.6666666667,True,sensor,0.2
case1,constant_hold,1,1,1,1,3007,0.2,0.005,24.5715685487,26.8,26.8,3098.42274438,175.57816218,-1.06070690342,101.369125694,3171.57107396,2.34692265622e-10,3.43827613949e-19,0.664613587018,0.0103486986193,26.0038509873,1.77583139209,27.7796823794,-22.9082562488,0.3916,0.00450544641576,0.442435445386,0,2.42224018621e-11,1,1.50940495236,1.77583139209,0.664613587018,0.01027445812,0,2840.78756926,3.4992625117e-19,0.664974764662,0.0103486986193,24.2715056042,1.7956,1,2.22843145132,0.62595271099,9.06930865324e-05,0,98.6666666667,True,sensor,0.2
case1,constant_hold,1,1,1,1,3008,0.2,0.005,24.5715685487,27,27,3121.54530217,178.203020859,-1.07906719611,102.643687108,3196.02556873,2.34805952459e-10,3.61581424524e-19,0.664595593829,0.0103486986193,26.1521866311,1.93257775094,28.0847643821,-22.8352772824,0.3916,0.00453886491529,0.442435445386,0,2.44320119691e-11,1,1.50940495236,1.93257775094,0.664595593829,0.0102605930247,0,2840.78756926,3.61581424524e-19,0.664974764662,0.0103486986193,24.2715056042,1.8225,1,2.42843145132,0.614480106292,6.19447248855e-05,0,98.6666666667,True,sensor,0.2
case1,constant_hold,1,1,1,1,3009,0.2,0.005,24.5715685487,27.2,27.2,3144.66785997,180.846967594,-1.0976676019,103.924509047,3220.49265091,2.35417019212e-10,3.55618312575e-19,0.664579775537,0.0103486986193,26.2993742509,2.0889100881,28.388284339,-22.7620276706,0.3916,0.00457229111502,0.442435445386,0,2.46203057941e-11,1,1.50940495236,2.0889100881,0.664579775537,0.0102455722622,0,2840.78756926,3.61581424524e-19,0.664974764662,0.0103486986193,24.2715056042,1.8496,1,2.62843145132,0.659567241449,4.0080109871e-05,0,98.6666666667,True,sensor,0.2
case1,constant_optimized,-1,1,1,1,3000,0.2,0.005,30.8317382455,33.2,33.2,3380.42416548,275.553048964,-1.14941133853,122.639003101,3532.1888,3.47824880009e-10,1.57344840282e-19,0.650799546849,0.0194092986567,20.0910356166,1.53735973379,21.6283953504,-23.0217612712,0.389299459313,0.00563852948306,0.423858397741,0,2.77431411178e-11,0.997588127302,2.3764902081,1.53735973379,0.650799546849,0.0192812641794,0,3139.28774183,2.18670025663e-19,0.650951096179,0.0194092986567,19.2065564243,2.7556,1,2.36826175451,0.604220705743,0.000103513911301,0,98.6666666667,True,sensor,0.2
case1,constant_optimized,-1,1,1,1,3001,0.2,0.005,30.8317382455,33.4,33.4,3400.78816647,278.880412128,-1.17104103044,123.90338537,3554.5941522,3.485496336e-10,1.54769860122e-19,0.65079789422,0.0194092986567,20.1620738017,1.66567661372,21.8277504154,-22.9479163888,0.389196893016,0.00567286120154,0.423858397741,0,2.79207768017e-11,0.997588127302,2.3764902081,1.66567661372,0.65079789422,0.0192587821236,0,3139.28774183,2.18670025663e-19,0.650951096179,0.0194092986567,19.2065564243,2.7889,1,2.56826175451,0.582265798819,6.70443458032e-05,0,98.6666666667,True,sensor,0.2
case1,constant_optimized,-1,1,1,1,3002,0.2,0.005,30.8317382455,33.4,33.4,3400.78816647,278.880412128,-1.17104103044,123.90338537,3554.5941522,3.485496336e-10,1.54769860122e-19,0.65079789422,0.0194092986567,20.1620738017,1.66567661372,21.8277504154,-22.9479163888,0.389196893016,0.00567286120154,0.423858397741,0,2.79207768017e-11,0.997588127302,2.3764902081,1.66567661372,0.65079789422,0.0192587821236,0,3139.28774183,2.18670025663e-19,0.650951096179,0.0194092986567,19.2065564243,2.7889,1,2.56826175451,0.60309818289,0.000207512138012,0,98.6666666667,True,sensor,0.2
case1,constant_optimized,-1,1,1,1,3003,0.2,0.005,30.8317382455,33.4,33.4,3400.78816647,278.880412128,-1.17104103044,123.90338537,3554.5941522,3.485496336e-10,1.54769860122e-19,0.65079789422,0.0194092986567,20.1620738017,1.66567661372,21.8277504154,-22.9479163888,0.389196893016,0.00567286120154,0.423858397741,0,2.79207768017e-11,0.997588127302,2.3764902081,1.66567661372,0.65079789422,0.0192587821236,0,3139.28774183,2.18670025663e-19,0.650951096179,0.0194092986567,19.2065564243,2.7889,1,2.56826175451,0.572114057394,9.62189368577e-05,0,98.6666666667,True,sensor,0.2
case1,constant_optimized,-1,1,1,1,3004,0.2,0.005,30.8317382455,33.6,33.6,3421.15216747,282.227365273,-1.1928531345,125.172895186,3577.01378442,3.49203332917e-10,1.50704101975e-19,0.650797672588,0.0194092986567,20.2325625061,1.7937657765,22.0263282826,-22.8738759056,0.389095671576,0.00570720849812,0.423858397741,0,2.8094859772e-11,0.997588127302,2.3764902081,1.7937657765,0.650797849208,0.0192345207267,0,3139.28774183,2.18670025663e-19,0.650951096179,0.0194092986567,19.2065564243,2.8224,1,2.76826175451,0.634761456937,5.41717960383e-05,0,98.6666666667,True,sensor,0.2
case1,constant_optimized,-1,1,1,1,3005,0.2,0.005,30.8317382455,33.6,33.6,3421.15216747,282.227365273,-1.1928531345,125.172895186,3577.01378442,3.49203332917e-10,1.50704101975e-19,0.650797672588,0.0194092986567,20.2325625061,1.7937657765,22.0263282826,-22.8738759056,0.389095671576,0.00570720849812,0.423858397741,0,2.8094859772e-11,0.997588127302,2.3764902081,1.7937657765,0.650797849208,0.0192345207267,0,3139.28774183,2.18670025663e-19,0.650951096179,0.0194092986567,19.2065564243,2.8224,1,2.76826175451,0.704325171088,0.000110186611411,0,98.6666666667,True,sensor,0.2
case1,constant_optimized,-1,1,1,1,3006,0.2,0.005,30.8317382455,33.4,33.4,3400.78816647,278.880412128,-1.17104103044,123.90338537,3554.5941522,3.485496336e-10,1.54769860122e-19,0.65079789422,0.0194092986567,20.1620738017,1.66567661372,21.8277504154,-22.9479163888,0.389196893016,0.00567286120154,0.423858397741,0,2.79207768017e-11,0.997588127302,2.3764902081,1.66567661372,0.65079789422,0.0192587821236,0,3139.28774183,2.18670025663e-19,0.650951096179,0.0194092986567,19.2065564243,2.7889,1,2.56826175451,0.672199090715,0.00011431611624,0,98.6666666667,True,sensor,0.2
case1,constant_optimized,-1,1,1,1,3007,0.2,0.005,30.8317382455,33.8,33.8,3441.51616847,285.593902093,-1.21486191627,126.447523463,3599.44768518,3.50226514456e-10,1.46502818557e-19,0.650797672588,0.0194092986567,20.3025058106,1.92162811423,22.2241339248,-22.7996406392,0.388995759081,0.00574157147581,0.423858397741,0,2.82689427422e-11,0.997588127302,2.3764902081,1.92162811423,0.650799382208,0.0192084899988,0,3139.28774183,2.18670025663e-19,0.650951096179,0.0194092986567,19.2065564243,2.8561,1,2.96826175451,0.704833319368,8.89140532346e-05,0,98.6666666667,True,sensor,0.2
case1,constant_optimized,-1,1,1,1,3008,0.2,0.005,30.8317382455,33.4,33.4,3400.78816647,278.880412128,-1.17104103044,123.90338537,3554.5941522,3.485496336e-10,1.54769860122e-19,0.65079789422,0.0194092986567,20.1620738017,1.66567661372,21.8277504154,-22.9479163888,0.389196893016,0.00567286120154,0.423858397741,0,2.79207768017e-11,0.997588127302,2.3764902081,1.66567661372,0.65079789422,0.0192587821236,0,3139.28774183,2.18670025663e-19,0.650951096179,0.0194092986567,19.2065564243,2.7889,1,2.56826175451,0.614469064319,0.000111420137521,0,98.6666666667,True,sensor,0.2
case1,constant_optimized,-1,1,1,1,3009,0.2,0.005,30.8317382455,33.4,33.4,3400.78816647,278.880412128,-1.17104103044,123.90338537,3554.5941522,3.485496336e-10,1.54769860122e-19,0.65079789422,0.0194092986567,20.1620738017,1.66567661372,21.8277504154,-22.9479163888,0.389196893016,0.00567286120154,0.423858397741,0,2.79207768017e-11,0.997588127302,2.3764902081,1.66567661372,0.65079789422,0.0192587821236,0,3139.28774183,2.18670025663e-19,0.650951096179,0.0194092986567,19.2065564243,2.7889,1,2.56826175451,0.785709042288,9.72152562511e-05,0,98.6666666667,True,sensor,0.2
case1,constant_optimized,0,1,1,1,3000,0.2,0.005,29.4155884743,32,32,3258.24015949,255.197128838,-1.15116648608,121.260565815,3391.02555603,3.4131630855e-10,1.87973551655e-19,0.653720589121,0.0166040694048,19.6648319319,1.69911229495,21.3639442268,-22.4827812471,0.390974304706,0.0054216558268,0.433085516812,0,2.65814037448e-11,0.997588127302,2.16319211322,1.69911229495,0.653720589121,0.0164718611662,0,2995.09536506,2.25107476062e-19,0.654038748855,0.0166040694048,18.6511115888,2.56,1,2.58441152573,0.604222028727,0.000101179456339,0,98.6666666667,True,sensor,0.2
case1,constant_optimized,0,1,1,1,3001,0.2,0.005,29.4155884743,32,32,3258.24015949,255.197128838,-1.15116648608,121.260565815,3391.02555603,3.4131630855e-10,1.87973551655e-19,0.653720589121,0.0166040694048,19.6648319319,1.69911229495,21.3639442268,-22.4827812471,0.390974304706,0.0054216558268,0.433085516812,0,2.65814037448e-11,0.997588127302,2.16319211322,1.69911229495,0.653720589121,0.0164718611662,0,2995.09536506,2.25107476062e-19,0.654038748855,0.0166040694048,18.6511115888,2.56,1,2.58441152573,0.582266931235,6.79533633568e-05,0,98.6666666667,True,sensor,0.2
case1,constant_optimized,0,1,1,1,3002,0.2,0.005,29.4155884743,32,32,3258.24015949,255.197128838,-1.15116648608,121.260565815,3391.02555603,3.4131630855e-10,1.87973551655e-19,0.653720589121,0.0166040694048,19.6648319319,1.69911229495,21.3639442268,-22.4827812471,0.390974304706,0.0054216558268,0.433085516812,0,2.65814037448e-11,0.997588127302,2.16319211322,1.69911229495,0.653720589121,0.0164718611662,0,2995.09536506,2.25107476062e-19,0.654038748855,0.0166040694048,18.6511115888,2.56,1,2.58441152573,0.603100438329,0.000192779105578,0,98.6666666667,True,sensor,0.2
case1,constant_optimized,0,1,1,1,3003,0.2,0.005,29.4155884743,32.2,32.2,3278.60416049,258.396708781,-1.17188444706,122.531449762,3413.29753506,3.44982709066e-10,1.89057753827e-19,0.6537088061,0.0166040694048,19.7391884732,1.82883019131,21.5680186645,-22.4103601667,0.390871507563,0.00545581522659,0.433085516812,0,2.6755486715e-11,0.997588127302,2.16319211322,1.82883019131,0.6537088061,0.0164506993355,0,2995.09536506,2.25107476062e-19,0.654038748855,0.0166040694048,18.6511115888,2.5921,1,2.78441152573,0.572114062732,9.61601308091e-05,0,98.6666666667,True,sensor,0.2
case1,constant_optimized,0,1,1,1,3004,0.2,0.005,29.4155884743,31.8,31.8,3237.8761585,252.017128639,-1.13072346144,119.994874875,3368.7676888,3.42197381542e-10,1.88651178012e-19,0.65373409285,0.0166040694048,19.5898975101,1.56914878421,21.1590462943,-22.5550000185,0.391078243843,0.00538751131369,0.433085516812,0,2.63931099198e-11,0.997588127302,2.16319211322,1.56914878421,0.65373409285,0.0164914823725,0,2995.09536506,2.25107476062e-19,0.654038748855,0.0166040694048,18.6511115888,2.5281,1,2.38441152573,0.634761535421,5.4043590905e-05,0,98.6666666667,True,sensor,0.2
case1,constant_optimized,0,1,1,1,3005,0.2,0.005,29.4155884743,32.2,32.2,3278.60416049,258.396708781,-1.17188444706,122.531449762,3413.29753506,3.44982709066e-10,1.89057753827e-19,0.6537088061,0.0166040694048,19.7391884732,1.82883019131,21.5680186645,-22.4103601667,0.390871507563,0.00545581522659,0.433085516812,0,2.6755486715e-11,0.997588127302,2.16319211322,1.82883019131,0.6537088061,0.0164506993355,0,2995.09536506,2.25107476062e-19,0.654038748855,0.0166040694048,18.6511115888,2.5921,1,2.78441152573,0.704327232763,6.24792930893e-05,0,98.6666666667,True,sensor,0.2
case1,constant_optimized,0,1,1,1,3006,0.2,0.005,29.4155884743,32,32,3258.24015949,255.197128838,-1.15116648608,121.260565815,3391.02555603,3.4131630855e-10,1.87973551655e-19,0.653720589121,0.0166040694048,19.6648319319,1.69911229495,21.3639442268,-22.4827812471,0.390974304706,0.0054216558268,0.433085516812,0,2.65814037448e-11,0.997588127302,2.16319211322,1.69911229495,0.653720589121,0.0164718611662,0,2995.09536506,2.25107476062e-19,0.654038748855,0.0166040694048,18.6511115888,2.56,1,2.58441152573,0.672199097945,8.01668147686e-05,0,98.6666666667,True,sensor,0.2
case1,constant_optimized,0,1,1,1,3007,0.2,0.005,29.4155884743,32.8,32.8,3339.69616348,268.11286392,-1.23598665576,126.3751623,3480.19787845,3.54773987965e-10,1.92716936159e-19,0.653683488141,0.0166040694048,19.9588268209,2.21653136654,22.1753581874,-22.191892886,0.390570064043,0.0055583852853,0.433085516812,0,2.72954991942e-11,0.997588127302,2.16319211322,2.21653136654,0.653683488141,0.0163780616366,0,2995.09536506,2.25107476062e-19,0.654038748855,0.0166040694048,18.6511115888,2.6896,1,3.38441152573,0.704834545005,8.92697924255e-05,0,98.6666666667,True,sensor,0.2
case1,constant_optimized,0,1,1,1,3008,0.2,0.005,29.4155884743,32.2,32.2,3278.60416049,258.396708781,-1.17188444706,122.531449762,3413.29753506,3.44982709066e-10,1.89057753827e-19,0.6537088061,0.0166040694048,19.7391884732,1.82883019131,21.5680186645,-22.4103601667,0.390871507563,0.00545581522659,0.433085516812,0,2.6755486715e-11,0.997588127302,2.16319211322,1.82883019131,0.6537088061,0.0164506993355,0,2995.09536506,2.25107476062e-19,0.654038748855,0.0166040694048,18.6511115888,2.5921,1,2.78441152573,0.614471333594,9.95092828555e-05,0,98.6666666667,True,sensor,0.2
case1,constant_optimized,0,1,1,1,3009,0.2,0.005,29.4155884743,32.2,32.2,3278.60416049,258.396708781,-1.17188444706,122.531449762,3413.29753506,3.44982709066e-10,1.89057753827e-19,0.6537088061,0.0166040694048,19.7391884732,1.82883019131,21.5680186645,-22.4103601667,0.390871507563,0.00545581522659,0.433085516812,0,2.6755486715e-11,0.997588127302,2.16319211322,1.82883019131,0.6537088061,0.0164506993355,0,2995.09536506,2.25107476062e-19,0.654038748855,0.0166040694048,18.6511115888,2.5921,1,2.78441152573,0.785711971061,9.79919176602e-05,0,98.6666666667,True,sensor,0.2
case1,constant_optimized,1,1,1,1,3000,0.2,0.005,28.0192695916,30.6,30.6,3115.69215252,232.617702622,-1.12557043836,118.348584911,3228.83569979,2.9439206628e-10,2.48688873314e-19,0.656673499256,0.0141074339428,19.1402845844,1.72103067712,20.8613152615,-22.0045357662,0.3916,0.00517240640859,0.442435445386,0,2.52171616921e-11,0.997588127302,1.96269867111,1.72103067712,0.656673499256,0.0139937917422,0,2852.92216947,2.75590639719e-19,0.65716974101,0.0141074339428,18.0744696047,2.3409,1,2.58073040843,0.605132315365,9.77594173556e-05,0,98.6666666667,True,sensor,0.2
case1,constant_optimized,1,1,1,1,3001,0.2,0.005,28.0192695916,30.6,30.6,3115.69215252,232.617702622,-1.12557043836,118.348584911,3228.83569979,2.9439206628e-10,2.48688873314e-19,0.656673499256,0.0141074339428,19.1402845844,1.72103067712,20.8613152615,-22.0045357662,0.3916,0.00517240640859,0.442435445386,0,2.52171616921e-11,0.997588127302,1.96269867111,1.72103067712,0.656673499256,0.0139937917422,0,2852.92216947,2.75590639719e-19,0.65716974101,0.0141074339428,18.0744696047,2.3409,1,2.58073040843,0.582268070497,6.23162092073e-05,0,98.6666666667,True,sensor,0.2
case1,constant_optimized,1,1,1,1,3002,0.2,0.005,28.0192695916,30.6,30.6,3115.69215252,232.617702622,-1.12557043836,118.348584911,3228.83569979,2.9439206628e-10,2.48688873314e-19,0.656673499256,0.0141074339428,19.1402845844,1.72103067712,20.8613152615,-22.0045357662,0.3916,0.00517240640859,0.442435445386,0,2.52171616921e-11,0.997588127302,1.96269867111,1.72103067712,0.656673499256,0.0139937917422,0,2852.92216947,2.75590639719e-19,0.65716974101,0.0141074339428,18.0744696047,2.3409,1,2.58073040843,0.603102548586,0.000140350500231,0,98.6666666667,True,sensor,0.2
case1,constant_optimized,1,1,1,1,3003,0.2,0.005,28.0192695916,30.6,30.6,3115.69215252,232.617702622,-1.12557043836,118.348584911,3228.83569979,2.9439206628e-10,2.48688873314e-19,0.656673499256,0.0141074339428,19.1402845844,1.72103067712,20.8613152615,-22.0045357662,0.3916,0.00517240640859,0.442435445386,0,2.52171616921e-11,0.997588127302,1.96269867111,1.72103067712,0.656673499256,0.0139937917422,0,2852.92216947,2.75590639719e-19,0.65716974101,0.0141074339428,18.0744696047,2.3409,1,2.58073040843,0.572114067708,9.630508931e-05,0,98.6666666667,True,sensor,0.2
case1,constant_optimized,1,1,1,1,3004,0.2,0.005,28.0192695916,30.6,30.6,3115.69215252,232.617702622,-1.12557043836,118.348584911,3228.83569979,2.9439206628e-10,2.48688873314e-19,0.656673499256,0.0141074339428,19.1402845844,1.72103067712,20.8613152615,-22.0045357662,0.3916,0.00517240640859,0.442435445386,0,2.52171616921e-11,0.997588127302,1.96269867111,1.72103067712,0.656673499256,0.0139937917422,0,2852.92216947,2.75590639719e-19,0.65716974101,0.0141074339428,18.0744696047,2.3409,1,2.58073040843,0.634761615047,5.40003892285e-05,0,98.6666666667,True,sensor,0.2
case1,constant_optimized,1,1,1,1,3005,0.2,0.005,28.0192695916,30.6,30.6,3115.69215252,232.617702622,-1.12557043836,118.348584911,3228.83569979,2.9439206628e-10,2.48688873314e-19,0.656673499256,0.0141074339428,19.1402845844,1.72103067712,20.8613152615,-22.0045357662,0.3916,0.00517240640859,0.442435445386,0,2.52171616921e-11,0.997588127302,1.96269867111,1.72103067712,0.656673499256,0.0139937917422,0,2852.92216947,2.75590639719e-19,0.65716974101,0.0141074339428,18.0744696047,2.3409,1,2.58073040843,0.704329349789,6.11267147548e-05,0,98.6666666667,True,sensor,0.2
case1,constant_optimized,1,1,1,1,3006,0.2,0.005,28.0192695916,30.4,30.4,3095.32815152,229.584477314,-1.10598756383,117.082048018,3206.72459325,2.9213254038e-10,2.42996811908e-19,0.656699928085,0.0141074339428,19.0613384793,1.58930443301,20.6506429123,-22.075089825,0.3916,0.00513843364879,0.442435445386,0,2.50324205808e-11,0.997588127302,1.96269867111,1.58930443301,0.656699928085,0.0140106757465,0,2852.92216947,2.75590639719e-19,0.65716974101,0.0141074339428,18.0744696047,2.3104,1,2.38073040843,0.67219910462,5.72082278289e-05,0,98.6666666667,True,sensor,0.2
case1,constant_optimized,1,1,1,1,3007,0.2,0.005,28.0192695916,30.4,30.4,3095.32815152,229.584477314,-1.10598756383,117.082048018,3206.72459325,2.9213254038e-10,2.42996811908e-19,0.656699928085,0.0141074339428,19.0613384793,1.58930443301,20.6506429123,-22.075089825,0.3916,0.00513843364879,0.442435445386,0,2.50324205808e-11,0.997588127302,1.96269867111,1.58930443301,0.656699928085,0.0140106757465,0,2852.92216947,2.75590639719e-19,0.65716974101,0.0141074339428,18.0744696047,2.3104,1,2.38073040843,0.625951261371,8.98009877531e-05,0,98.6666666667,True,sensor,0.2
case1,constant_optimized,1,1,1,1,3008,0.2,0.005,28.0192695916,30.4,30.4,3095.32815152,229.584477314,-1.10598756383,117.082048018,3206.72459325,2.9213254038e-10,2.42996811908e-19,0.656699928085,0.0141074339428,19.0613384793,1.58930443301,20.6506429123,-22.075089825,0.3916,0.00513843364879,0.442435445386,0,2.50324205808e-11,0.997588127302,1.96269867111,1.58930443301,0.656699928085,0.0140106757465,0,2852.92216947,2.75590639719e-19,0.65716974101,0.0141074339428,18.0744696047,2.3104,1,2.38073040843,0.614473529358,9.41267585749e-05,0,98.6666666667,True,sensor,0.2
case1,constant_optimized,1,1,1,1,3009,0.2,0.005,28.0192695916,30.6,30.6,3115.69215252,232.617702622,-1.12557043836,118.348584911,3228.83569979,2.9439206628e-10,2.48688873314e-19,0.656673499256,0.0141074339428,19.1402845844,1.72103067712,20.8613152615,-22.0045357662,0.3916,0.00517240640859,0.442435445386,0,2.52171616921e-11,0.997588127302,1.96269867111,1.72103067712,0.656673499256,0.0139937917422,0,2852.92216947,2.75590639719e-19,0.65716974101,0.0141074339428,18.0744696047,2.3409,1,2.58073040843,0.659564367578,7.21576954104e-05,0,98.6666666667,True,sensor,0.2
case2,constant_hold,-1,1,1,1,3000,0.2,0.005,6.34014691114,8.6,8.6,994.269985136,16.7127682054,-0.358215768297,46.3318830899,964.292654483,3.9243275296e-11,1.11588120471e-19,0.731707979283,0.000146137242888,9.28047331319,2.77183237668,12.0523056899,-9.40268324185,0.3916,0.00141838743182,0.642693965085,0,4.48885373316e-12,1,0.100493657137,2.77183237668,0.731707979283,0.000144460242374,0,733.002066872,1.16873606062e-19,0.74098439928,0.000146137242888,7.02770254951,0.1849,1,2.25985308886,0.59516647655,3.87842615605e-06,0,98.6666666667,True,sensor,0.2
case2,constant_hold,-1,1,1,1,3001,0.2,0.005,6.34014691114,8.8,8.8,1017.39254293,17.5125220624,-0.367491869923,47.6479818802,986.889591242,4.05648847845e-11,1.16043513774e-19,0.731043705382,0.000146137242888,9.4749073351,3.00377787432,12.4786852094,-9.3672771981,0.3916,0.00145092136378,0.642693965085,0,4.6664894171e-12,1,0.100493657137,3.00377787432,0.731043705382,0.000144156664813,0,733.002066872,1.17906986258e-19,0.74098439928,0.000146137242888,7.02770254951,0.1936,1,2.45985308886,0.573370255253,1.91043347071e-06,0,98.6666666667,True,sensor,0.2
case2,constant_hold,-1,1,1,1,3002,0.2,0.005,6.34014691114,8.8,8.8,1017.39254293,17.5125220624,-0.367491869923,47.6479818802,986.889591242,4.05648847845e-11,1.16043513774e-19,0.731043705382,0.000146137242888,9.4749073351,3.00377787432,12.4786852094,-9.3672771981,0.3916,0.00145092136378,0.642693965085,0,4.6664894171e-12,1,0.100493657137,3.00377787432,0.731043705382,0.000144156664813,0,733.002066872,1.17906986258e-19,0.74098439928,0.000146137242888,7.02770254951,0.1936,1,2.45985308886,0.538428900721,2.99816143019e-06,0,98.6666666667,True,sensor,0.2
case2,constant_hold,-1,1,1,1,3003,0.2,0.005,6.34014691114,8.8,8.8,1017.39254293,17.5125220624,-0.367491869923,47.6479818802,986.889591242,4.05648847845e-11,1.16043513774e-19,0.731043705382,0.000146137242888,9.4749073351,3.00377787432,12.4786852094,-9.3672771981,0.3916,0.00145092136378,0.642693965085,0,4.6664894171e-12,1,0.100493657137,3.00377787432,0.731043705382,0.000144156664813,0,733.002066872,1.17906986258e-19,0.74098439928,0.000146137242888,7.02770254951,0.1936,1,2.45985308886,0.572114121483,5.7982255338e-06,0,98.6666666667,True,sensor,0.2
case2,constant_hold,-1,1,1,1,3004,0.2,0.005,6.34014691114,8.6,8.6,994.269985136,16.7127682054,-0.358215768297,46.3318830899,964.292654483,3.9243275296e-11,1.11588120471e-19,0.731707979283,0.000146137242888,9.28047331319,2.77183237668,12.0523056899,-9.40268324185,0.3916,0.00141838743182,0.642693965085,0,4.48885373316e-12,1,0.100493657137,2.77183237668,0.731707979283,0.000144460242374,0,733.002066872,1.16873606062e-19,0.74098439928,0.000146137242888,7.02770254951,0.1849,1,2.25985308886,0.634763625031,4.7797424062e-06,0,98.6666666667,True,sensor,0.2
case2,constant_hold,-1,1,1,1,3005,0.2,0.005,6.34014691114,8.8,8.8,1017.39254293,17.5125220624,-0.367491869923,47.6479818802,986.889591242,4.05648847845e-11,1.16043513774e-19,0.731043705382,0.000146137242888,9.4749073351,3.00377787432,12.4786852094,-9.3672771981,0.3916,0.00145092136378,0.642693965085,0,4.6664894171e-12,1,0.100493657137,3.00377787432,0.731043705382,0.000144156664813,0,733.002066872,1.17906986258e-19,0.74098439928,0.000146137242888,7.02770254951,0.1936,1,2.45985308886,0.624338294678,4.93392574171e-06,0,98.6666666667,True,sensor,0.2
case2,constant_hold,-1,1,1,1,3006,0.2,0.005,6.34014691114,8.8,8.8,1017.39254293,17.5125220624,-0.367491869923,47.6479818802,986.889591242,4.05648847845e-11,1.16043513774e-19,0.731043705382,0.000146137242888,9.4749073351,3.00377787432,12.4786852094,-9.3672771981,0.3916,0.00145092136378,0.642693965085,0,4.6664894171e-12,1,0.100493657137,3.00377787432,0.731043705382,0.000144156664813,0,733.002066872,1.17906986258e-19,0.74098439928,0.000146137242888,7.02770254951,0.1936,1,2.45985308886,0.67219916557,3.21267023273e-06,0,98.6666666667,True,sensor,0.2
case2,constant_hold,-1,1,1,1,3007,0.2,0.005,6.34014691114,8.6,8.6,994.269985136,16.7127682054,-0.358215768297,46.3318830899,964.292654483,3.9243275296e-11,1.11588120471e-19,0.731707979283,0.000146137242888,9.28047331319,2.77183237668,12.0523056899,-9.40268324185,0.3916,0.00141838743182,0.642693965085,0,4.48885373316e-12,1,0.100493657137,2.77183237668,0.731707979283,0.000144460242374,0,733.002066872,1.16873606062e-19,0.74098439928,0.000146137242888,7.02770254951,0.1849,1,2.25985308886,0.542159670326,3.52758430368e-06,0,98.6666666667,True,sensor,0.2
case2,constant_hold,-1,1,1,1,3008,0.2,0.005,6.34014691114,8.6,8.6,994.269985136,16.7127682054,-0.358215768297,46.3318830899,964.292654483,3.9243275296e-11,1.11588120471e-19,0.731707979283,0.000146137242888,9.28047331319,2.77183237668,12.0523056899,-9.40268324185,0.3916,0.00141838743182,0.642693965085,0,4.48885373316e-12,1,0.100493657137,2.77183237668,0.731707979283,0.000144460242374,0,733.002066872,1.16873606062e-19,0.74098439928,0.000146137242888,7.02770254951,0.1849,1,2.25985308886,0.54322298935,1.95931823426e-06,0,98.6666666667,True,sensor,0.2
case2,constant_hold,-1,1,1,1,3009,0.2,0.005,6.34014691114,8.8,8.8,1017.39254293,17.5125220624,-0.367491869923,47.6479818802,986.889591242,4.05648847845e-11,1.16043513774e-19,0.731043705382,0.000146137242888,9.4749073351,3.00377787432,12.4786852094,-9.3672771981,0.3916,0.00145092136378,0.642693965085,0,4.6664894171e-12,1,0.100493657137,3.00377787432,0.731043705382,0.000144156664813,0,733.002066872,1.17906986258e-19,0.74098439928,0.000146137242888,7.02770254951,0.1936,1,2.45985308886,0.548454123525,6.54688762827e-06,0,98.6666666667,True,sensor,0.2
case2,constant_hold,0,1,1,1,3000,0.2,0.005,5.60608956814,8,8,924.902311754,14.3768565031,-0.333088835478,44.0037620074,894.942317415,3.42765815731e-11,7.77576245579e-20,0.736206492297,9.52752847762e-05,8.7155083412,3.02677532202,11.7422836632,-8.50792841393,0.3916,0.00131838323618,0.654533343384,0,3.95061761083e-12,1,0.078570600615,3.02677532202,0.736206492297,9.40082480235e-05,0,648.135650184,8.93958572532e-20,0.7473794167,9.52752847762e-05,6.29774785598,0.16,1,2.39391043186,0.59516648092,3.9045974944e-06,0,98.6666666667,True,sensor,0.2
case2,constant_hold,0,1,1,1,3001,0.2,0.005,5.60608956814,7.8,7.8,901.779753961,13.654634127,-0.323930979475,42.6868777411,872.423579367,3.33955085807e-11,8.08747058038e-20,0.73696572112,9.52752847762e-05,8.51770049313,2.78710915712,11.3048096502,-8.54090078049,0.3916,0.00128584944892,0.654533343384,0,3.78008735424e-12,1,0.078570600615,2.78710915712,0.73696572112,9.42075063324e-05,0,648.135650184,8.93958572532e-20,0.7473794167,9.52752847762e-05,6.29774785598,0.1521,1,2.19391043186,0.573370257241,1.92263202059e-06,0,98.6666666667,True,sensor,0.2
case2,constant_hold,0,1,1,1,3002,0.2,0.005,5.60608956814,8,8,924.902311754,14.3768565031,-0.333088835478,44.0037620074,894.942317415,3.42765815731e-11,7.77576245579e-20,0.736206492297,9.52752847762e-05,8.7155083412,3.02677532202,11.7422836632,-8.50792841393,0.3916,0.00131838323618,0.654533343384,0,3.95061761083e-12,1,0.078570600615,3.02677532202,0.736206492297,9.40082480235e-05,0,648.135650184,8.93958572532e-20,0.7473794167,9.52752847762e-05,6.29774785598,0.16,1,2.39391043186,0.53842890171,3.01822906972e-06,0,98.6666666667,True,sensor,0.2
case2,constant_hold,0,1,1,1,3003,0.2,0.005,5.60608956814,8,8,924.902311754,14.3768565031,-0.333088835478,44.0037620074,894.942317415,3.42765815731e-11,7.77576245579e-20,0.736206492297,9.52752847762e-05,8.7155083412,3.02677532202,11.7422836632,-8.50792841393,0.3916,0.00131838323618,0.654533343384,0,3.95061761083e-12,1,0.078570600615,3.02677532202,0.736206492297,9.40082480235e-05,0,648.135650184,8.93958572532e-20,0.7473794167,9.52752847762e-05,6.29774785598,0.16,1,2.39391043186,0.572114123058,2.91517128272e-06,0,98.6666666667,True,sensor,0.2
case2,constant_hold,0,1,1,1,3004,0.2,0.005,5.60608956814,8,8,924.902311754,14.3768565031,-0.333088835478,44.0037620074,894.942317415,3.42765815731e-11,7.77576245579e-20,0.736206492297,9.52752847762e-05,8.7155083412,3.02677532202,11.7422836632,-8.50792841393,0.3916,0.00131838323618,0.654533343384,0,3.95061761083e-12,1,0.078570600615,3.02677532202,0.736206492297,9.40082480235e-05,0,648.135650184,8.93958572532e-20,0.7473794167,9.52752847762e-05,6.29774785598,0.16,1,2.39391043186,0.634763641349,4.81378247523e-06,0,98.6666666667,True,sensor,0.2
case2,constant_hold,0,1,1,1,3005,0.2,0.005,5.60608956814,8,8,924.902311754,14.3768565031,-0.333088835478,44.0037620074,894.942317415,3.42765815731e-11,7.77576245579e-20,0.736206492297,9.52752847762e-05,8.7155083412,3.02677532202,11.7422836632,-8.50792841393,0.3916,0.00131838323618,0.654533343384,0,3.95061761083e-12,1,0.078570600615,3.02677532202,0.736206492297,9.40082480235e-05,0,648.135650184,8.93958572532e-20,0.7473794167,9.52752847762e-05,6.29774785598,0.16,1,2.39391043186,0.624338306112,4.34007930765e-06,0,98.6666666667,True,sensor,0.2
case2,constant_hold,0,1,1,1,3006,0.2,0.005,5.60608956814,8,8,924.902311754,14.3768565031,-0.333088835478,44.0037620074,894.942317415,3.42765815731e-11,7.77576245579e-20,0.736206492297,9.52752847762e-05,8.7155083412,3.02677532202,11.7422836632,-8.50792841393,0.3916,0.00131838323618,0.654533343384,0,3.95061761083e-12,1,0.078570600615,3.02677532202,0.736206492297,9.40082480235e-05,0,648.135650184,8.93958572532e-20,0.7473794167,9.52752847762e-05,6.29774785598,0.16,1,2.39391043186,0.672199166602,3.2314131385e-06,0,98.6666666667,True,sensor,0.2
case2,constant_hold,0,1,1,1,3007,0.2,0.005,5.60608956814,8,8,924.902311754,14.3768565031,-0.333088835478,44.0037620074,894.942317415,3.42765815731e-11,7.77576245579e-20,0.736206492297,9.52752847762e-05,8.7155083412,3.02677532202,11.7422836632,-8.50792841393,0.3916,0.00131838323618,0.654533343384,0,3.95061761083e-12,1,0.078570600615,3.02677532202,0.736206492297,9.40082480235e-05,0,648.135650184,8.93958572532e-20,0.7473794167,9.52752847762e-05,6.29774785598,0.16,1,2.39391043186,0.536492972685,3.55078333386e-06,0,98.6666666667,True,sensor,0.2
case2,constant_hold,0,1,1,1,3008,0.2,0.005,5.60608956814,8,8,924.902311754,14.3768565031,-0.333088835478,44.0037620074,894.942317415,3.42765815731e-11,7.77576245579e-20,0.736206492297,9.52752847762e-05,8.7155083412,3.02677532202,11.7422836632,-8.50792841393,0.3916,0.00131838323618,0.654533343384,0,3.95061761083e-12,1,0.078570600615,3.02677532202,0.736206492297,9.40082480235e-05,0,648.135650184,8.93958572532e-20,0.7473794167,9.52752847762e-05,6.29774785598,0.16,1,2.39391043186,0.543222990207,1.51728448159e-06,0,98.6666666667,True,sensor,0.2
case2,constant_hold,0,1,1,1,3009,0.2,0.005,5.60608956814,8,8,924.902311754,14.3768565031,-0.333088835478,44.0037620074,894.942317415,3.42765815731e-11,7.77576245579e-20,0.736206492297,9.52752847762e-05,8.7155083412,3.02677532202,11.7422836632,-8.50792841393,0.3916,0.00131838323618,0.654533343384,0,3.95061761083e-12,1,0.078570600615,3.02677532202,0.736206492297,9.40082480235e-05,0,648.135650184,8.93958572532e-20,0.7473794167,9.52752847762e-05,6.29774785598,0.16,1,2.39391043186,0.548454281406,4.23656822626e-06,0,98.6666666667,True,sensor,0.2
case2,constant_hold,1,1,1,1,3000,0.2,0.005,4.89729376435,7.2,7.2,832.412080579,11.5601826802,-0.298543278305,40.2041073215,803.469612659,2.69508859674e-11,7.28448334639e-20,0.74178787075,5.84510652101e-05,7.94261623259,3.01964494516,10.9622611777,-7.63827525629,0.3916,0.00118606775122,0.666499015568,0,3.27560201185e-12,1,0.0599587155359,3.01964494516,0.74178787075,5.77048528224e-05,0,566.189790499,9.22927099328e-20,0.754335254167,5.84510652101e-05,5.58318622501,0.1296,1,2.30270623565,0.595166485155,3.93090023702e-06,0,98.6666666667,True,sensor,0.2
case2,constant_hold,1,1,1,1,3001,0.2,0.005,4.89729376435,7.2,7.2,832.412080579,11.5601826802,-0.298543278305,40.2041073215,803.469612659,2.69508859674e-11,7.28448334639e-20,0.74178787075,5.84510652101e-05,7.94261623259,3.01964494516,10.9622611777,-7.63827525629,0.3916,0.00118606775122,0.666499015568,0,3.27560201185e-12,1,0.0599587155359,3.01964494516,0.74178787075,5.77048528224e-05,0,566.189790499,9.22927099328e-20,0.754335254167,5.84510652101e-05,5.58318622501,0.1296,1,2.30270623565,0.573370259087,1.93487968841e-06,0,98.6666666667,True,sensor,0.2
case2,constant_hold,1,1,1,1,3002,0.2,0.005,4.89729376435,7.2,7.2,832.412080579,11.5601826802,-0.298543278305,40.2041073215,803.469612659,2.69508859674e-11,7.28448334639e-20,0.74178787075,5.84510652101e-05,7.94261623259,3.01964494516,10.9622611777,-7.63827525629,0.3916,0.00118606775122,0.666499015568,0,3.27560201185e-12,1,0.0599587155359,3.01964494516,0.74178787075,5.77048528224e-05,0,566.189790499,9.22927099328e-20,0.754335254167,5.84510652101e-05,5.58318622501,0.1296,1,2.30270623565,0.538428902585,2.09803996197e-06,0,98.6666666667,True,sensor,0.2
case2,constant_hold,1,1,1,1,3003,0.2,0.005,4.89729376435,7.2,7.2,832.412080579,11.5601826802,-0.298543278305,40.2041073215,803.469612659,2.69508859674e-11,7.28448334639e-20,0.74178787075,5.84510652101e-05,7.94261623259,3.01964494516,10.9622611777,-7.63827525629,0.3916,0.00118606775122,0.666499015568,0,3.27560201185e-12,1,0.0599587155359,3.01964494516,0.74178787075,5.77048528224e-05,0,566.189790499,9.22927099328e-20,0.754335254167,5.84510652101e-05,5.58318622501,0.1296,1,2.30270623565,0.572114124553,1.77664979147e-06,0,98.6666666667,True,sensor,0.2
case2,constant_hold,1,1,1,1,3004,0.2,0.005,4.89729376435,7.2,7.2,832.412080579,11.5601826802,-0.298543278305,40.2041073215,803.469612659,2.69508859674e-11,7.28448334639e-20,0.74178787075,5.84510652101e-05,7.94261623259,3.01964494516,10.9622611777,-7.63827525629,0.3916,0.00118606775122,0.666499015568,0,3.27560201185e-12,1,0.0599587155359,3.01964494516,0.74178787075,5.77048528224e-05,0,566.189790499,9.22927099328e-20,0.754335254167,5.84510652101e-05,5.58318622501,0.1296,1,2.30270623565,0.595317770355,3.86681956391e-06,0,98.6666666667,True,sensor,0.2
case2,constant_hold,1,1,1,1,3005,0.2,0.005,4.89729376435,7.4,7.4,855.534638373,12.2239935326,-0.307634935167,41.5304334149,825.920563555,2.75477418654e-11,8.10779937112e-20,0.74094230294,5.84510652101e-05,8.14288662398,3.26552576295,11.4084123869,-7.60722702109,0.3916,0.00121859275934,0.666499015568,0,3.43725048424e-12,1,0.0599587155359,3.26552576295,0.74094230294,5.75728854474e-05,0,566.189790499,9.22927099328e-20,0.754335254167,5.84510652101e-05,5.58318622501,0.1369,1,2.50270623565,0.624338317602,2.94039877464e-06,0,98.6666666667,True,sensor,0.2
case2,constant_hold,1,1,1,1,3006,0.2,0.005,4.89729376435,7.2,7.2,832.412080579,11.5601826802,-0.298543278305,40.2041073215,803.469612659,2.69508859674e-11,7.28448334639e-20,0.74178787075,5.84510652101e-05,7.94261623259,3.01964494516,10.9622611777,-7.63827525629,0.3916,0.00118606775122,0.666499015568,0,3.27560201185e-12,1,0.0599587155359,3.01964494516,0.74178787075,5.77048528224e-05,0,566.189790499,9.22927099328e-20,0.754335254167,5.84510652101e-05,5.58318622501,0.1296,1,2.30270623565,0.672199167497,3.14989905882e-06,0,98.6666666667,True,sensor,0.2
case2,constant_hold,1,1,1,1,3007,0.2,0.005,4.89729376435,7.2,7.2,832.412080579,11.5601826802,-0.298543278305,40.2041073215,803.469612659,2.69508859674e-11,7.28448334639e-20,0.74178787075,5.84510652101e-05,7.94261623259,3.01964494516,10.9622611777,-7.63827525629,0.3916,0.00118606775122,0.666499015568,0,3.27560201185e-12,1,0.0599587155359,3.01964494516,0.74178787075,5.77048528224e-05,0,566.189790499,9.22927099328e-20,0.754335254167,5.84510652101e-05,5.58318622501,0.1296,1,2.30270623565,0.53649307153,3.47380206639e-06,0,98.6666666667,True,sensor,0.2
case2,constant_hold,1,1,1,1,3008,0.2,0.005,4.89729376435,7.2,7.2,832.412080579,11.5601826802,-0.298543278305,40.2041073215,803.469612659,2.69508859674e-11,7.28448334639e-20,0.74178787075,5.84510652101e-05,7.94261623259,3.01964494516,10.9622611777,-7.63827525629,0.3916,0.00118606775122,0.666499015568,0,3.27560201185e-12,1,0.0599587155359,3.01964494516,0.74178787075,5.77048528224e-05,0,566.189790499,9.22927099328e-20,0.754335254167,5.84510652101e-05,5.58318622501,0.1296,1,2.30270623565,0.543222990949,1.13559781698e-06,0,98.6666666667,True,sensor,0.2
case2,constant_hold,1,1,1,1,3009,0.2,0.005,4.89729376435,7.2,7.2,832.412080579,11.5601826802,-0.298543278305,40.2041073215,803.469612659,2.69508859674e-11,7.28448334639e-20,0.74178787075,5.84510652101e-05,7.94261623259,3.01964494516,10.9622611777,-7.63827525629,0.3916,0.00118606775122,0.666499015568,0,3.27560201185e-12,1,0.0599587155359,3.01964494516,0.74178787075,5.77048528224e-05,0,566.189790499,9.22927099328e-20,0.754335254167,5.84510652101e-05,5.58318622501,0.1296,1,2.30270623565,0.548454432618,2.21365985926e-06,0,98.6666666667,True,sensor,0.2
case2,constant_optimized,-1,1,1,1,3000,0.2,0.005,93.3631731808,-1,98.6666666667,0,2209.65048465,-0.167364593925,478.394903096,1731.08821696,-9.26547727431e-12,9.66989075618e-17,0.591993894145,0.169079857817,8.77936751658,0.51748718187,9.15554486324,-4.81419964008,0.308705765899,0.012354685483,0.625060585585,0,9.29919252712e-10,0,19.0089519542,,,,,0,1.04740977176e-16,0.591993894145,0.169079857817,8.77936751658,-1,0,0,0.667362861287,0.000734049835064,0,98.6666666667,False,sensor,0.2
case2,constant_optimized,-1,1,1,1,3001,0.2,0.005,93.3631731808,98.4,98.4,0,2201.11887858,-0.11112008817,476.767928434,1724.23983006,-9.54969436862e-12,1.01424402731e-16,0.591993894145,0.169079857817,8.77936751658,0.491676033357,9.1347229473,-4.84321577977,0.309061053252,0.0123437365791,0.625060585585,0,9.29919252712e-10,0,19.0089519542,0.491676033357,0.607174901538,0.168316872439,0,0,1.04740977176e-16,0.591993894145,0.169079857817,8.77936751658,20.52,1,5.03682681918,0.840775582516,0.000593842160619,0,98.6666666667,True,sensor,0.2
case2,constant_optimized,-1,1,1,1,3002,0.2,0.005,93.3631731808,-1,98.6666666667,0,2209.65048465,-0.167364593925,478.394903096,1731.08821696,-9.26547727431e-12,9.66989075618e-17,0.591993894145,0.169079857817,8.77936751658,0.51748718187,9.15554486324,-4.81419964008,0.308705765899,0.012354685483,0.625060585585,0,9.29919252712e-10,0,19.0089519542,,,,,0,1.04740977176e-16,0.591993894145,0.169079857817,8.77936751658,-1,0,0,0.641641964228,0.000845746071923,0,98.6666666667,False,sensor,0.2
case2,constant_optimized,-1,1,1,1,3003,0.2,0.005,93.3631731808,-1,98.6666666667,0,2209.65048465,-0.167364593925,478.394903096,1731.08821696,-9.26547727431e-12,9.66989075618e-17,0.591993894145,0.169079857817,8.77936751658,0.51748718187,9.15554486324,-4.81419964008,0.308705765899,0.012354685483,0.625060585585,0,9.29919252712e-10,0,19.0089519542,,,,,0,1.04740977176e-16,0.591993894145,0.169079857817,8.77936751658,-1,0,0,0.884039485692,0.000494217250255,0,98.6666666667,False,sensor,0.2
case2,constant_optimized,-1,1,1,1,3004,0.2,0.005,93.3631731808,-1,98.6666666667,0,2209.65048465,-0.167364593925,478.394903096,1731.08821696,-9.26547727431e-12,9.66989075618e-17,0.591993894145,0.169079857817,8.77936751658,0.51748718187,9.15554486324,-4.81419964008,0.308705765899,0.012354685483,0.625060585585,0,9.29919252712e-10,0,19.0089519542,,,,,0,1.04740977176e-16,0.591993894145,0.169079857817,8.77936751658,-1,0,0,0.634762174323,0.00081397139064,0,98.6666666667,False,sensor,0.2
case2,constant_optimized,-1,1,1,1,3005,0.2,0.005,93.3631731808,-1,98.6666666667,0,2209.65048465,-0.167364593925,478.394903096,1731.08821696,-9.26547727431e-12,9.66989075618e-17,0.591993894145,0.169079857817,8.77936751658,0.51748718187,9.15554486324,-4.81419964008,0.308705765899,0.012354685483,0.625060585585,0,9.29919252712e-10,0,19.0089519542,,,,,0,1.04740977176e-16,0.591993894145,0.169079857817,8.77936751658,-1,0,0,0.731251585129,0.00087791851931,0,98.6666666667,False,sensor,0.2
case2,constant_optimized,-1,1,1,1,3006,0.2,0.005,93.3631731808,-1,98.6666666667,0,2209.65048465,-0.167364593925,478.394903096,1731.08821696,-9.26547727431e-12,9.66989075618e-17,0.591993894145,0.169079857817,8.77936751658,0.51748718187,9.15554486324,-4.81419964008,0.308705765899,0.012354685483,0.625060585585,0,9.29919252712e-10,0,19.0089519542,,,,,0,1.04740977176e-16,0.591993894145,0.169079857817,8.77936751658,-1,0,0,0.679695100468,0.000588173776823,0,98.6666666667,False,sensor,0.2
case2,constant_optimized,-1,1,1,1,3007,0.2,0.005,93.3631731808,-1,98.6666666667,0,2209.65048465,-0.167364593925,478.394903096,1731.08821696,-9.26547727431e-12,9.66989075618e-17,0.591993894145,0.169079857817,8.77936751658,0.51748718187,9.15554486324,-4.81419964008,0.308705765899,0.012354685483,0.625060585585,0,9.29919252712e-10,0,19.0089519542,,,,,0,1.04740977176e-16,0.591993894145,0.169079857817,8.77936751658,-1,0,0,0.761241812288,0.000655266313692,0,98.6666666667,False,sensor,0.2
case2,constant_optimized,-1,1,1,1,3008,0.2,0.005,93.3631731808,-1,98.6666666667,0,2209.65048465,-0.167364593925,478.394903096,1731.08821696,-9.26547727431e-12,9.66989075618e-17,0.591993894145,0.169079857817,8.77936751658,0.51748718187,9.15554486324,-4.81419964008,0.308705765899,0.012354685483,0.625060585585,0,9.29919252712e-10,0,19.0089519542,,,,,0,1.04740977176e-16,0.591993894145,0.169079857817,8.77936751658,-1,0,0,0.764988879119,0.000559834632326,0,98.6666666667,False,sensor,0.2
case2,constant_optimized,-1,1,1,1,3009,0.2,0.005,93.3631731808,-1,98.6666666667,0,2209.65048465,-0.167364593925,478.394903096,1731.08821696,-9.26547727431e-12,9.66989075618e-17,0.591993894145,0.169079857817,8.77936751658,0.51748718187,9.15554486324,-4.81419964008,0.308705765899,0.012354685483,0.625060585585,0,9.29919252712e-10,0,19.0089519542,,,,,0,1.04740977176e-16,0.591993894145,0.169079857817,8.77936751658,-1,0,0,0.785608646846,0.000525680299819,0,98.6666666667,False,sensor,0.2
case2,constant_optimized,0,1,1,1,3000,0.2,0.005,84.7245963216,90.2,90.2,0,1929.566841,-0.938426982653,443.80651294,1484.82190108,1.02488684206e-10,6.0626417081e-17,0.59647254395,0.135272828288,8.83425937547,0.565012656416,9.38672006412,-4.85518523405,0.323234958824,0.0119824173136,0.63677214954,0,9.73757963152e-10,0,16.4173788965,0.565012656416,0.610325729919,0.134507352155,0,0,6.0626417081e-17,0.59647254395,0.135272828288,8.82917371192,18.06,1,5.47540367842,0.667396617517,0.000578971486994,0,98.6666666667,True,sensor,0.2
case2,constant_optimized,0,1,1,1,3001,0.2,0.005,84.7245963216,91.2,91.2,0,1961.50000881,-1.14131613453,449.929865982,1510.4288267,1.00612851384e-10,6.79306871171e-17,0.59647254395,0.135272828288,8.83425937547,0.665872438954,9.47984575619,-4.74871579631,0.321877661012,0.012020784576,0.63677214954,0,9.73757963152e-10,0,16.4173788965,0.665872438954,0.610753148619,0.134205231741,0,0,6.79306871171e-17,0.59647254395,0.135272828288,8.82917371192,18.36,1,6.47540367842,0.840830741695,0.000436510834592,0,98.6666666667,True,sensor,0.2
case2,constant_optimized,0,1,1,1,3002,0.2,0.005,84.7245963216,90,90,0,1923.17842484,-0.898157813112,442.584266467,1479.69600056,1.03682396002e-10,5.91204602635e-17,0.59647254395,0.135272828288,8.83425937547,0.544760803048,9.36781504044,-4.87646512959,0.323506176018,0.0119747920827,0.63677214954,0,9.73757963152e-10,0,16.4173788965,0.544760803048,0.610239855016,0.134561886001,0,0,5.91204602635e-17,0.59647254395,0.135272828288,8.82917371192,18,1,5.27540367842,0.641648032222,0.000686214678459,0,98.6666666667,True,sensor,0.2
case2,constant_optimized,0,1,1,1,3003,0.2,0.005,84.7245963216,91.8,91.8,0,1980.6528578,-1.26426022451,453.613536671,1525.7750609,9.99875737762e-11,7.19942768596e-17,0.59647254395,0.135272828288,8.83425937547,0.726078499179,9.53465198962,-4.68478350714,0.321062265398,0.0120440013022,0.63677214954,0,9.73757963152e-10,0,16.4173788965,0.726078499179,0.611008086579,0.134000588836,0,0,7.19942768596e-17,0.59647254395,0.135272828288,8.82917371192,18.54,1,7.07540367842,0.884118694388,0.00035549820105,0,98.6666666667,True,sensor,0.2
case2,constant_optimized,0,1,1,1,3004,0.2,0.005,84.7245963216,91.6,91.6,0,1974.26915744,-1.22317953137,452.384843927,1520.66113398,9.99307303573e-11,7.09713321098e-17,0.59647254395,0.135272828288,8.83425937547,0.70603499492,9.5164691783,-4.70609815082,0.321334151833,0.0120362458048,0.63677214954,0,9.73757963152e-10,0,16.4173788965,0.70603499492,0.610923230035,0.134070738109,0,0,7.09713321098e-17,0.59647254395,0.135272828288,8.82917371192,18.48,1,6.87540367842,0.634762259029,0.0006207156725,0,98.6666666667,True,sensor,0.2
case2,constant_optimized,0,1,1,1,3005,0.2,0.005,84.7245963216,90.8,90.8,0,1948.72851544,-1.05985448996,447.478104871,1500.19055608,1.01863406599e-10,6.51020036491e-17,0.59647254395,0.135272828288,8.83425937547,0.625607338597,9.44286966167,-4.79131696138,0.322420827689,0.0120053890613,0.63677214954,0,9.73757963152e-10,0,16.4173788965,0.625607338597,0.610582566593,0.13433194927,0,0,6.51020036491e-17,0.59647254395,0.135272828288,8.82917371192,18.24,1,6.07540367842,0.731258516957,0.000441877802418,0,98.6666666667,True,sensor,0.2
case2,constant_optimized,0,1,1,1,3006,0.2,0.005,84.7245963216,90.6,90.6,0,1942.34188407,-1.01927599115,446.253433211,1495.06917487,1.02545527625e-10,6.36876619151e-17,0.59647254395,0.135272828288,8.83425937547,0.605435653713,9.42424593248,-4.81261099815,0.322692285941,0.0119977157057,0.63677214954,0,9.73757963152e-10,0,16.4173788965,0.605435653713,0.610497084281,0.134392378612,0,0,6.36876619151e-17,0.59647254395,0.135272828288,8.82917371192,18.18,1,5.87540367842,0.679736060297,0.000615748495939,0,98.6666666667,True,sensor,0.2
case2,constant_optimized,0,1,1,1,3007,0.2,0.005,84.7245963216,91,91,0,1955.11455629,-1.10053476021,448.703582808,1505.31043873,1.01522346085e-10,6.6452919556e-17,0.59647254395,0.135272828288,8.83425937547,0.645752842972,9.4614024737,-4.77001851159,0.322149286489,0.0120130786526,0.63677214954,0,9.73757963152e-10,0,16.4173788965,0.645752842972,0.610667920896,0.134269565208,0,0,6.6452919556e-17,0.59647254395,0.135272828288,8.82917371192,18.3,1,6.27540367842,0.757886281175,0.000592852590328,0,98.6666666667,True,sensor,0.2
case2,constant_optimized,0,1,1,1,3008,0.2,0.005,84.7245963216,90.6,90.6,0,1942.34188407,-1.01927599115,446.253433211,1495.06917487,1.02545527625e-10,6.36876619151e-17,0.59647254395,0.135272828288,8.83425937547,0.605435653713,9.42424593248,-4.81261099815,0.322692285941,0.0119977157057,0.63677214954,0,9.73757963152e-10,0,16.4173788965,0.605435653713,0.610497084281,0.134392378612,0,0,6.36876619151e-17,0.59647254395,0.135272828288,8.82917371192,18.18,1,5.87540367842,0.765012739128,0.000381536989243,0,98.6666666667,True,sensor,0.2
case2,constant_optimized,0,1,1,1,3009,0.2,0.005,84.7245963216,91.2,91.2,0,1961.50000881,-1.14131613453,449.929865982,1510.4288267,1.00612851384e-10,6.79306871171e-17,0.59647254395,0.135272828288,8.83425937547,0.665872438954,9.47984575619,-4.74871579631,0.321877661012,0.012020784576,0.63677214954,0,9.73757963152e-10,0,16.4173788965,0.665872438954,0.610753148619,0.134205231741,0,0,6.79306871171e-17,0.59647254395,0.135272828288,8.82917371192,18.36,1,6.47540367842,0.785616760503,0.000551355435654,0,98.6666666667,True,sensor,0.2
case2,constant_optimized,1,1,1,1,3000,0.2,0.005,76.7750765502,81.4,81.4,0,1640.76681625,-1.30341306266,405.683174006,1233.78022918,5.65592017665e-11,5.56575185245e-18,0.600959968468,0.106968180261,8.84147210981,0.525772808427,9.36724491824,-4.88431453636,0.337823194746,0.0116264174021,0.648596213198,0,9.3143270874e-10,0,14.0325229651,0.525772808427,0.612206180709,0.106490944812,0,0,1.53617895314e-17,0.600959968468,0.106968180261,8.72279272357,15.42,1,4.62492344975,0.667429857171,0.000536362553542,0,98.6666666667,True,sensor,0.2
case2,constant_optimized,1,1,1,1,3001,0.2,0.005,76.7750765502,82,82,0,1659.91861664,-1.41644297512,409.350397541,1249.15177613,5.66728886042e-11,8.60748104736e-18,0.600959968468,0.106968180261,8.85101099584,0.591776855418,9.44278785126,-4.82301337139,0.337031331673,0.0116475326903,0.648596213198,0,9.3143270874e-10,0,14.0325229651,0.591776855418,0.612493278909,0.10636063331,0,0,1.53617895314e-17,0.600959968468,0.106968180261,8.72279272357,15.6,1,5.22492344975,0.840879366706,0.000372582221741,0,98.6666666667,True,sensor,0.2
case2,constant_optimized,1,1,1,1,3002,0.2,0.005,76.7750765502,82.2,82.2,0,1666.3011453,-1.45433322775,410.5745618,1254.27225028,5.69002622797e-11,9.44340092235e-18,0.600959968468,0.106968180261,8.85393013566,0.613675563251,9.46760569891,-4.80254839496,0.336767164148,0.0116545980991,0.648596213198,0,9.3143270874e-10,0,14.0325229651,0.613675563251,0.612588459485,0.10631381261,0,0,1.53617895314e-17,0.600959968468,0.106968180261,8.72279272357,15.66,1,5.42492344975,0.641654788602,0.000611431370853,0,98.6666666667,True,sensor,0.2
case2,constant_optimized,1,1,1,1,3003,0.2,0.005,76.7750765502,82,82,0,1659.91861664,-1.41644297512,409.350397541,1249.15177613,5.66728886042e-11,8.60748104736e-18,0.600959968468,0.106968180261,8.85101099584,0.591776855418,9.44278785126,-4.82301337139,0.337031331673,0.0116475326903,0.648596213198,0,9.3143270874e-10,0,14.0325229651,0.591776855418,0.612493278909,0.10636063331,0,0,1.53617895314e-17,0.600959968468,0.106968180261,8.72279272357,15.6,1,5.22492344975,0.884227464451,0.000372807027819,0,98.6666666667,True,sensor,0.2
case2,constant_optimized,1,1,1,1,3004,0.2,0.005,76.7750765502,82.8,82.8,0,1685.4445658,-1.56863373761,414.252295454,1269.62363661,5.76960701437e-11,1.26878759235e-17,0.600959968468,0.106968180261,8.86193217052,0.679071427595,9.54100359811,-4.74106349007,0.335974020446,0.0116758765747,0.648596213198,0,9.3143270874e-10,0,14.0325229651,0.679071427595,0.612872470422,0.106163286634,0,0,1.53617895314e-17,0.600959968468,0.106968180261,8.72279272357,15.84,1,6.02492344975,0.634762344793,0.000567245019964,0,98.6666666667,True,sensor,0.2
case2,constant_optimized,1,1,1,1,3005,0.2,0.005,76.7750765502,81.8,81.8,0,1653.53538794,-1.37865899922,408.12711012,1244.02961882,5.63318280911e-11,7.61055714976e-18,0.600959968468,0.106968180261,8.84796287891,0.569827193627,9.41779007254,-4.84346290333,0.337295392611,0.0116404808334,0.648596213198,0,9.3143270874e-10,0,14.0325229651,0.569827193627,0.612397840135,0.106405766349,0,0,1.53617895314e-17,0.600959968468,0.106968180261,8.72279272357,15.54,1,5.02492344975,0.731266225989,0.000451650907214,0,98.6666666667,True,sensor,0.2
case2,constant_optimized,1,1,1,1,3006,0.2,0.005,76.7750765502,82.4,82.4,0,1672.68297741,-1.49232896475,411.79960087,1259.39104758,5.72413227928e-11,1.05991604382e-17,0.600959968468,0.106968180261,8.85672216099,0.635523864704,9.4922460257,-4.78206824465,0.336502889919,0.0116616771536,0.648596213198,0,9.3143270874e-10,0,14.0325229651,0.635523864704,0.612683383699,0.106265310442,0,0,1.53617895314e-17,0.600959968468,0.106968180261,8.72279272357,15.72,1,5.62492344975,0.679782880474,0.000514367485169,0,98.6666666667,True,sensor,0.2
case2,constant_optimized,1,1,1,1,3007,0.2,0.005,76.7750765502,82.2,82.2,0,1666.3011453,-1.45433322775,410.5745618,1254.27225028,5.69002622797e-11,9.44340092235e-18,0.600959968468,0.106968180261,8.85393013566,0.613675563251,9.46760569891,-4.80254839496,0.336767164148,0.0116545980991,0.648596213198,0,9.3143270874e-10,0,14.0325229651,0.613675563251,0.612588459485,0.10631381261,0,0,1.53617895314e-17,0.600959968468,0.106968180261,8.72279272357,15.66,1,5.42492344975,0.704767007067,0.000629064028092,0,98.6666666667,True,sensor,0.2
case2,constant_optimized,1,1,1,1,3008,0.2,0.005,76.7750765502,81.8,81.8,0,1653.53538794,-1.37865899922,408.12711012,1244.02961882,5.63318280911e-11,7.61055714976e-18,0.600959968468,0.106968180261,8.84796287891,0.569827193627,9.41779007254,-4.84346290333,0.337295392611,0.0116404808334,0.648596213198,0,9.3143270874e-10,0,14.0325229651,0.569827193627,0.612397840135,0.106405766349,0,0,1.53617895314e-17,0.600959968468,0.106968180261,8.72279272357,15.54,1,5.02492344975,0.765040266196,0.000376894883717,0,98.6666666667,True,sensor,0.2
case2,constant_optimized,1,1,1,1,3009,0.2,0.005,76.7750765502,82.2,82.2,0,1666.3011453,-1.45433322775,410.5745618,1254.27225028,5.69002622797e-11,9.44340092235e-18,0.600959968468,0.106968180261,8.85393013566,0.613675563251,9.46760569891,-4.80254839496,0.336767164148,0.0116545980991,0.648596213198,0,9.3143270874e-10,0,14.0325229651,0.613675563251,0.612588459485,0.10631381261,0,0,1.53617895314e-17,0.600959968468,0.106968180261,8.72279272357,15.66,1,5.42492344975,0.785625671993,0.000448955786771,0,98.6666666667,True,sensor,0.2
case3,constant_hold,-1,1,1,1,3000,0.2,0.005,18.0771277547,20.6,20.6,2381.62345277,101.820135151,-0.860858974254,88.3601957273,2394.22253322,1.6615331333e-10,3.18687676075e-19,0.681625954554,0.0034971862019,20.9683646603,2.21664998811,23.1850146484,-19.2392253405,0.3916,0.0034338376487,0.500157156508,0,1.74189551672e-11,1,0.816956369648,2.21664998811,0.681625954554,0.0034616381541,0,2089.94715627,3.20042928791e-19,0.683397362768,0.0034971862019,18.5155361522,1.0609,1,2.52287224531,0.595166393576,4.09808039095e-05,0,98.6666666667,True,sensor,0.2
case3,constant_hold,-1,1,1,1,3001,0.2,0.005,18.0771277547,20.4,20.4,2358.50089497,99.846873418,-0.846768239592,87.0745363765,2370.42646378,1.65243818628e-10,3.03441083024e-19,0.681742398274,0.0034971862019,20.7816501058,2.04471811522,22.826368221,-19.3015985504,0.3916,0.00340092474426,0.500157156508,0,1.72057923464e-11,1,0.816956369648,2.04471811522,0.681742398274,0.00346701514066,0,2089.94715627,3.16451509094e-19,0.683397362768,0.0034971862019,18.5155361522,1.0404,1,2.32287224531,0.582275085663,2.20226168668e-05,0,98.6666666667,True,sensor,0.2
case3,constant_hold,-1,1,1,1,3002,0.2,0.005,18.0771277547,20.4,20.4,2358.50089497,99.846873418,-0.846768239592,87.0745363765,2370.42646378,1.65243818628e-10,3.03441083024e-19,0.681742398274,0.0034971862019,20.7816501058,2.04471811522,22.826368221,-19.3015985504,0.3916,0.00340092474426,0.500157156508,0,1.72057923464e-11,1,0.816956369648,2.04471811522,0.681742398274,0.00346701514066,0,2089.94715627,3.16451509094e-19,0.683397362768,0.0034971862019,18.5155361522,1.0404,1,2.32287224531,0.583028085703,3.13408532753e-05,0,98.6666666667,True,sensor,0.2
case3,constant_hold,-1,1,1,1,3003,0.2,0.005,18.0771277547,20.6,20.6,2381.62345277,101.820135151,-0.860858974254,88.3601957273,2394.22253322,1.6615331333e-10,3.18687676075e-19,0.681625954554,0.0034971862019,20.9683646603,2.21664998811,23.1850146484,-19.2392253405,0.3916,0.0034338376487,0.500157156508,0,1.74189551672e-11,1,0.816956369648,2.21664998811,0.681625954554,0.0034616381541,0,2089.94715627,3.20042928791e-19,0.683397362768,0.0034971862019,18.5155361522,1.0609,1,2.52287224531,0.572114091278,5.68580493282e-05,0,98.6666666667,True,sensor,0.2
case3,constant_hold,-1,1,1,1,3004,0.2,0.005,18.0771277547,20.6,20.6,2381.62345277,101.820135151,-0.860858974254,88.3601957273,2394.22253322,1.6615331333e-10,3.18687676075e-19,0.681625954554,0.0034971862019,20.9683646603,2.21664998811,23.1850146484,-19.2392253405,0.3916,0.0034338376487,0.500157156508,0,1.74189551672e-11,1,0.816956369648,2.21664998811,0.681625954554,0.0034616381541,0,2089.94715627,3.20042928791e-19,0.683397362768,0.0034971862019,18.5155361522,1.0609,1,2.52287224531,0.634762139975,4.02810004447e-05,0,98.6666666667,True,sensor,0.2
case3,constant_hold,-1,1,1,1,3005,0.2,0.005,18.0771277547,20.6,20.6,2381.62345277,101.820135151,-0.860858974254,88.3601957273,2394.22253322,1.6615331333e-10,3.18687676075e-19,0.681625954554,0.0034971862019,20.9683646603,2.21664998811,23.1850146484,-19.2392253405,0.3916,0.0034338376487,0.500157156508,0,1.74189551672e-11,1,0.816956369648,2.21664998811,0.681625954554,0.0034616381541,0,2089.94715627,3.20042928791e-19,0.683397362768,0.0034971862019,18.5155361522,1.0609,1,2.52287224531,0.624338112738,2.09659221711e-05,0,98.6666666667,True,sensor,0.2
case3,constant_hold,-1,1,1,1,3006,0.2,0.005,18.0771277547,20.6,20.6,2381.62345277,101.820135151,-0.860858974254,88.3601957273,2394.22253322,1.6615331333e-10,3.18687676075e-19,0.681625954554,0.0034971862019,20.9683646603,2.21664998811,23.1850146484,-19.2392253405,0.3916,0.0034338376487,0.500157156508,0,1.74189551672e-11,1,0.816956369648,2.21664998811,0.681625954554,0.0034616381541,0,2089.94715627,3.20042928791e-19,0.683397362768,0.0034971862019,18.5155361522,1.0609,1,2.52287224531,0.672199135524,9.81418354011e-06,0,98.6666666667,True,sensor,0.2
case3,constant_hold,-1,1,1,1,3007,0.2,0.005,18.0771277547,20.6,20.6,2381.62345277,101.820135151,-0.860858974254,88.3601957273,2394.22253322,1.6615331333e-10,3.18687676075e-19,0.681625954554,0.0034971862019,20.9683646603,2.21664998811,23.1850146484,-19.2392253405,0.3916,0.0034338376487,0.500157156508,0,1.74189551672e-11,1,0.816956369648,2.21664998811,0.681625954554,0.0034616381541,0,2089.94715627,3.20042928791e-19,0.683397362768,0.0034971862019,18.5155361522,1.0609,1,2.52287224531,0.625961565015,3.50073191819e-05,0,98.6666666667,True,sensor,0.2
case3,constant_hold,-1,1,1,1,3008,0.2,0.005,18.0771277547,20.4,20.4,2358.50089497,99.846873418,-0.846768239592,87.0745363765,2370.42646378,1.65243818628e-10,3.03441083024e-19,0.681742398274,0.0034971862019,20.7816501058,2.04471811522,22.826368221,-19.3015985504,0.3916,0.00340092474426,0.500157156508,0,1.72057923464e-11,1,0.816956369648,2.04471811522,0.681742398274,0.00346701514066,0,2089.94715627,3.16451509094e-19,0.683397362768,0.0034971862019,18.5155361522,1.0404,1,2.32287224531,0.56361402756,1.48551460693e-05,0,98.6666666667,True,sensor,0.2
case3,constant_hold,-1,1,1,1,3009,0.2,0.005,18.0771277547,20.6,20.6,2381.62345277,101.820135151,-0.860858974254,88.3601957273,2394.22253322,1.6615331333e-10,3.18687676075e-19,0.681625954554,0.0034971862019,20.9683646603,2.21664998811,23.1850146484,-19.2392253405,0.3916,0.0034338376487,0.500157156508,0,1.74189551672e-11,1,0.816956369648,2.21664998811,0.681625954554,0.0034616381541,0,2089.94715627,3.20042928791e-19,0.683397362768,0.0034971862019,18.5155361522,1.0609,1,2.52287224531,0.580899197327,2.00856819667e-05,0,98.6666666667,True,sensor,0.2
case3,constant_hold,0,1,1,1,3000,0.2,0.005,17.0368783891,19.8,19.8,2289.13322159,93.7458817853,-0.836419625396,87.0696221088,2294.97306164,1.46002321344e-10,3.33527693311e-19,0.684589254891,0.00281760782854,20.2373091009,2.46924488021,22.7065539812,-18.4969388702,0.3916,0.00329611109828,0.510362262906,0,1.65094604654e-11,1,0.725638063114,2.46924488021,0.684589254891,0.00278263123908,0,1969.6810259,3.43217750227e-19,0.686835744721,0.00281760782854,17.4686355894,0.9801,1,2.76312161088,0.595166399644,2.06370191459e-05,0,98.6666666667,True,sensor,0.2
case3,constant_hold,0,1,1,1,3001,0.2,0.005,17.0368783891,19.6,19.6,2266.0106638,91.8546899395,-0.822596815682,85.7738994887,2271.26885743,1.45121248352e-10,3.37728976729e-19,0.684722879296,0.00281760782854,20.0454853689,2.29499038394,22.3404757528,-18.557802433,0.3916,0.00326325837304,0.510362262906,0,1.6292744931e-11,1,0.725638063114,2.29499038394,0.684722879296,0.00278746624725,0,1969.6810259,3.37728976729e-19,0.686835744721,0.00281760782854,17.4686355894,0.9604,1,2.56312161088,0.58227531537,2.19796162728e-05,0,98.6666666667,True,sensor,0.2
case3,constant_hold,0,1,1,1,3002,0.2,0.005,17.0368783891,19.4,19.4,2242.888106,89.9825341991,-0.808890786744,84.4851585086,2247.57659091,1.44169121086e-10,3.22279095771e-19,0.684860638151,0.00281760782854,19.8523300948,2.1200792275,21.9724093223,-18.6183212226,0.3916,0.00323040539459,0.510362262906,0,1.60760293966e-11,1,0.725638063114,2.1200792275,0.684860638151,0.0027919527328,0,1969.6810259,3.22279095771e-19,0.686835744721,0.00281760782854,17.4686355894,0.9409,1,2.36312161088,0.583028640304,2.94403666673e-05,0,98.6666666667,True,sensor,0.2
case3,constant_hold,0,1,1,1,3003,0.2,0.005,17.0368783891,19.4,19.4,2242.888106,89.9825341991,-0.808890786744,84.4851585086,2247.57659091,1.44169121086e-10,3.22279095771e-19,0.684860638151,0.00281760782854,19.8523300948,2.1200792275,21.9724093223,-18.6183212226,0.3916,0.00323040539459,0.510362262906,0,1.60760293966e-11,1,0.725638063114,2.1200792275,0.684860638151,0.0027919527328,0,1969.6810259,3.22279095771e-19,0.686835744721,0.00281760782854,17.4686355894,0.9409,1,2.36312161088,0.572114094461,3.89363578354e-05,0,98.6666666667,True,sensor,0.2
case3,constant_hold,0,1,1,1,3004,0.2,0.005,17.0368783891,19.4,19.4,2242.888106,89.9825341991,-0.808890786744,84.4851585086,2247.57659091,1.44169121086e-10,3.22279095771e-19,0.684860638151,0.00281760782854,19.8523300948,2.1200792275,21.9724093223,-18.6183212226,0.3916,0.00323040539459,0.510362262906,0,1.60760293966e-11,1,0.725638063114,2.1200792275,0.684860638151,0.0027919527328,0,1969.6810259,3.22279095771e-19,0.686835744721,0.00281760782854,17.4686355894,0.9409,1,2.36312161088,0.634762222995,3.93559657307e-05,0,98.6666666667,True,sensor,0.2
case3,constant_hold,0,1,1,1,3005,0.2,0.005,17.0368783891,19.8,19.8,2289.13322159,93.7458817853,-0.836419625396,87.0696221088,2294.97306164,1.46002321344e-10,3.33527693311e-19,0.684589254891,0.00281760782854,20.2373091009,2.46924488021,22.7065539812,-18.4969388702,0.3916,0.00329611109828,0.510362262906,0,1.65094604654e-11,1,0.725638063114,2.46924488021,0.684589254891,0.00278263123908,0,1969.6810259,3.43217750227e-19,0.686835744721,0.00281760782854,17.4686355894,0.9801,1,2.76312161088,0.624338127997,2.08630134683e-05,0,98.6666666667,True,sensor,0.2
case3,constant_hold,0,1,1,1,3006,0.2,0.005,17.0368783891,19.6,19.6,2266.0106638,91.8546899395,-0.822596815682,85.7738994887,2271.26885743,1.45121248352e-10,3.37728976729e-19,0.684722879296,0.00281760782854,20.0454853689,2.29499038394,22.3404757528,-18.557802433,0.3916,0.00326325837304,0.510362262906,0,1.6292744931e-11,1,0.725638063114,2.29499038394,0.684722879296,0.00278746624725,0,1969.6810259,3.37728976729e-19,0.686835744721,0.00281760782854,17.4686355894,0.9604,1,2.56312161088,0.672199139246,8.73855076708e-06,0,98.6666666667,True,sensor,0.2
case3,constant_hold,0,1,1,1,3007,0.2,0.005,17.0368783891,19.6,19.6,2266.0106638,91.8546899395,-0.822596815682,85.7738994887,2271.26885743,1.45121248352e-10,3.37728976729e-19,0.684722879296,0.00281760782854,20.0454853689,2.29499038394,22.3404757528,-18.557802433,0.3916,0.00326325837304,0.510362262906,0,1.6292744931e-11,1,0.725638063114,2.29499038394,0.684722879296,0.00278746624725,0,1969.6810259,3.37728976729e-19,0.686835744721,0.00281760782854,17.4686355894,0.9604,1,2.56312161088,0.625963178145,2.09349761429e-05,0,98.6666666667,True,sensor,0.2
case3,constant_hold,0,1,1,1,3008,0.2,0.005,17.0368783891,19.6,19.6,2266.0106638,91.8546899395,-0.822596815682,85.7738994887,2271.26885743,1.45121248352e-10,3.37728976729e-19,0.684722879296,0.00281760782854,20.0454853689,2.29499038394,22.3404757528,-18.557802433,0.3916,0.00326325837304,0.510362262906,0,1.6292744931e-11,1,0.725638063114,2.29499038394,0.684722879296,0.00278746624725,0,1969.6810259,3.37728976729e-19,0.686835744721,0.00281760782854,17.4686355894,0.9604,1,2.56312161088,0.543222966911,1.48007565142e-05,0,98.6666666667,True,sensor,0.2
case3,constant_hold,0,1,1,1,3009,0.2,0.005,17.0368783891,19.4,19.4,2242.888106,89.9825341991,-0.808890786744,84.4851585086,2247.57659091,1.44169121086e-10,3.22279095771e-19,0.684860638151,0.00281760782854,19.8523300948,2.1200792275,21.9724093223,-18.6183212226,0.3916,0.00323040539459,0.510362262906,0,1.60760293966e-11,1,0.725638063114,2.1200792275,0.684860638151,0.0027919527328,0,1969.6810259,3.22279095771e-19,0.686835744721,0.00281760782854,17.4686355894,0.9409,1,2.36312161088,0.580901104112,1.57689518952e-05,0,98.6666666667,True,sensor,0.2
case3,constant_hold,1,1,1,1,3000,0.2,0.005,16.0172128379,18.4,18.4,2127.27531704,80.6522111242,-0.76930445619,81.6932908515,2125.46493285,1.35116806632e-10,2.74370912275e-19,0.688070410732,0.00224500665864,18.8915934727,2.1808984079,21.0724918806,-17.9247974764,0.3916,0.00306052127105,0.520692133952,0,1.49462664467e-11,1,0.641377767739,2.1808984079,0.688070410732,0.00222379330294,0,1851.79464771,2.78436670421e-19,0.690386053975,0.00224500665864,16.4100386581,0.8464,1,2.38278716207,0.595166405358,1.13369164659e-05,0,98.6666666667,True,sensor,0.2
case3,constant_hold,1,1,1,1,3001,0.2,0.005,16.0172128379,18.6,18.6,2150.39787483,82.4236106911,-0.782175672242,82.9845370449,2149.0547728,1.36282096719e-10,2.79791923137e-19,0.687909101094,0.00224500665864,19.0912589035,2.35902178488,21.4502806884,-17.8661916419,0.3916,0.00309332014106,0.520692133952,0,1.51665346948e-11,1,0.641377767739,2.35902178488,0.687909101094,0.00222011867365,0,1851.79464771,2.83722156012e-19,0.690386053975,0.00224500665864,16.4100386581,0.8649,1,2.58278716207,0.573370226016,2.19668791546e-05,0,98.6666666667,True,sensor,0.2
case3,constant_hold,1,1,1,1,3002,0.2,0.005,16.0172128379,18.4,18.4,2127.27531704,80.6522111242,-0.76930445619,81.6932908515,2125.46493285,1.35116806632e-10,2.74370912275e-19,0.688070410732,0.00224500665864,18.8915934727,2.1808984079,21.0724918806,-17.9247974764,0.3916,0.00306052127105,0.520692133952,0,1.49462664467e-11,1,0.641377767739,2.1808984079,0.688070410732,0.00222379330294,0,1851.79464771,2.78436670421e-19,0.690386053975,0.00224500665864,16.4100386581,0.8464,1,2.38278716207,0.583029188935,2.58346987632e-05,0,98.6666666667,True,sensor,0.2
case3,constant_hold,1,1,1,1,3003,0.2,0.005,16.0172128379,18.6,18.6,2150.39787483,82.4236106911,-0.782175672242,82.9845370449,2149.0547728,1.36282096719e-10,2.79791923137e-19,0.687909101094,0.00224500665864,19.0912589035,2.35902178488,21.4502806884,-17.8661916419,0.3916,0.00309332014106,0.520692133952,0,1.51665346948e-11,1,0.641377767739,2.35902178488,0.687909101094,0.00222011867365,0,1851.79464771,2.83722156012e-19,0.690386053975,0.00224500665864,16.4100386581,0.8649,1,2.58278716207,0.572114097461,2.90971149292e-05,0,98.6666666667,True,sensor,0.2
case3,constant_hold,1,1,1,1,3004,0.2,0.005,16.0172128379,18.8,18.8,2173.52043262,84.2140370949,-0.795299619975,84.2828921964,2172.6562779,1.37447386805e-10,2.80537312131e-19,0.687752377417,0.00224500665864,19.2895810446,2.5364365387,21.8260175833,-17.8072280009,0.3916,0.00312611783911,0.520692133952,0,1.53796975155e-11,1,0.641377767739,2.5364365387,0.687752377417,0.00221616162852,0,1851.79464771,2.85145171364e-19,0.690386053975,0.00224500665864,16.4100386581,0.8836,1,2.78278716207,0.634762306974,2.65227487696e-05,0,98.6666666667,True,sensor,0.2
case3,constant_hold,1,1,1,1,3005,0.2,0.005,16.0172128379,18.4,18.4,2127.27531704,80.6522111242,-0.76930445619,81.6932908515,2125.46493285,1.35116806632e-10,2.74370912275e-19,0.688070410732,0.00224500665864,18.8915934727,2.1808984079,21.0724918806,-17.9247974764,0.3916,0.00306052127105,0.520692133952,0,1.49462664467e-11,1,0.641377767739,2.1808984079,0.688070410732,0.00222379330294,0,1851.79464771,2.78436670421e-19,0.690386053975,0.00224500665864,16.4100386581,0.8464,1,2.38278716207,0.624338143011,2.07888801827e-05,0,98.6666666667,True,sensor,0.2
case3,constant_hold,1,1,1,1,3006,0.2,0.005,16.0172128379,18.6,18.6,2150.39787483,82.4236106911,-0.782175672242,82.9845370449,2149.0547728,1.36282096719e-10,2.79791923137e-19,0.687909101094,0.00224500665864,19.0912589035,2.35902178488,21.4502806884,-17.8661916419,0.3916,0.00309332014106,0.520692133952,0,1.51665346948e-11,1,0.641377767739,2.35902178488,0.687909101094,0.00222011867365,0,1851.79464771,2.83722156012e-19,0.690386053975,0.00224500665864,16.4100386581,0.8649,1,2.58278716207,0.672199142669,7.85670876925e-06,0,98.6666666667,True,sensor,0.2
case3,constant_hold,1,1,1,1,3007,0.2,0.005,16.0172128379,18.4,18.4,2127.27531704,80.6522111242,-0.76930445619,81.6932908515,2125.46493285,1.35116806632e-10,2.74370912275e-19,0.688070410732,0.00224500665864,18.8915934727,2.1808984079,21.0724918806,-17.9247974764,0.3916,0.00306052127105,0.520692133952,0,1.49462664467e-11,1,0.641377767739,2.1808984079,0.688070410732,0.00222379330294,0,1851.79464771,2.78436670421e-19,0.690386053975,0.00224500665864,16.4100386581,0.8464,1,2.38278716207,0.542158391017,2.08215528551e-05,0,98.6666666667,True,sensor,0.2
case3,constant_hold,1,1,1,1,3008,0.2,0.005,16.0172128379,18.6,18.6,2150.39787483,82.4236106911,-0.782175672242,82.9845370449,2149.0547728,1.36282096719e-10,2.79791923137e-19,0.687909101094,0.00224500665864,19.0912589035,2.35902178488,21.4502806884,-17.8661916419,0.3916,0.00309332014106,0.520692133952,0,1.51665346948e-11,1,0.641377767739,2.35902178488,0.687909101094,0.00222011867365,0,1851.79464771,2.83722156012e-19,0.690386053975,0.00224500665864,16.4100386581,0.8649,1,2.58278716207,0.543222969886,1.43650339592e-05,0,98.6666666667,True,sensor,0.2
case3,constant_hold,1,1,1,1,3009,0.2,0.005,16.0172128379,18.4,18.4,2127.27531704,80.6522111242,-0.76930445619,81.6932908515,2125.46493285,1.35116806632e-10,2.74370912275e-19,0.688070410732,0.00224500665864,18.8915934727,2.1808984079,21.0724918806,-17.9247974764,0.3916,0.00306052127105,0.520692133952,0,1.49462664467e-11,1,0.641377767739,2.1808984079,0.688070410732,0.00222379330294,0,1851.79464771,2.78436670421e-19,0.690386053975,0.00224500665864,16.4100386581,0.8464,1,2.38278716207,0.580902054879,1.42832969945e-05,0,98.6666666667,True,sensor,0.2
case3,constant_optimized,-1,1,1,1,3000,0.2,0.005,-1,-1,98.6666666667,1985.81152506,2263.05830601,9.19398573233,387.924259454,3870.13955735,3.8670577851e-10,6.59682811849e-17,0.571845534877,0.275532242714,8.03896532421,-0.32343641985,7.48279044683,-9.66279255018,0.292557011384,0.012476986994,0.490788067825,0,6.67238708729e-10,0.396465140573,-1,,,,,,6.59737021957e-17,,,,-1,0,0,0.667229907368,0.000603973245055,0,98.6666666667,False,sensor,0.2
case3,constant_optimized,-1,1,1,1,3001,0.2,0.005,-1,-1,98.6666666667,1985.81152506,2263.05830601,9.19398573233,387.924259454,3870.13955735,3.8670577851e-10,6.59682811849e-17,0.571845534877,0.275532242714,8.03896532421,-0.32343641985,7.48279044683,-9.66279255018,0.292557011384,0.012476986994,0.490788067825,0,6.67238708729e-10,0.396465140573,-1,,,,,,6.59737021957e-17,,,,-1,0,0,0.840440934081,0.000788291580932,0,98.6666666667,False,sensor,0.2
case3,constant_optimized,-1,1,1,1,3002,0.2,0.005,-1,-1,98.6666666667,1985.81152506,2263.05830601,9.19398573233,387.924259454,3870.13955735,3.8670577851e-10,6.59682811849e-17,0.571845534877,0.275532242714,8.03896532421,-0.32343641985,7.48279044683,-9.66279255018,0.292557011384,0.012476986994,0.490788067825,0,6.67238708729e-10,0.396465140573,-1,,,,,,6.59737021957e-17,,,,-1,0,0,0.641617085123,0.0007360138246,0,98.6666666667,False,sensor,0.2
case3,constant_optimized,-1,1,1,1,3003,0.2,0.005,-1,-1,98.6666666667,1985.81152506,2263.05830601,9.19398573233,387.924259454,3870.13955735,3.8670577851e-10,6.59682811849e-17,0.571845534877,0.275532242714,8.03896532421,-0.32343641985,7.48279044683,-9.66279255018,0.292557011384,0.012476986994,0.490788067825,0,6.67238708729e-10,0.396465140573,-1,,,,,,6.59737021957e-17,,,,-1,0,0,0.883850591081,0.000446123228693,0,98.6666666667,False,sensor,0.2
case3,constant_optimized,-1,1,1,1,3004,0.2,0.005,-1,-1,98.6666666667,1985.81152506,2263.05830601,9.19398573233,387.924259454,3870.13955735,3.8670577851e-10,6.59682811849e-17,0.571845534877,0.275532242714,8.03896532421,-0.32343641985,7.48279044683,-9.66279255018,0.292557011384,0.012476986994,0.490788067825,0,6.67238708729e-10,0.396465140573,-1,,,,,,6.59737021957e-17,,,,-1,0,0,0.634761379046,0.000630841491979,0,98.6666666667,False,sensor,0.2
case3,constant_optimized,-1,1,1,1,3005,0.2,0.005,-1,-1,98.6666666667,1985.81152506,2263.05830601,9.19398573233,387.924259454,3870.13955735,3.8670577851e-10,6.59682811849e-17,0.571845534877,0.275532242714,8.03896532421,-0.32343641985,7.48279044683,-9.66279255018,0.292557011384,0.012476986994,0.490788067825,0,6.67238708729e-10,0.396465140573,-1,,,,,,6.59737021957e-17,,,,-1,0,0,0.731220996566,0.000652225205532,0,98.6666666667,False,sensor,0.2
case3,constant_optimized,-1,1,1,1,3006,0.2,0.005,-1,-1,98.6666666667,1985.81152506,2263.05830601,9.19398573233,387.924259454,3870.13955735,3.8670577851e-10,6.59682811849e-17,0.571845534877,0.275532242714,8.03896532421,-0.32343641985,7.48279044683,-9.66279255018,0.292557011384,0.012476986994,0.490788067825,0,6.67238708729e-10,0.396465140573,-1,,,,,,6.59737021957e-17,,,,-1,0,0,0.679589669557,0.000473836140121,0,98.6666666667,False,sensor,0.2
case3,constant_optimized,-1,1,1,1,3007,0.2,0.005,-1,-1,98.6666666667,1985.81152506,2263.05830601,9.19398573233,387.924259454,3870.13955735,3.8670577851e-10,6.59682811849e-17,0.571845534877,0.275532242714,8.03896532421,-0.32343641985,7.48279044683,-9.66279255018,0.292557011384,0.012476986994,0.490788067825,0,6.67238708729e-10,0.396465140573,-1,,,,,,6.59737021957e-17,,,,-1,0,0,0.760903604971,0.000479976876022,0,98.6666666667,False,sensor,0.2
case3,constant_optimized,-1,1,1,1,3008,0.2,0.005,-1,-1,98.6666666667,1985.81152506,2263.05830601,9.19398573233,387.924259454,3870.13955735,3.8670577851e-10,6.59682811849e-17,0.571845534877,0.275532242714,8.03896532421,-0.32343641985,7.48279044683,-9.66279255018,0.292557011384,0.012476986994,0.490788067825,0,6.67238708729e-10,0.396465140573,-1,,,,,,6.59737021957e-17,,,,-1,0,0,0.764933604462,0.000653247428553,0,98.6666666667,False,sensor,0.2
case3,constant_optimized,-1,1,1,1,3009,0.2,0.005,-1,-1,98.6666666667,1985.81152506,2263.05830601,9.19398573233,387.924259454,3870.13955735,3.8670577851e-10,6.59682811849e-17,0.571845534877,0.275532242714,8.03896532421,-0.32343641985,7.48279044683,-9.66279255018,0.292557011384,0.012476986994,0.490788067825,0,6.67238708729e-10,0.396465140573,-1,,,,,,6.59737021957e-17,,,,-1,0,0,0.78556605787,0.000701605667047,0,98.6666666667,False,sensor,0.2
case3,constant_optimized,0,1,1,1,3000,0.2,0.005,95.2874546468,-1,98.6666666667,1985.81152506,2251.94066734,6.28170366188,405.812349899,3838.22154617,1.27954535856e-10,7.96650072299e-17,0.576300286022,0.241856591637,8.05024360088,0.560933844274,8.40347314833,-8.8022587567,0.296027326393,0.0124280518819,0.501287739942,0,6.59955645688e-10,0.396465140573,19.586236394,,,,,1917.79992194,7.96650072299e-17,0.576300286022,0.241856591637,8.05024360088,-1,0,0,0.667239857325,0.000640814957216,0,98.6666666667,False,sensor,0.2
case3,constant_optimized,0,1,1,1,3001,0.2,0.005,95.2874546468,-1,98.6666666667,1985.81152506,2251.94066734,6.28170366188,405.812349899,3838.22154617,1.27954535856e-10,7.96650072299e-17,0.576300286022,0.241856591637,8.05024360088,0.560933844274,8.40347314833,-8.8022587567,0.296027326393,0.0124280518819,0.501287739942,0,6.59955645688e-10,0.396465140573,19.586236394,,,,,1917.79992194,7.96650072299e-17,0.576300286022,0.241856591637,8.05024360088,-1,0,0,0.840499555424,0.000732717446227,0,98.6666666667,False,sensor,0.2
case3,constant_optimized,0,1,1,1,3002,0.2,0.005,95.2874546468,-1,98.6666666667,1985.81152506,2251.94066734,6.28170366188,405.812349899,3838.22154617,1.27954535856e-10,7.96650072299e-17,0.576300286022,0.241856591637,8.05024360088,0.560933844274,8.40347314833,-8.8022587567,0.296027326393,0.0124280518819,0.501287739942,0,6.59955645688e-10,0.396465140573,19.586236394,,,,,1917.79992194,7.96650072299e-17,0.576300286022,0.241856591637,8.05024360088,-1,0,0,0.6416198833,0.000764324524281,0,98.6666666667,False,sensor,0.2
case3,constant_optimized,0,1,1,1,3003,0.2,0.005,95.2874546468,-1,98.6666666667,1985.81152506,2251.94066734,6.28170366188,405.812349899,3838.22154617,1.27954535856e-10,7.96650072299e-17,0.576300286022,0.241856591637,8.05024360088,0.560933844274,8.40347314833,-8.8022587567,0.296027326393,0.0124280518819,0.501287739942,0,6.59955645688e-10,0.396465140573,19.586236394,,,,,1917.79992194,7.96650072299e-17,0.576300286022,0.241856591637,8.05024360088,-1,0,0,0.88389835506,0.000376199927989,0,98.6666666667,False,sensor,0.2
case3,constant_optimized,0,1,1,1,3004,0.2,0.005,95.2874546468,-1,98.6666666667,1985.81152506,2251.94066734,6.28170366188,405.812349899,3838.22154617,1.27954535856e-10,7.96650072299e-17,0.576300286022,0.241856591637,8.05024360088,0.560933844274,8.40347314833,-8.8022587567,0.296027326393,0.0124280518819,0.501287739942,0,6.59955645688e-10,0.396465140573,19.586236394,,,,,1917.79992194,7.96650072299e-17,0.576300286022,0.241856591637,8.05024360088,-1,0,0,0.634761457276,0.000675873099763,0,98.6666666667,False,sensor,0.2
case3,constant_optimized,0,1,1,1,3005,0.2,0.005,95.2874546468,-1,98.6666666667,1985.81152506,2251.94066734,6.28170366188,405.812349899,3838.22154617,1.27954535856e-10,7.96650072299e-17,0.576300286022,0.241856591637,8.05024360088,0.560933844274,8.40347314833,-8.8022587567,0.296027326393,0.0124280518819,0.501287739942,0,6.59955645688e-10,0.396465140573,19.586236394,,,,,1917.79992194,7.96650072299e-17,0.576300286022,0.241856591637,8.05024360088,-1,0,0,0.731224080007,0.000714646785998,0,98.6666666667,False,sensor,0.2
case3,constant_optimized,0,1,1,1,3006,0.2,0.005,95.2874546468,-1,98.6666666667,1985.81152506,2251.94066734,6.28170366188,405.812349899,3838.22154617,1.27954535856e-10,7.96650072299e-17,0.576300286022,0.241856591637,8.05024360088,0.560933844274,8.40347314833,-8.8022587567,0.296027326393,0.0124280518819,0.501287739942,0,6.59955645688e-10,0.396465140573,19.586236394,,,,,1917.79992194,7.96650072299e-17,0.576300286022,0.241856591637,8.05024360088,-1,0,0,0.679612977112,0.000505146903714,0,98.6666666667,False,sensor,0.2
case3,constant_optimized,0,1,1,1,3007,0.2,0.005,95.2874546468,-1,98.6666666667,1985.81152506,2251.94066734,6.28170366188,405.812349899,3838.22154617,1.27954535856e-10,7.96650072299e-17,0.576300286022,0.241856591637,8.05024360088,0.560933844274,8.40347314833,-8.8022587567,0.296027326393,0.0124280518819,0.501287739942,0,6.59955645688e-10,0.396465140573,19.586236394,,,,,1917.79992194,7.96650072299e-17,0.576300286022,0.241856591637,8.05024360088,-1,0,0,0.761001170361,0.000519237897555,0,98.6666666667,False,sensor,0.2
case3,constant_optimized,0,1,1,1,3008,0.2,0.005,95.2874546468,-1,98.6666666667,1985.81152506,2251.94066734,6.28170366188,405.812349899,3838.22154617,1.27954535856e-10,7.96650072299e-17,0.576300286022,0.241856591637,8.05024360088,0.560933844274,8.40347314833,-8.8022587567,0.296027326393,0.0124280518819,0.501287739942,0,6.59955645688e-10,0.396465140573,19.586236394,,,,,1917.79992194,7.96650072299e-17,0.576300286022,0.241856591637,8.05024360088,-1,0,0,0.764940596186,0.000620762762066,0,98.6666666667,False,sensor,0.2
case3,constant_optimized,0,1,1,1,3009,0.2,0.005,95.2874546468,-1,98.6666666667,1985.81152506,2251.94066734,6.28170366188,405.812349899,3838.22154617,1.27954535856e-10,7.96650072299e-17,0.576300286022,0.241856591637,8.05024360088,0.560933844274,8.40347314833,-8.8022587567,0.296027326393,0.0124280518819,0.501287739942,0,6.59955645688e-10,0.396465140573,19.586236394,,,,,1917.79992194,7.96650072299e-17,0.576300286022,0.241856591637,8.05024360088,-1,0,0,0.785569558612,0.000658400520796,0,98.6666666667,False,sensor,0.2
case3,constant_optimized,1,1,1,1,3000,0.2,0.005,89.9323612213,94.6,94.6,1903.96388788,2110.04994143,4.66608960363,398.461084112,3620.21883481,1.86446413863e-10,6.07353793994e-17,0.580755250299,0.210405779111,8.06385273315,0.78247607742,8.74316058067,-8.73449184049,0.304763778729,0.0122261180577,0.511898607717,0,6.52661924505e-10,0.396465140573,17.9797083664,0.78247607742,0.600306537857,0.209010796654,0,1810.02080462,6.07353793994e-17,0.580755250299,0.210405779111,8.06385273315,19.38,1,4.66763877869,0.667251894229,0.00068086945196,0,98.6666666667,True,sensor,0.2
case3,constant_optimized,1,1,1,1,3001,0.2,0.005,89.9323612213,94,94,1891.88800699,2090.6977182,4.82895666112,394.772962948,3592.6417189,1.86389570445e-10,5.58776115656e-17,0.580755250299,0.210405779111,8.06385273315,0.68201083502,8.65329839546,-8.85129573955,0.305529554564,0.0122037235433,0.511898607717,0,6.52661924505e-10,0.396465140573,17.9797083664,0.68201083502,0.599909491343,0.209346277067,0,1810.02080462,5.58776115656e-17,0.580755250299,0.210405779111,8.06385273315,19.2,1,4.06763877869,0.840558878412,0.000460438287128,0,98.6666666667,True,sensor,0.2
case3,constant_optimized,1,1,1,1,3002,0.2,0.005,89.9323612213,94.2,94.2,1895.91330062,2097.14946009,4.77491660538,396.000997111,3601.8366802,1.85877979675e-10,5.83208611613e-17,0.580755250299,0.210405779111,8.06385273315,0.715504366855,8.68329611865,-8.81235208146,0.305273904063,0.0122111765925,0.511898607717,0,6.52661924505e-10,0.396465140573,17.9797083664,0.715504366855,0.600041546843,0.209239520841,0,1810.02080462,5.83208611613e-17,0.580755250299,0.210405779111,8.06385273315,19.26,1,4.26763877869,0.641623034872,0.000762406182526,0,98.6666666667,True,sensor,0.2
case3,constant_optimized,1,1,1,1,3003,0.2,0.005,89.9323612213,95.4,95.4,1920.06506241,2135.8389171,4.4454901621,403.397326996,3656.95214267,1.87753812497e-10,6.67266806045e-17,0.580755250299,0.210405779111,8.06385273315,0.916356738901,8.86239698498,-8.57888196085,0.303748149371,0.0122561459303,0.511898607717,0,6.52661924505e-10,0.396465140573,17.9797083664,0.916356738901,0.600840004238,0.208492766249,0,1810.02080462,6.67266806045e-17,0.580755250299,0.210405779111,8.06385273315,19.62,1,5.46763877869,0.88395200769,0.000365164483502,0,98.6666666667,True,sensor,0.2
case3,constant_optimized,1,1,1,1,3004,0.2,0.005,89.9323612213,94.2,94.2,1895.91330062,2097.14946009,4.77491660538,396.000997111,3601.8366802,1.85877979675e-10,5.83208611613e-17,0.580755250299,0.210405779111,8.06385273315,0.715504366855,8.68329611865,-8.81235208146,0.305273904063,0.0122111765925,0.511898607717,0,6.52661924505e-10,0.396465140573,17.9797083664,0.715504366855,0.600041546843,0.209239520841,0,1810.02080462,5.83208611613e-17,0.580755250299,0.210405779111,8.06385273315,19.26,1,4.26763877869,0.634761536584,0.000717411905674,0,98.6666666667,True,sensor,0.2
case3,constant_optimized,1,1,1,1,3005,0.2,0.005,89.9323612213,94.8,94.8,1907.98918151,2116.49868251,4.61130565415,399.693136537,3629.40603315,1.86560100701e-10,6.17935607197e-17,0.580755250299,0.210405779111,8.06385273315,0.815954141773,8.77302960425,-8.69557542325,0.30450929821,0.0122336067213,0.511898607717,0,6.52661924505e-10,0.396465140573,17.9797083664,0.815954141773,0.600439470809,0.208888847058,0,1810.02080462,6.17935607197e-17,0.580755250299,0.210405779111,8.06385273315,19.44,1,4.86763877869,0.731227557853,0.000675420274931,0,98.6666666667,True,sensor,0.2
case3,constant_optimized,1,1,1,1,3006,0.2,0.005,89.9323612213,94.6,94.6,1903.96388788,2110.04994143,4.66608960363,398.461084112,3620.21883481,1.86446413863e-10,6.07353793994e-17,0.580755250299,0.210405779111,8.06385273315,0.78247607742,8.74316058067,-8.73449184049,0.304763778729,0.0122261180577,0.511898607717,0,6.52661924505e-10,0.396465140573,17.9797083664,0.78247607742,0.600306537857,0.209010796654,0,1810.02080462,6.07353793994e-17,0.580755250299,0.210405779111,8.06385273315,19.38,1,4.66763877869,0.679641182037,0.00053962917955,0,98.6666666667,True,sensor,0.2
case3,constant_optimized,1,1,1,1,3007,0.2,0.005,89.9323612213,94,94,1891.88800699,2090.6977182,4.82895666112,394.772962948,3592.6417189,1.86389570445e-10,5.58776115656e-17,0.580755250299,0.210405779111,8.06385273315,0.68201083502,8.65329839546,-8.85129573955,0.305529554564,0.0122037235433,0.511898607717,0,6.52661924505e-10,0.396465140573,17.9797083664,0.68201083502,0.599909491343,0.209346277067,0,1810.02080462,5.58776115656e-17,0.580755250299,0.210405779111,8.06385273315,19.2,1,4.06763877869,0.761094498339,0.000531784304854,0,98.6666666667,True,sensor,0.2
case3,constant_optimized,1,1,1,1,3008,0.2,0.005,89.9323612213,93.4,93.4,1879.81212609,2071.33647772,4.98956524387,391.096900227,3565.04126883,1.85536919162e-10,5.15153241246e-17,0.580755250299,0.210405779111,8.06385273315,0.581500518579,8.56302894644,-8.96817985506,0.306298889657,0.0121814336541,0.511898607717,0,6.52661924505e-10,0.396465140573,17.9797083664,0.581500518579,0.599515100501,0.209636020042,0,1810.02080462,5.15153241246e-17,0.580755250299,0.210405779111,8.06385273315,19.02,1,3.46763877869,0.764949810929,0.000511072791697,0,98.6666666667,True,sensor,0.2
case3,constant_optimized,1,1,1,1,3009,0.2,0.005,89.9323612213,94.8,94.8,1907.98918151,2116.49868251,4.61130565415,399.693136537,3629.40603315,1.86560100701e-10,6.17935607197e-17,0.580755250299,0.210405779111,8.06385273315,0.815954141773,8.77302960425,-8.69557542325,0.30450929821,0.0122336067213,0.511898607717,0,6.52661924505e-10,0.396465140573,17.9797083664,0.815954141773,0.600439470809,0.208888847058,0,1810.02080462,6.17935607197e-17,0.580755250299,0.210405779111,8.06385273315,19.44,1,4.86763877869,0.785573436906,0.000505088543134,0,98.6666666667,True,sensor,0.2
