case,candidate,training_passed,training_count,all_training_passed,training_max_stop_s,training_first_deadline_s,T_target_C,t_plan_s,K_P,K_I,taper_K,hold_s,q_boost_min,ice_warn,delta_V,risk_warn,L_obs,rate_gain,ff_factor,first_success_s,stop_s,elapsed_s,E_aux_J,E_gen_J,E_phase_J,E_loss_J,E_sensible_J,energy_residual_J,water_residual_kg,min_voltage_V,max_ice_bulk,dTmax_K,final_min_T_C,final_max_T_C,final_left_EP_C,min_gas_porosity,max_j_over_jlim,min_kappa_S_m,min_inventory,max_iteration_error_K,max_power_W_cm2,charge_at_success_C_cm2,post_min_T_C,post_min_voltage_V,post_max_ice_bulk,post_energy_J,first_success_energy_J,max_water_residual_kg,first_min_voltage_V,first_max_ice_bulk,first_dTmax_K,charge_at_stop_C_cm2,physical_hold_completed,physical_hold_s,observer_max_temperature_error_K,observer_max_ice_error,post_max_iteration_error_K,startup_window_end_s,feasible,shutdown_mode,sensor_stop_margin_C
case1,0,0,6,False,-1,94.6666666667,0.4522685747,97.1571108025,0.494662071156,0.0232843920172,0.262151460053,2,0.6,0.8,0.1,0.7,0.02,0.366432480053,1,95.6689798474,98.4,98.4,2856.15451148,2305.21057879,17.5069937959,303.955374264,4874.9167098,9.05515662453e-11,2.77024497092e-17,0.55070717664,0.354252990227,6.64800704012,0.21689877761,6.7458221648,-13.0580365155,0.275274784646,0.0125939398375,0.432445350324,0,3.53834295197e-10,0.914480807578,19.7006939542,0.21689877761,0.577604894347,0.35356176805,0,2750.02439602,2.78813430676e-17,0.55070717664,0.354252990227,6.64800704012,20.52,1,2.73102015257,0,0,0,98.6666666667,True,sensor,0.2
case1,1,6,6,True,97.4,94.6666666667,1,95.2139685864,0.494662071156,0.0232843920172,0.262151460053,2,0.6,0.8,0.1,0.7,0.02,0.366432480053,1,92.0960656047,94.8,94.8,2894.94149785,2178.84819935,16.1244927102,293.20043632,4796.71375359,5.65592017665e-11,2.26495254843e-17,0.553858650283,0.328969129138,6.4588909545,0.798904881317,6.77148749219,-13.5300281347,0.282475872844,0.0123989096952,0.432953837206,0,3.58477691975e-10,0.960231530891,18.6288196814,0.798904881317,0.58182068596,0.327574836395,0,2768.02956646,2.26495254843e-17,0.553858650283,0.328969129138,6.4588909545,19.44,1,2.70393439532,0,0,0,98.6666666667,True,sensor,0.2
case1,2,6,6,True,95.6,94.6666666667,2,95.2139685864,0.494662071156,0.0232843920172,0.262151460053,2,0.6,0.8,0.1,0.7,0.02,0.366432480053,1,89.2157056928,92,92,2916.33532912,2080.70969413,15.0481825514,285.062758361,4727.03044744,-4.66116034659e-12,1.65189043e-17,0.556571472341,0.308973004207,6.29708715,0.934521940358,6.7938212392,-13.9008175422,0.288078679417,0.0122580387593,0.433085516812,0,3.62408769661e-10,0.990776963349,17.7647117078,0.934521940358,0.584338861452,0.307531263922,0,2779.7278096,1.65189043e-17,0.556571472341,0.308973004207,6.29708715,18.6,1,2.78429430724,0,0,0,98.6666666667,True,sensor,0.2
case1,3,6,6,True,93.6,94.6666666667,3.5,95.2139685864,0.494662071156,0.0232843920172,0.262151460053,2,0.6,0.8,0.1,0.7,0.02,0.366432480053,1,85.2451129556,88,88,2930.71838817,1941.24524358,13.6772135488,273.036918142,4612.60392716,1.11356257548e-10,1.10038388991e-17,0.560621454095,0.281846086214,6.05680418838,0.881314515865,6.75962766867,-14.4683296189,0.295951566254,0.0120712900553,0.433085516812,0,3.68162833553e-10,1,16.5735338867,0.881314515865,0.587074174886,0.280602838168,0,2792.97403595,1.10038388991e-17,0.560621454095,0.281846086214,6.05680418838,17.4,1,2.75488704443,0,0,0,98.6666666667,True,sensor,0.2
case1,4,6,6,True,95.4,94.6666666667,1,91.3276841543,0.494662071156,0.0232843920172,0.262151460053,2,0.6,0.8,0.1,0.7,0.02,0.366432480053,1,88.333717525,91,91,2911.93765923,2046.02679791,14.7811131373,281.684310608,4691.06125967,4.66116034659e-12,1.56542530674e-17,0.5574350652,0.302925015732,6.24569647028,0.789674167694,6.75420532827,-14.060660502,0.28994795885,0.0122157120214,0.433085516812,0,3.63646002199e-10,0.995802303813,17.5001152575,0.789674167694,0.584605287838,0.301628506301,0,2782.80102704,1.56542530674e-17,0.5574350652,0.302925015732,6.24569647028,18.3,1,2.666282475,0,0,0,98.6666666667,True,sensor,0.2
case1,5,6,6,True,93.8,94.6666666667,2,91.3276841543,0.494662071156,0.0232843920172,0.262151460053,2,0.6,0.8,0.1,0.7,0.02,0.366432480053,1,85.5819731951,88.4,88.4,2932.30910364,1955.0755463,13.7775980515,274.391274679,4626.77097331,2.39310793404e-11,1.12049584021e-17,0.560248980636,0.284211886578,6.07882285698,0.909208338188,6.77991220376,-14.4025368844,0.295209072407,0.0120887513371,0.433085516812,0,3.67639252374e-10,1,16.6745919585,0.909208338188,0.586918229888,0.282886576778,0,2791.40776339,1.12049584021e-17,0.560248980636,0.284211886578,6.07882285698,17.52,1,2.81802680493,0,0,0,98.6666666667,True,sensor,0.2
case1,6,6,6,True,91.2,94.6666666667,3.5,91.3276841543,0.494662071156,0.0232843920172,0.262151460053,2,0.6,0.8,0.1,0.7,0.02,0.366432480053,1,82.2009877562,85,85,2956.88978838,1836.12972843,12.4192308367,265.417103319,4540.02164433,6.53699316899e-12,7.13703185093e-18,0.564449896252,0.259084334331,5.97415020908,0.845710895988,6.81986110507,-14.8359315411,0.302200001891,0.0119327543188,0.433085516812,0,6.97347068979e-10,1,15.6602963269,0.845710895988,0.589481232318,0.257977352895,0,2816.93917619,7.13703185093e-18,0.564449896252,0.259084334331,5.89822984871,16.5,1,2.79901224375,0,0,0,98.6666666667,True,sensor,0.2
case1,7,6,6,True,92.8,94.6666666667,1,87.4413997222,0.494662071156,0.0232843920172,0.262151460053,2,0.6,0.8,0.1,0.7,0.02,0.366432480053,1,84.6457668662,87.4,87.4,2932.30108511,1920.28736477,13.4505353792,271.3648875,4594.67409775,6.31530383544e-11,9.24173931827e-18,0.561309195317,0.277546919205,6.01612593443,0.793956452542,6.76217106489,-14.5485509958,0.297163056659,0.0120461729249,0.433085516812,0,3.69125174871e-10,1,16.3937300599,0.793956452542,0.58733708274,0.2763492167,0,2796.37834804,9.24173931827e-18,0.561309195317,0.277546919205,6.01612593443,17.22,1,2.7542331338,0,0,0,98.6666666667,True,sensor,0.2
case1,8,6,6,True,92,94.6666666667,2,87.4413997222,0.494662071156,0.0232843920172,0.262151460053,2,0.6,0.8,0.1,0.7,0.02,0.366432480053,1,82.3575825453,85.2,85.2,2957.48546117,1843.04682597,12.4727859779,266.060022506,4546.94505061,5.07611730427e-11,5.3825216853e-18,0.564232632242,0.260300387147,5.96975926739,0.860287098065,6.83004636545,-14.8039576538,0.301820536374,0.0119412834771,0.433085516812,0,3.73171715751e-10,1,15.7072747636,0.860287098065,0.589401539387,0.259150876939,0,2815.36458843,5.3825216853e-18,0.564232632242,0.260300387147,5.89542026956,16.56,1,2.84241745472,0,0,0,98.6666666667,True,sensor,0.2
case1,9,6,6,True,89.4,94.6666666667,3.5,87.4413997222,0.494662071156,0.0232843920172,0.262151460053,2,0.6,0.8,0.1,0.7,0.02,0.366432480053,1,79.4766395569,82.4,82.4,2994.44786426,1744.52387625,11.1506879879,260.082659347,4490.03976916,2.51816345553e-11,4.25278302157e-18,0.568597077399,0.23750936655,6.07121282286,0.861857690942,6.9330705138,-15.101114112,0.307952995759,0.0118123539266,0.433085516812,0,3.7907321726e-10,1,14.8429918671,0.861857690942,0.591954155361,0.236431228349,0,2848.27984211,5.20281517521e-18,0.568597077399,0.23750936655,5.95612594949,15.72,1,2.92336044312,0,0,0,98.6666666667,True,sensor,0.2
case1,10,6,6,True,89.6,94.6666666667,1,81.6119730741,0.494662071156,0.0232843920172,0.262151460053,2,0.6,0.8,0.1,0.7,0.02,0.366432480053,1,79.985154438,82.8,82.8,2981.30275214,1758.84345442,11.4200359493,260.491009749,4491.07523277,6.9007910497e-11,4.81629710072e-18,0.567767603616,0.241582181556,6.10465909986,0.779061364641,6.8837204645,-15.0807427113,0.306955476657,0.0118335189826,0.433085516812,0,3.77964326503e-10,1,14.9955463314,0.779061364641,0.591265909021,0.240575028464,0,2841.92848286,5.45570533195e-18,0.567767603616,0.241582181556,5.9449361593,15.84,1,2.81484556198,0,0,0,98.6666666667,True,sensor,0.2
case1,11,6,6,True,88.2,94.6666666667,2,81.6119730741,0.494662071156,0.0232843920172,0.262151460053,2,0.6,0.8,0.1,0.7,0.02,0.366432480053,1,78.1611564636,81,81,3007.57021201,1695.49548127,10.5674931249,256.879227026,4456.75395938,1.69961822394e-11,3.60307486971e-18,0.570873668908,0.226916708942,6.10865676937,0.831602202749,6.94025897212,-15.2654869909,0.310962987202,0.0117504141077,0.433085516812,0,3.82083253925e-10,1,14.4483469391,0.831602202749,0.59301741273,0.225952672276,0,2865.62803519,5.22558342084e-18,0.570873668908,0.226916708942,5.98330996561,15.3,1,2.83884353638,0,0,0,98.6666666667,True,sensor,0.2
case1,12,6,6,True,87.4,94.6666666667,3.5,81.6119730741,0.494662071156,0.0232843920172,0.262151460053,2,0.6,0.8,0.1,0.7,0.02,0.366432480053,1,75.8052749038,78.6,78.6,3039.71454877,1611.11717648,9.47069349341,252.240021569,4408.06239718,5.91739990341e-11,4.1492417141e-18,0.575510855667,0.207836778956,6.16448458037,0.813203320931,6.9776879013,-15.5118274859,0.316360343286,0.0116439234368,0.433085516812,0,3.88061582868e-10,1,13.7415824711,0.813203320931,0.595068660816,0.206987561281,0,2899.97829396,5.49392345853e-18,0.575510855667,0.207836778956,6.01895634237,14.58,1,2.79472509623,0,0,0,98.6666666667,True,sensor,0.2
case1,13,6,6,True,86.8,94.6666666667,1,72.8678331019,0.494662071156,0.0232843920172,0.262151460053,2,0.6,0.8,0.1,0.7,0.02,0.366432480053,1,74.2102785826,77,77,3064.93117927,1554.67635876,8.70392129515,249.685051606,4378.62640773,3.51860762748e-11,5.37357701738e-18,0.578992564945,0.194868622727,6.22969988721,0.769039201558,6.99873908876,-15.656569966,0.320107897779,0.0115743984733,0.433085516812,0,3.90121379645e-10,1,13.2630835748,0.769039201558,0.59641034943,0.1940834193,0,2926.49162289,6.16558670438e-18,0.578992564945,0.194868622727,6.02729711133,14.1,1,2.78972141743,0,0,0,98.6666666667,True,sensor,0.2
case1,14,6,6,True,85.8,94.6666666667,2,72.8678331019,0.494662071156,0.0232843920172,0.262151460053,2,0.6,0.8,0.1,0.7,0.02,0.366432480053,1,73.044625771,76,76,3097.03276837,1518.75094273,8.07534757583,249.319441239,4374.53961744,2.34479102801e-11,5.15538133017e-18,0.581288858549,0.185343336584,6.20038566295,0.859909994331,7.06029565728,-15.6942896847,0.322782288702,0.0115267572351,0.433085516812,0,3.81402669863e-10,1,12.9133877313,0.859909994331,0.597765181441,0.184495868673,0,2949.26405693,6.12845277997e-18,0.581288858549,0.185343336584,6.01875210621,13.8,1,2.95537422896,0,0,0,98.6666666667,True,sensor,0.2
case1,15,6,6,True,84.6,94.6666666667,3.5,72.8678331019,0.494662071156,0.0232843920172,0.262151460053,2,0.6,0.8,0.1,0.7,0.02,0.366432480053,1,71.640348196,74.4,74.4,3117.7497027,1462.41663843,7.42387151768,246.88371699,4340.70649566,3.79145603802e-11,6.16721300764e-18,0.583952836472,0.174012907095,6.18025417429,0.806165941167,6.98642011546,-15.8499276799,0.326534631623,0.0114595239087,0.433085516812,0,3.67173180749e-10,1,12.4921044588,0.806165941167,0.598848616691,0.173317003864,0,2979.7671125,6.74048490634e-18,0.583952836472,0.174012907095,5.99185000002,13.32,1,2.75965180397,0,0,0,98.6666666667,True,sensor,0.2
case2,0,3,6,False,95.4,94.6666666667,1,60,0,0,1,2,0.6,0.8,0.1,0.7,0.02,0,0,84.729093945,88.8,88.8,0,1884.73349959,-0.435756348928,435.288526538,1449.0092167,3.80850906367e-12,1.03850305092e-17,0.596536964762,0.137298756038,8.8322861387,0.422247687972,9.25000175922,-5.00325744684,0.325127106484,0.0119300163915,0.636945606154,0,4.4196468707e-10,0,16.4187281835,0.422247687972,0.609788796008,0.136870535908,0,0,3.09149407463e-17,0.596536964762,0.137298756038,8.82712930749,17.64,1,4.07090605498,0,0,0,98.6666666667,True,sensor,0.2
case2,1,6,6,True,73.6,94.6666666667,1,75,0.05,0.005,1,2,0.6,0.8,0.1,0.7,0.02,0.05,0,62.1025088906,65.8,65.8,464.707150408,1133.23038441,-1.3654652109,328.817266397,1267.75480321,-3.80850906367e-12,5.8004816228e-18,0.610430762208,0.063394912648,8.08901242524,0.406493200563,8.4955056258,-5.84708686958,0.361803850349,0.0110553904888,0.641203103569,0,3.7148062404e-10,0.172266561149,9.63075266719,0.406493200563,0.613897899517,0.0632045839832,0,449.182924416,8.470058422e-18,0.610430762208,0.063394912648,7.42916157368,10.74,1,3.69749110937,0,0,0,98.6666666667,True,sensor,0.2
case2,2,6,6,True,73.8,94.6666666667,1,75,0.05,0.005,1,2,0.6,0.8,0.1,0.7,0.02,0.05,0.5,63.1757688642,67,67,488.015220745,1170.90422753,-1.68719718028,339.001394974,1318.23085612,4.43378667114e-12,3.66731384843e-18,0.610636467552,0.0612001857084,8.40415716073,0.400101550666,8.8042587114,-5.61991345346,0.360938722493,0.0110942211534,0.645657804914,0,3.69434260961e-10,0.18500960121,9.95273065925,0.400101550666,0.614591982892,0.0610179815858,0,477.621949364,8.57603918436e-18,0.610636467552,0.0612001857084,7.81741036789,11.1,1,3.82423113585,0,0,0,98.6666666667,True,sensor,0.2
case2,3,6,6,True,75,94.6666666667,1,75,0.05,0.005,1,2,0.6,0.8,0.1,0.7,0.02,0.05,1,67.6911089897,71.4,71.4,470.664583485,1311.17879919,-2.16453792155,367.387764986,1412.29107977,-6.08224581811e-12,7.93771515531e-18,0.609171866744,0.0663993505038,8.84079801327,0.45491393226,9.29571194553,-5.19614202133,0.355705706755,0.0112452221235,0.651215730159,0,6.10741679452e-10,0.200296730773,11.3073326969,0.45491393226,0.615368101852,0.0661919661474,0,467.322188872,8.63268874787e-18,0.609171866744,0.0663993505038,8.59410991382,12.42,1,3.70889101029,0,0,0,98.6666666667,True,sensor,0.2
case2,4,6,6,True,80.2,94.6666666667,1,85,0.05,0.005,1,2,0.6,0.8,0.1,0.7,0.02,0.05,0,68.8615814328,73.2,73.2,378.584413257,1371.94115294,-1.79219642838,368.569639174,1380.16373059,-4.14956957684e-12,1.13925253779e-17,0.60741067354,0.0756347266962,8.94922245067,0.403366583844,9.35258903451,-5.35904519228,0.351422131822,0.0113168834831,0.641064551781,0,3.72123665215e-10,0.144042870827,11.6584744298,0.403366583844,0.614218555568,0.075389998807,0,375.442635601,1.1421527786e-17,0.60741067354,0.0756347266962,8.56402908694,12.96,1,4.33841856718,0,0,0,98.6666666667,True,sensor,0.2
case2,5,6,6,True,82.6,94.6666666667,1,85,0.05,0.005,1,2,0.6,0.8,0.1,0.7,0.02,0.05,0.5,71.4941959739,75.4,75.4,373.213633333,1441.84108022,-2.07362451031,383.455738459,1429.52535058,-1.25055521494e-12,1.60361632827e-17,0.60712599727,0.0773187915369,9.06371514145,0.436808343638,9.50052348509,-5.12641855202,0.348877541651,0.0113944223662,0.645202019531,0,9.72377733888e-10,0.15514801869,12.4482587922,0.436808343638,0.61469212665,0.0770801671368,0,373.206195449,1.60361632827e-17,0.60712599727,0.0773187915369,8.91037312403,13.62,1,3.90580402613,0,0,0,98.6666666667,True,sensor,0.2
case2,6,6,6,True,84.6,94.6666666667,1,85,0.05,0.005,1,2,0.6,0.8,0.1,0.7,0.02,0.05,1,73.0933810234,77,77,351.954626539,1493.13058641,-1.998211223,393.899023723,1449.187978,-1.04023456515e-11,2.3282699553e-17,0.60555476397,0.0844677670505,8.97435622057,0.454406732528,9.42876295309,-5.02167375584,0.346923245046,0.011452428124,0.650449183215,0,5.55338885988e-10,0.176435987998,12.928014307,0.454406732528,0.614425589293,0.0841947340324,0,351.954626539,2.3282699553e-17,0.60555476397,0.0844677670505,8.84796457558,14.1,1,3.9066189766,0,0,0,98.6666666667,True,sensor,0.2
case2,7,6,6,True,89.4,94.6666666667,1,95,0.05,0.005,1,2,0.6,0.8,0.1,0.7,0.02,0.05,0,74.3097002745,78.2,78.2,293.649517274,1533.79166142,-1.82447038223,394.078359927,1431.53834838,-1.98951966013e-12,2.71424592871e-17,0.605021876884,0.0887272508766,9.05233391579,0.432355728457,9.48468964424,-5.11413317752,0.343949836263,0.0115019791441,0.640960307178,0,3.72759600964e-10,0.124316374662,13.2929100823,0.432355728457,0.613810877765,0.0884562993519,0,293.649517274,2.71424592871e-17,0.605021876884,0.0887272508766,8.9546991526,14.46,1,3.89029972553,0,0,0,98.6666666667,True,sensor,0.2
case2,8,6,6,True,92.2,94.6666666667,1,95,0.05,0.005,1,2,0.6,0.8,0.1,0.7,0.02,0.05,0.5,74.6909518123,78.6,78.6,294.178585178,1546.40471933,-1.80705302139,397.757846899,1441.01840459,3.46744855051e-12,2.97396655913e-17,0.604448965185,0.0905608954626,9.0040734345,0.441988768581,9.44606220308,-5.06345722905,0.34367987963,0.0115159070104,0.644840957636,0,9.0805762909e-10,0.133739500018,13.4072855437,0.441988768581,0.613807476436,0.0902762803166,0,294.178585178,2.97396655913e-17,0.604448965185,0.0905608954626,8.90677693116,14.58,1,3.90904818773,0,0,0,98.6666666667,True,sensor,0.2
case2,9,6,6,True,95,94.6666666667,1,95,0.05,0.005,1,2,0.6,0.8,0.1,0.7,0.02,0.05,1,75.4575396895,79.4,79.4,283.088096659,1572.14829437,-1.71296711851,403.394736976,1450.12868694,6.87805368216e-12,3.33684902626e-17,0.603560593372,0.0955771712331,8.94633772426,0.448207677421,9.39454540168,-5.01299875794,0.342718969383,0.0115452489051,0.649817675693,0,5.11322539865e-10,0.159815651674,13.6372619069,0.448207677421,0.613551169661,0.095269812159,0,283.088096659,3.33684902626e-17,0.603560593372,0.0955771712331,8.84664652403,14.82,1,3.94246031046,0,0,0,98.6666666667,True,sensor,0.2
case2,10,6,6,True,95.6,94.6666666667,1,105,0.05,0.005,1,2,0.6,0.8,0.1,0.7,0.02,0.05,0,76.4458032131,80.4,80.4,239.407623317,1605.84473081,-1.61549962427,403.867053268,1439.76980123,-9.77706804406e-12,3.60822483003e-17,0.603122113968,0.0981602009608,8.99771414108,0.437952152191,9.43566629327,-5.06849457228,0.340359147672,0.0115868502,0.640879199555,0,3.73379549501e-10,0.109857117028,13.9337409639,0.437952152191,0.613161414943,0.0978511370501,0,239.407623317,3.60822483003e-17,0.603122113968,0.0981602009608,8.92328514816,15.12,1,3.95419678688,0,0,0,98.6666666667,True,sensor,0.2
case2,11,6,6,True,96.4,94.6666666667,1,105,0.05,0.005,1,2,0.6,0.8,0.1,0.7,0.02,0.05,0.5,76.5849737883,80.6,80.6,241.814485461,1612.11504883,-1.59664640526,406.187584095,1446.14530379,-1.25055521494e-11,3.45817124936e-17,0.602819328353,0.0994607104784,8.96768687181,0.447490716455,9.41517758826,-5.03543836886,0.340293850305,0.0115934663539,0.644548940135,0,8.5529983096e-10,0.117776043581,13.9754921365,0.447490716455,0.613161971857,0.0991356110171,0,241.814485461,3.47183219673e-17,0.602819328353,0.0994607104784,8.88774507327,15.18,1,4.01502621174,0,0,0,98.6666666667,True,sensor,0.2
case2,12,5,6,False,89.2,94.6666666667,1,105,0.05,0.005,1,2,0.6,0.8,0.1,0.7,0.02,0.05,1,77.0034532428,81,81,236.8458635,1625.00972041,-1.51154413277,409.489605211,1450.85443457,-1.43245415529e-11,3.46196595696e-17,0.60229059782,0.102896873311,8.92937876164,0.447066988999,9.37644575064,-5.00768039201,0.339841824716,0.0116081456872,0.649291101567,0,4.75449013493e-10,0.14779645544,14.1010359728,0.447066988999,0.612957551068,0.102562407969,0,236.8458635,3.5501658037e-17,0.60229059782,0.102896873311,8.84665687719,15.3,1,3.99654675722,0,0,0,98.6666666667,True,sensor,0.2
case3,0,0,6,False,-1,94.6666666667,0.733565812579,98.5720541876,0.216770586157,0.0351750487306,0.606984519683,2,0.6,0.8,0.1,0.7,0.02,0.20018032,1,95.363559258,98.4,98.4,1767.58390494,2258.35701301,10.1515992817,380.152797094,3655.93972013,1.64277480508e-11,5.26380154742e-19,0.568864079886,0.28268815294,7.48886300786,0.302193304353,7.57446636075,-9.61744613235,0.291440776233,0.0124606790348,0.508594709498,0,2.6809732212e-10,0.536753769053,19.6090677774,0.302193304353,0.590132770019,0.282017649564,0,1697.62692931,3.06693689542e-17,0.568864079886,0.28268815294,7.48886300786,20.52,1,3.03644074202,0,0,0,98.6666666667,True,sensor,0.2
case3,1,6,6,True,98.2,94.6666666667,1,96.6006131038,0.216770586157,0.0351750487306,0.606984519683,2,0.6,0.8,0.1,0.7,0.02,0.20018032,1,92.3757102489,95.4,95.4,1808.49048421,2156.28848468,9.4289187338,368.821466059,3605.38642157,3.68345354218e-11,1.20406072265e-17,0.570790806249,0.26522026591,7.38377889749,0.530962206685,7.62372630686,-9.90751072199,0.296769217657,0.0123155739293,0.508923443352,0,2.71624278625e-10,0.563421182157,18.7127130747,0.530962206685,0.592397689001,0.264265303201,0,1728.61167981,2.97483392087e-17,0.570790806249,0.26522026591,7.38377889749,19.62,1,3.02428975106,0,0,0,98.6666666667,True,sensor,0.2
case3,2,6,6,True,93.2,94.6666666667,2,96.6006131038,0.216770586157,0.0351750487306,0.606984519683,2,0.6,0.8,0.1,0.7,0.02,0.20018032,1,88.5384602308,91.6,91.6,1855.84330336,2027.24407642,8.55084722011,354.530860043,3537.10736696,3.7175595935e-11,2.91108283312e-17,0.573447821061,0.243302104708,7.23977370137,0.763224421531,7.67133558124,-10.285944953,0.303504062414,0.0121379673309,0.50935924819,0,2.76450640158e-10,0.59791061521,17.5615380692,0.763224421531,0.595030162461,0.242280968388,0,1765.53041793,3.13600057381e-17,0.573447821061,0.243302104708,7.23977370137,18.48,1,3.06153976918,0,0,0,98.6666666667,True,sensor,0.2
case3,3,6,6,True,87.2,94.6666666667,3.5,96.6006131038,0.216770586157,0.0351750487306,0.606984519683,2,0.6,0.8,0.1,0.7,0.02,0.20018032,1,83.3448731184,86.2,86.2,1900.02610855,1844.78218176,7.52999850072,333.582947418,3418.7553414,6.21867002337e-11,2.53594888144e-17,0.57741687712,0.214638470314,7.0258214921,0.756101716455,7.63235348299,-10.8787516365,0.31291470446,0.0119043872578,0.509967877064,0,2.83576995219e-10,0.636522996678,16.0034619355,0.756101716455,0.597566035296,0.213807060837,0,1810.35649743,2.53594888144e-17,0.57741687712,0.214638470314,7.0258214921,16.86,1,2.8551268816,0,0,0,98.6666666667,True,sensor,0.2
case3,4,6,6,True,96.6,94.6666666667,1,92.6577309363,0.216770586157,0.0351750487306,0.606984519683,2,0.6,0.8,0.1,0.7,0.02,0.20018032,1,88.6019775867,91.6,91.6,1847.529105,2027.33914997,8.58750628579,354.35832319,3529.09743807,3.20028448186e-11,2.59807366593e-17,0.573402201457,0.243658713332,7.24223738804,0.532729232808,7.65493963881,-10.2961199086,0.303458057594,0.0121440137022,0.509351854198,0,2.76369593877e-10,0.590500630608,17.580593276,0.532729232808,0.59444933731,0.242771478285,0,1764.95255835,3.0140278294e-17,0.573402201457,0.243658713332,7.24223738804,18.48,1,2.99802241326,0,0,0,98.6666666667,True,sensor,0.2
case3,5,6,6,True,88.8,94.6666666667,2,92.6577309363,0.216770586157,0.0351750487306,0.606984519683,2,0.6,0.8,0.1,0.7,0.02,0.20018032,1,84.9211549282,87.8,87.8,1886.08062946,1898.83509304,7.84110691918,339.701139213,3453.0556902,1.3869794202e-11,2.87730993545e-17,0.576163049352,0.223209907312,7.09327929202,0.748199288954,7.64232058757,-10.7054267717,0.310106050966,0.0119729225552,0.509781337838,0,2.81338008445e-10,0.624380669389,16.4763464785,0.748199288954,0.596784857792,0.222347074792,0,1797.37974961,2.8864172337e-17,0.576163049352,0.223209907312,7.09327929202,17.34,1,2.8788450718,0,0,0,98.6666666667,True,sensor,0.2
case3,6,6,6,True,84.2,94.6666666667,3.5,92.6577309363,0.216770586157,0.0351750487306,0.606984519683,2,0.6,0.8,0.1,0.7,0.02,0.20018032,1,79.9399648905,82.8,82.8,1930.13129081,1730.01880843,6.87207292305,320.713532416,3346.30863975,1.35287336889e-11,1.66129588385e-17,0.580286924689,0.196526324366,6.87192326817,0.789762882443,7.59918228629,-11.2460574678,0.318912482488,0.0117610212789,0.510362262906,0,2.88907009427e-10,0.663935921313,14.9819894671,0.789762882443,0.599235245987,0.19572983431,0,1836.48441538,1.66129588385e-17,0.580286924689,0.196526324366,6.87192326817,15.84,1,2.86003510952,0,0,0,98.6666666667,True,sensor,0.2
case3,7,6,6,True,90.4,94.6666666667,1,88.7148487688,0.216770586157,0.0351750487306,0.606984519683,2,0.6,0.8,0.1,0.7,0.02,0.20018032,1,84.8279749155,87.8,87.8,1883.44493703,1898.71227791,7.79943882846,339.895235358,3450.06141841,3.10933501169e-11,2.91249229595e-17,0.576236036434,0.222699175932,7.12724913253,0.534634437306,7.66188356983,-10.6964113704,0.310146899782,0.0119778131422,0.509792163636,0,2.81470291519e-10,0.618395160206,16.4483924747,0.534634437306,0.596377884185,0.221878437672,0,1798.16661618,2.9304358419e-17,0.576236036434,0.222699175932,7.08934495,17.34,1,2.9720250845,0,0,0,98.6666666667,True,sensor,0.2
case3,8,6,6,True,85.6,94.6666666667,2,88.7148487688,0.216770586157,0.0351750487306,0.606984519683,2,0.6,0.8,0.1,0.7,0.02,0.20018032,1,81.3041005731,84.2,84.2,1919.59585675,1777.19706693,7.12034821517,326.102211891,3377.81106001,4.53610482509e-11,2.09185967159e-17,0.579109380853,0.20371503415,6.93497604416,0.786187254813,7.6265191182,-11.0890952316,0.316465132919,0.0118191939458,0.510211174836,0,2.86667217742e-10,0.653041656855,15.3912301719,0.786187254813,0.59861598607,0.202882720049,0,1826.33105351,2.09185967159e-17,0.579109380853,0.20371503415,6.93497604416,16.26,1,2.89589942694,0,0,0,98.6666666667,True,sensor,0.2
case3,9,6,6,True,80.8,94.6666666667,3.5,88.7148487688,0.216770586157,0.0351750487306,0.606984519683,2,0.6,0.8,0.1,0.7,0.02,0.20018032,1,76.5357718348,79.4,79.4,1957.7644765,1615.47980274,6.25371823557,307.845016655,3271.65298083,6.27551344223e-11,8.17244492565e-18,0.583401070761,0.178998512143,6.70590746025,0.826307554884,7.52210886697,-11.6207596003,0.324903974227,0.0116213670904,0.510362262906,0,2.94789304078e-10,0.692831432534,13.9607315505,0.826307554884,0.600803929478,0.178238408969,0,1859.93562558,8.17244492565e-18,0.583401070761,0.178998512143,6.70544060992,14.82,1,2.86422816515,0,0,0,98.6666666667,True,sensor,0.2
case3,10,6,6,True,86.4,94.6666666667,1,82.8005255176,0.216770586157,0.0351750487306,0.606984519683,2,0.6,0.8,0.1,0.7,0.02,0.20018032,1,79.1677540898,82,82,1928.83364487,1703.09196322,6.74008312597,317.58963874,3321.07605248,4.34283720097e-11,1.42916819872e-17,0.580970923182,0.192497068482,7.04118718843,0.535047025013,7.57623421345,-11.3399294609,0.320294967984,0.0117342718188,0.510362262906,0,2.90207857745e-10,0.66185943612,14.7503262269,0.535047025013,0.598987499018,0.191813374632,0,1842.04701611,1.42916819872e-17,0.580970923182,0.192497068482,6.83535550993,15.6,1,2.83224591017,0,0,0,98.6666666667,True,sensor,0.2
case3,11,6,6,True,80.2,94.6666666667,2,82.8005255176,0.216770586157,0.0351750487306,0.606984519683,2,0.6,0.8,0.1,0.7,0.02,0.20018032,1,75.8798314571,78.8,78.8,1964.73023822,1595.22137187,6.12434872874,305.705989486,3260.36996933,6.15614226263e-11,7.56854431558e-18,0.584031958811,0.175690879857,6.67226633686,0.849774027298,7.5167824392,-11.680471159,0.325993441861,0.0115965045624,0.510362262906,0,2.95979019072e-10,0.699009542746,13.7639494371,0.849774027298,0.601152921906,0.174908469351,0,1864.13588973,7.56854431558e-18,0.584031958811,0.175690879857,6.66939403874,14.64,1,2.92016854286,0,0,0,98.6666666667,True,sensor,0.2
case3,12,6,6,True,75.4,94.6666666667,3.5,82.8005255176,0.216770586157,0.0351750487306,0.606984519683,2,0.6,0.8,0.1,0.7,0.02,0.20018032,1,71.4311686993,74.2,74.2,1990.66239171,1440.81925319,5.41840483787,287.926857082,3148.97319266,5.08180164616e-11,3.63234832837e-18,0.588603621019,0.15388880367,6.40151959357,0.856243210907,7.25776280448,-12.2192436533,0.333972564719,0.0114155748043,0.510362262906,0,3.04605896062e-10,0.739241991173,12.4293506098,0.856243210907,0.602854429257,0.153234576993,0,1889.733206,6.35315368022e-18,0.588603621019,0.15388880367,6.33817322542,13.26,1,2.76883130074,0,0,0,98.6666666667,True,sensor,0.2
case3,13,6,6,True,79.4,94.6666666667,1,73.9290406407,0.216770586157,0.0351750487306,0.606984519683,2,0.6,0.8,0.1,0.7,0.02,0.20018032,1,70.6810146213,73.4,73.4,1985.28373043,1414.03555199,5.31407748083,284.742980559,3119.89037934,4.00746102969e-11,3.95300112088e-18,0.5894286616,0.15032551683,6.64934147214,0.53893340468,7.18827487682,-12.320399111,0.335326427798,0.0113921763527,0.510362262906,0,3.06182190712e-10,0.736618335153,12.2043043864,0.53893340468,0.602377525684,0.149792034546,0,1893.51706583,6.15366048048e-18,0.5894286616,0.15032551683,6.26488122298,13.02,1,2.71898537874,0,0,0,98.6666666667,True,sensor,0.2
case3,14,6,6,True,71.2,94.6666666667,2,73.9290406407,0.216770586157,0.0351750487306,0.606984519683,2,0.6,0.8,0.1,0.7,0.02,0.20018032,1,67.74618994,70.6,70.6,2016.15150245,1319.98133893,4.82024500744,274.499780575,3066.45330581,4.33146851719e-11,6.23063883473e-18,0.592824294569,0.136714571492,6.0647151622,0.930426806613,6.99514196881,-12.6211626453,0.34029119488,0.0112759599919,0.510362262906,0,3.12659231838e-10,0.77787791793,11.323856982,0.930426806613,0.604362245959,0.136063544485,0,1906.73085985,6.95325958269e-18,0.592824294569,0.136714571492,5.91903593801,12.18,1,2.85381006003,0,0,0,98.6666666667,True,sensor,0.2
case3,15,6,6,True,67.4,94.6666666667,3.5,73.9290406407,0.216770586157,0.0351750487306,0.606984519683,2,0.6,0.8,0.1,0.7,0.02,0.20018032,1,63.7706008077,66.6,66.6,2034.95443882,1186.07468762,4.23560296824,259.290821784,2965.97390763,5.04201125295e-11,6.73750335037e-18,0.597895460497,0.11917082668,5.53440368645,0.978937934262,6.51334162071,-13.0892789866,0.347115305868,0.011126246567,0.510362262906,0,3.22335047542e-10,0.823571218397,10.1311802423,0.978937934262,0.605721349278,0.118579036031,0,1920.03653013,6.89688106972e-18,0.597895460497,0.11917082668,5.26900984744,10.98,1,2.82939919233,0,0,0,98.6666666667,True,sensor,0.2
