case,seed,noise_T_K,noise_V_V,initial_shift_K,G_factor,G_EP_factor,h_factor,first_success_s,stop_s,elapsed_s,E_aux_J,E_gen_J,E_phase_J,E_loss_J,E_sensible_J,energy_residual_J,water_residual_kg,min_voltage_V,max_ice_bulk,dTmax_K,final_min_T_C,final_max_T_C,final_left_EP_C,min_gas_porosity,max_j_over_jlim,min_kappa_S_m,min_inventory,max_iteration_error_K,max_power_W_cm2,charge_at_success_C_cm2,post_min_T_C,post_min_voltage_V,post_max_ice_bulk,post_energy_J,first_success_energy_J,max_water_residual_kg,first_min_voltage_V,first_max_ice_bulk,first_dTmax_K,charge_at_stop_C_cm2,physical_hold_completed,physical_hold_s,observer_max_temperature_error_K,observer_max_ice_error,post_max_iteration_error_K,startup_window_end_s,feasible,shutdown_mode,sensor_stop_margin_C
case1,3000,0.2,0.005,-1,1,1,1,92.5392207086,95.8,95.8,3057.54217762,2216.55090512,16.5352589566,290.27935181,5000.34898989,5.90148374613e-10,6.87492597573e-18,0.550852141837,0.334979871233,6.47245903932,0.571910977381,6.83547150548,-13.716530878,0.279145578328,0.0124624710633,0.423858397741,0,7.68885399793e-10,1,18.7617662126,0.571910977381,0.57970933024,0.333165754007,0,2907.11287392,1.45564983678e-17,0.550852141837,0.334979871233,6.47245903932,19.74,1,3.26077929139,0.667203827285,0.000665616047696,0,98.6666666667,True,sensor,0.2
case1,3001,0.2,0.005,-1,1,1,1,92.6930008054,95.6,95.6,3050.45122287,2210.03386311,16.6421370016,288.995531471,4988.13169151,4.9948312153e-10,6.63260679018e-18,0.551218573872,0.33499010611,6.505385514,0.737564979436,6.75875699763,-13.791024822,0.279306622221,0.0124509504805,0.423858397741,0,9.35916233402e-10,1,18.8079002416,0.737564979436,0.579849833483,0.333351191738,0,2911.82491894,1.4300084554e-17,0.551218573872,0.33499010611,6.505385514,19.68,1,2.90699919462,0.840253533337,0.000718235275137,0,98.6666666667,True,sensor,0.2
case1,3002,0.2,0.005,-1,1,1,1,92.6536741018,95.4,95.4,3035.26885617,2203.59379489,16.7590369134,287.335661634,4968.28602633,5.32679678145e-10,6.33661959709e-18,0.551065035713,0.335137764409,6.47265482092,0.539668086896,6.69747353649,-13.862417658,0.279445703226,0.0124478727866,0.423858397741,0,7.31414928623e-10,1,18.7961022305,0.539668086896,0.579256660324,0.333906633749,0,2907.83862079,1.38794141111e-17,0.551065035713,0.335137764409,6.47265482092,19.62,1,2.74632589817,0.641606890416,0.000900657726603,0,98.6666666667,True,sensor,0.2
case1,3003,0.2,0.005,-1,1,1,1,92.6972580791,95.8,95.8,3059.17058423,2216.79724542,16.5681273518,290.171845958,5002.36411104,5.08862285642e-10,5.63676709475e-18,0.551027390056,0.334917892058,6.49856528131,0.752062249459,6.82474981165,-13.7302817174,0.279079861938,0.0124591539743,0.423858397741,0,6.06000583048e-10,1,18.8091774237,0.752062249459,0.579959191706,0.333305404868,0,2912.43232574,1.39368768262e-17,0.551027390056,0.334917892058,6.49856528131,19.74,1,3.10274192095,0.88377877571,0.00079315759755,0,98.6666666667,True,sensor,0.2
case1,3004,0.2,0.005,-1,1,1,1,92.5775918305,95.8,95.8,3054.92001783,2216.72858514,16.5999004955,290.107085829,4998.14141763,4.59294824395e-10,7.04622991898e-18,0.551059828937,0.335233644451,6.48923156921,0.557735412535,6.81688358828,-13.7318207795,0.27909286372,0.0124634686482,0.423858397741,0,8.36518410097e-10,1,18.7732775491,0.557735412535,0.579516723219,0.333441151399,0,2905.57804151,1.45510773569e-17,0.551059828937,0.335233644451,6.48923156921,19.74,1,3.22240816951,0.634760724965,0.000644865193813,0,98.6666666667,True,sensor,0.2
case1,3005,0.2,0.005,-1,1,1,1,92.5744787157,95.6,95.6,3049.09305008,2209.98120234,16.6278866573,289.150087675,4986.5520514,4.98857843922e-10,6.55183372833e-18,0.55121521126,0.334884011542,6.46754716028,0.531453149537,6.76982489341,-13.7856223479,0.279355459178,0.0124555574839,0.423858397741,0,7.66377183936e-10,1,18.7723436147,0.531453149537,0.579448955016,0.3331223339,0,2908.31615686,1.41651013835e-17,0.55121521126,0.334884011542,6.46754716028,19.68,1,3.02552128434,0.731209419059,0.000628721740214,0,98.6666666667,True,sensor,0.2
case1,3006,0.2,0.005,-1,1,1,1,92.8496955097,95.4,95.4,3043.02991355,2203.44273862,16.7041787286,287.921809527,4975.25502137,5.62238255952e-10,6.35559313511e-18,0.550883842299,0.334706736839,6.5187723787,0.573795163239,6.70971004957,-13.8432923096,0.279575405605,0.0124480209544,0.423858397741,0,7.90254972571e-10,1,18.8549086529,0.573795163239,0.579471412669,0.33335053514,0,2920.80481898,1.33595391694e-17,0.550883842299,0.334706736839,6.5187723787,19.62,1,2.55030449033,0.679560917164,0.000513779949593,0,98.6666666667,True,sensor,0.2
case1,3007,0.2,0.005,-1,1,1,1,92.6777166605,95.8,95.8,3062.91316948,2216.65477674,16.5308761488,290.271999712,5005.82682266,5.26256371813e-10,6.18483129294e-18,0.550840733415,0.334830203243,6.53444799792,0.847316438062,6.83804084089,-13.7287405525,0.279103814029,0.0124562214034,0.423858397741,0,8.322338374e-10,1,18.8033149981,0.847316438062,0.580292620343,0.33291512231,0,2913.10300457,1.36327581168e-17,0.550840733415,0.334830203243,6.53444799792,19.74,1,3.1222833395,0.760656251563,0.000565988533849,0,98.6666666667,True,sensor,0.2
case1,3008,0.2,0.005,-1,1,1,1,92.6282868028,95.6,95.6,3044.08649709,2210.06222711,16.6600538845,288.842155352,4981.96662273,4.8152060117e-10,6.65049612603e-18,0.551164931777,0.33512739744,6.48119107917,0.493152568178,6.75075907179,-13.7936933002,0.279311672037,0.012458890571,0.423858397741,0,9.65748370163e-10,1,18.7884860408,0.493152568178,0.579304303509,0.333599916373,0,2907.79947911,1.42653900845e-17,0.551164931777,0.33512739744,6.48119107917,19.68,1,2.97171319723,0.764932780501,0.00064039070107,0,98.6666666667,True,sensor,0.2
case1,3009,0.2,0.005,-1,1,1,1,92.5775191486,95.6,95.6,3048.43274182,2210.12572336,16.6359763972,288.797898518,4986.39654306,4.78621586808e-10,7.73632460177e-18,0.551178729169,0.335073417012,6.45387122726,0.677071782167,6.77645190631,-13.8009165153,0.279232011911,0.0124538180522,0.423858397741,0,6.58811671883e-10,1,18.7732557446,0.677071782167,0.579662675864,0.333632739771,0,2907.15948721,1.44139257821e-17,0.551178729169,0.335073417012,6.45387122726,19.68,1,3.02248085141,0.785551236917,0.000721371115763,0,98.6666666667,True,sensor,0.2
case1,3000,0.2,0.005,0,1,1,1,92.410262531,95.8,95.8,2923.44021071,2210.92065526,15.664533693,299.817054978,4850.20834469,3.84773102269e-10,5.25079112135e-18,0.553119832727,0.326156859351,6.57338365566,0.582641383355,6.95182128805,-13.2560607236,0.281219519612,0.012444654615,0.433085516812,0,7.63712648677e-10,0.997854188319,18.7230787593,0.582641383355,0.581292664426,0.324287698696,0,2774.34549418,1.4866038088e-17,0.553119832727,0.326156859351,6.57338365566,19.74,1,3.38973746896,0.667204226446,0.000632597767981,0,98.6666666667,True,sensor,0.2
case1,3001,0.2,0.005,0,1,1,1,92.5512179613,95.4,95.4,2909.82104378,2197.84976526,15.8418159224,297.314417718,4826.19820725,3.6078517951e-10,5.9620277465e-18,0.553466998195,0.326069962121,6.60292234276,0.756218971972,6.82703077249,-13.387113409,0.281605529207,0.0124243563437,0.433085516812,0,9.30750587713e-10,1,18.7653653884,0.756218971972,0.581368473269,0.324576031313,0,2778.59083414,1.4941390139e-17,0.553466998195,0.326069962121,6.60292234276,19.62,1,2.84878203869,0.840259428219,0.000702540932895,0,98.6666666667,True,sensor,0.2
case1,3002,0.2,0.005,0,1,1,1,92.4730387628,95.2,95.2,2893.75764974,2191.40349484,15.9527003522,295.668580071,4805.44526487,4.24734025728e-10,6.41034534482e-18,0.55331647858,0.326260732984,6.57102464849,0.527425188763,6.76779140537,-13.4560308363,0.281768090963,0.0124222087365,0.433085516812,0,7.2624573022e-10,1,18.7419116288,0.527425188763,0.580735637963,0.32510787428,0,2773.06443344,1.41472120477e-17,0.55331647858,0.326260732984,6.57102464849,19.56,1,2.72696123719,0.6416075293,0.000862276171596,0,98.6666666667,True,sensor,0.2
case1,3003,0.2,0.005,0,1,1,1,92.5935245514,95.8,95.8,2925.08427587,2211.15597668,15.6904795282,299.731609726,4852.19912235,3.76871867047e-10,5.92787537806e-18,0.553285894986,0.326083489988,6.59728762319,0.755258997896,6.94591193544,-13.268652922,0.281163505768,0.0124413920866,0.433085516812,0,5.99740701546e-10,1,18.7780573654,0.755258997896,0.581538981391,0.324379346747,0,2780.74551538,1.37894253308e-17,0.553285894986,0.326083489988,6.59728762319,19.74,1,3.20647544861,0.883784513975,0.000751663473125,0,98.6666666667,True,sensor,0.2
case1,3004,0.2,0.005,0,1,1,1,92.3337548912,95.8,95.8,2921.53009637,2211.09730759,15.7158497547,299.674444209,4848.66880951,4.42753389507e-10,5.70073502293e-18,0.553300255715,0.326368038948,6.58949340543,0.561763832703,6.94636628995,-13.2670010228,0.281182659328,0.0124455825459,0.433085516812,0,8.31352764408e-10,1,18.7001264673,0.561763832703,0.581115750331,0.324413786794,0,2768.74504644,1.41770276074e-17,0.553300255715,0.326368038948,6.58949340543,19.74,1,3.46624510884,0.634760799885,0.000627993187066,0,98.6666666667,True,sensor,0.2
case1,3005,0.2,0.005,0,1,1,1,92.4488925815,96.4,96.4,2944.50692155,2230.71481802,15.4502258944,303.5864509,4887.08551456,4.43321823695e-10,4.93474618807e-18,0.553470654851,0.326039795525,6.56841463794,0.560998626639,7.11078260223,-13.0911237143,0.280489479486,0.0124703182306,0.433085516812,0,7.76490871601e-10,1,18.7346677744,0.560998626639,0.581422911626,0.323653657122,0,2775.83126578,1.39818712164e-17,0.553470654851,0.326039795525,6.56841463794,19.92,1,3.95110741854,0.731210167306,0.000615352349578,0,98.6666666667,True,sensor,0.2
case1,3006,0.2,0.005,0,1,1,1,92.7505137861,96.4,96.4,2946.52454505,2230.76619302,15.4483838505,303.588585974,4889.15053594,4.80270045955e-10,4.67507976776e-18,0.553139048131,0.325902308044,6.61832748549,0.699202097326,7.10908288146,-13.0846434703,0.280514997465,0.0124669624713,0.433085516812,0,7.85064457887e-10,0.999566679122,18.8251541358,0.699202097326,0.581727344793,0.323671689464,0,2788.74019572,1.4104928163e-17,0.553139048131,0.325902308044,6.61832748549,19.92,1,3.64948621392,0.679561133448,0.000633533705698,0,98.6666666667,True,sensor,0.2
case1,3007,0.2,0.005,0,1,1,1,92.4689756572,95.8,95.8,2929.06229868,2211.01840679,15.6522465106,299.836937303,4855.89601468,4.33999503002e-10,6.45967654367e-18,0.553122264098,0.325917657135,6.63267825589,0.856518960937,6.9592091234,-13.2662597639,0.281185066467,0.0124383743831,0.433085516812,0,8.27046875429e-10,1,18.7406926972,0.856518960937,0.581893537161,0.323942470025,0,2776.96296908,1.45163828874e-17,0.553122264098,0.325917657135,6.63267825589,19.74,1,3.33102434278,0.760684252394,0.000567118744482,0,98.6666666667,True,sensor,0.2
case1,3008,0.2,0.005,0,1,1,1,92.4623188734,95.4,95.4,2907.9629836,2197.86031347,15.8541095141,297.16890818,4824.5084984,4.05350419896e-10,5.96799085845e-18,0.553409175938,0.3261987972,6.58003805191,0.685174349177,6.81951967099,-13.3893445318,0.281608865672,0.0124260332331,0.433085516812,0,9.90791448885e-10,1,18.738695662,0.685174349177,0.581194725936,0.324708719308,0,2773.69400953,1.39287453099e-17,0.553409175938,0.3261987972,6.58003805191,19.62,1,2.93768112659,0.764931270313,0.000610446975139,0,98.6666666667,True,sensor,0.2
case1,3009,0.2,0.005,0,1,1,1,92.4547061265,95,95,2890.26235666,2184.73809448,15.989544626,294.661437545,4796.32855821,4.53383108834e-10,6.91992036589e-18,0.553429735574,0.326210220477,6.55436894417,0.617927532733,6.72722583894,-13.5164238382,0.28199115477,0.0124120139922,0.433085516812,0,6.53617604485e-10,0.988034139094,18.7364118379,0.617927532733,0.580816303721,0.325219958918,0,2774.57247269,1.42290693117e-17,0.553429735574,0.326210220477,6.55436894417,19.5,1,2.54529387355,0.785552446632,0.000709084041586,0,98.6666666667,True,sensor,0.2
case1,3000,0.2,0.005,1,1,1,1,92.3051595092,95.8,95.8,2788.12326597,2205.3142977,14.7896362378,309.313857788,4698.91334212,3.69482222595e-10,5.62158826434e-18,0.555377297615,0.31742258368,6.67409296546,0.585475791017,7.06411410407,-12.7987898153,0.283263849426,0.0124276662744,0.442435445386,0,7.42673478271e-10,0.950208757767,18.6915478528,0.585475791017,0.582840170443,0.315557707332,0,2642.23780403,1.43212264964e-17,0.555377297615,0.31742258368,6.67409296546,19.74,1,3.49484049082,0.667205080965,0.000600106122016,0,98.6666666667,True,sensor,0.2
case1,3001,0.2,0.005,1,1,1,1,92.4611133158,95.4,95.4,2775.76354561,2192.28279024,14.963349784,306.837474322,4676.17221131,2.91095147986e-10,4.79271570347e-18,0.555725198735,0.317282733852,6.70186821122,0.78826422701,6.94448835464,-12.9259839906,0.283667360248,0.0124066501599,0.442435445386,0,9.13527031798e-10,0.992816688344,18.7383339947,0.78826422701,0.582986050805,0.31582196364,0,2646.98666828,1.40133130794e-17,0.555725198735,0.317282733852,6.70186821122,19.62,1,2.93888668418,0.840267555288,0.00068699070256,0,98.6666666667,True,sensor,0.2
case1,3002,0.2,0.005,1,1,1,1,92.3579448223,95.2,95.2,2759.89153559,2185.83545376,15.0725024482,305.167073457,4655.63241834,3.2935076888e-10,5.03774539445e-18,0.555571915857,0.31753196226,6.67034015256,0.547335380855,6.88582899674,-12.9928903247,0.283820951386,0.012404832821,0.442435445386,0,7.0481576131e-10,0.955115943374,18.7073834467,0.547335380855,0.582329360794,0.316356549668,0,2640.38217519,1.35964373441e-17,0.555571915857,0.31753196226,6.67034015256,19.56,1,2.84205517769,0.641608278518,0.000827190347052,0,98.6666666667,True,sensor,0.2
case1,3003,0.2,0.005,1,1,1,1,92.5113319933,95.8,95.8,2789.85847933,2205.54102962,14.8141542584,309.232277986,4700.98138522,3.37536221195e-10,6.21681525703e-18,0.555541362088,0.317342380148,6.69659086035,0.760425690133,7.05893103069,-12.8109671079,0.283208430422,0.012424280224,0.442435445386,0,5.78001646545e-10,0.973000779578,18.753399598,0.760425690133,0.58309651579,0.315612759049,0,2649.0675136,1.4098965051e-17,0.555541362088,0.317342380148,6.69659086035,19.74,1,3.28866800666,0.883790213123,0.000716342216698,0,98.6666666667,True,sensor,0.2
case1,3004,0.2,0.005,1,1,1,1,92.2353479624,95.6,95.6,2779.28964754,2198.89803678,14.9117563126,307.936110241,4685.1633304,3.21449533658e-10,5.00467722819e-18,0.555554456474,0.317619885512,6.69218998289,0.529759653053,7.00420030377,-12.8676967143,0.283466404175,0.0124211846619,0.442435445386,0,8.11692046909e-10,0.976077141248,18.6706043887,0.529759653053,0.582506114272,0.315777286445,0,2637.12446069,1.39910869348e-17,0.555554456474,0.317619885512,6.69218998289,19.68,1,3.36465203762,0.634760874358,0.00062378267183,0,98.6666666667,True,sensor,0.2
case1,3005,0.2,0.005,1,1,1,1,92.3604531765,96.4,96.4,2807.98446818,2225.0567164,14.5777172948,313.08471956,4734.53418232,3.58170382242e-10,7.07767178199e-18,0.555724803981,0.317307387321,6.67164967682,0.567999545252,7.21727014433,-12.6393980919,0.282532485465,0.0124531530461,0.442435445386,0,7.40342898098e-10,0.970182900913,18.7081359529,0.567999545252,0.582975618768,0.314892109739,0,2644.32938078,1.39444662414e-17,0.555724803981,0.317307387321,6.67164967682,19.92,1,4.0395468235,0.731211047539,0.000618866865652,0,98.6666666667,True,sensor,0.2
case1,3006,0.2,0.005,1,1,1,1,92.6519735515,96.4,96.4,2809.85416631,2225.1140408,14.576704261,313.086898959,4736.45801242,3.68288510799e-10,6.25909914176e-18,0.555399187165,0.317155090732,6.71926787712,0.697310384328,7.21631490992,-12.6327888129,0.282555132352,0.0124501639563,0.442435445386,0,7.64842411627e-10,0.954932486121,18.7955920655,0.697310384328,0.583253297282,0.314956589769,0,2656.1950765,1.34988591485e-17,0.555399187165,0.317155090732,6.71926787712,19.92,1,3.74802644849,0.679562040843,0.000606250183827,0,98.6666666667,True,sensor,0.2
case1,3007,0.2,0.005,1,1,1,1,92.3446843326,95.8,95.8,2793.71549719,2205.40702477,14.7763931185,309.334240908,4704.56467416,3.37252004101e-10,4.45390252457e-18,0.555378494492,0.317168983949,6.73411629926,0.862012276826,7.07152923275,-12.8089394245,0.283230189654,0.012421337658,0.442435445386,0,8.07542477332e-10,1,18.7034052998,0.862012276826,0.58343849402,0.315194707426,0,2643.96475355,1.38940508404e-17,0.555378494492,0.317168983949,6.73411629926,19.74,1,3.45531566739,0.76071316305,0.000579338751321,0,98.6666666667,True,sensor,0.2
case1,3008,0.2,0.005,1,1,1,1,92.3756979287,95.4,95.4,2773.42842452,2192.26493263,14.9737024353,306.665974121,4674.00108547,3.26451754518e-10,4.45444462566e-18,0.555654258493,0.317462464307,6.68061167424,0.691340252253,6.93567622899,-12.9283275353,0.283658599566,0.0124089740681,0.442435445386,0,9.93154003481e-10,0.956658496638,18.7127093786,0.691340252253,0.582756301118,0.315955284988,0,2642.16875676,1.38609826741e-17,0.555654258493,0.317462464307,6.68061167424,19.62,1,3.02430207133,0.764930063654,0.000587344143472,0,98.6666666667,True,sensor,0.2
case1,3009,0.2,0.005,1,1,1,1,92.3596330762,95,95,2756.51688499,2179.18339443,15.1088554907,304.158085062,4646.65104985,3.41685790772e-10,5.62484087085e-18,0.555679470853,0.317478452187,6.65608438116,0.61739933835,6.84707698011,-13.0514303078,0.284046759206,0.0123951015168,0.442435445386,0,6.3145932927e-10,0.94030805791,18.7078899229,0.61739933835,0.582366785032,0.316469820851,0,2642.72089222,1.37856306232e-17,0.555679470853,0.317478452187,6.65608438116,19.5,1,2.64036692381,0.785553808731,0.000694367401066,0,98.6666666667,True,sensor,0.2
case2,3000,0.2,0.005,-1,1,1,1,83.1760213375,89.4,89.4,280.354375684,1898.60719216,-1.9784713207,446.419156093,1730.56394043,6.40056896373e-11,5.50032025134e-17,0.599760582156,0.118782710291,9.02254255604,0.630575232912,9.61361754823,-4.87953216758,0.326110822149,0.0119415991319,0.629012430611,0,9.2694740772e-10,0.148258778416,15.9528064013,0.630575232912,0.612417698231,0.117930154787,0,280.354375684,5.50032025134e-17,0.599760582156,0.118782710291,9.02249599784,17.82,1,6.22397866249,0.667423776124,0.000534904784648,0,98.6666666667,True,sensor,0.2
case2,3001,0.2,0.005,-1,1,1,1,83.2051124692,90.2,90.2,279.123149005,1924.25937299,-2.115619277,451.195569901,1750.07133281,6.17887963017e-11,6.21686946714e-17,0.59979564524,0.118887560581,9.02241810592,0.707460106978,9.67943547065,-4.78902056883,0.324980778663,0.011972443571,0.629183868346,0,9.88137571767e-10,0.14298847115,15.9615337408,0.707460106978,0.61272080022,0.11781164446,0,279.107320126,6.21686946714e-17,0.59979564524,0.118887560581,9.0223899104,18.06,1,6.9948875308,0.840869855902,0.000392319737929,0,98.6666666667,True,sensor,0.2
case2,3002,0.2,0.005,-1,1,1,1,83.3412691236,89.8,89.8,276.536523194,1911.57481185,-2.01023864394,448.519457337,1737.58163906,6.62794263917e-11,5.83398346993e-17,0.599671653467,0.119544718526,9.02358421032,0.653201257579,9.63262711368,-4.83576334897,0.325457900451,0.0119577202793,0.628903273261,0,9.83671810673e-10,0.153427124572,16.0023807371,0.653201257579,0.612435500482,0.118622375373,0,276.536523194,5.83398346993e-17,0.599671653467,0.119544718526,9.02358062013,17.94,1,6.45873087645,0.641653793213,0.000600773723759,0,98.6666666667,True,sensor,0.2
case2,3003,0.2,0.005,-1,1,1,1,83.2449971437,89,89,277.761847795,1886.05008987,-1.86473926481,443.732584456,1718.21461395,8.90736373549e-11,5.5088312384e-17,0.599765622169,0.118988692875,9.01925294054,0.583099007666,9.56818884513,-4.92231754887,0.32659135193,0.0119268315257,0.629003157847,0,9.30558741175e-10,0.145339051017,15.9734991431,0.583099007666,0.612192799093,0.11825881102,0,277.761847795,5.5088312384e-17,0.599765622169,0.118988692875,9.0191996917,17.7,1,5.75500285625,0.884160473503,0.000372810012496,0,98.6666666667,True,sensor,0.2
case2,3004,0.2,0.005,-1,1,1,1,83.1916692555,89.8,89.8,279.162933871,1911.46803379,-2.03797966058,448.7757052,1739.8172828,7.23048287909e-11,5.69395875935e-17,0.599811379464,0.118698143852,9.01826971777,0.66847408095,9.64288185198,-4.83798342424,0.325543091404,0.0119570355985,0.629140564571,0,9.28567445158e-10,0.144059628478,15.9575007766,0.66847408095,0.61257881969,0.117739097434,0,279.162933871,5.69395875935e-17,0.599811379464,0.118698143852,9.01821063293,17.94,1,6.6083307445,0.634762214054,0.000560481372475,0,98.6666666667,True,sensor,0.2
case2,3005,0.2,0.005,-1,1,1,1,83.1394634962,90.6,90.6,280.591584695,1936.89533254,-2.21345071829,453.803249909,1761.47021661,7.87281351222e-11,6.73441337418e-17,0.599838352735,0.118573059858,9.02155132312,0.752853051608,9.71938878785,-4.74328091025,0.324468673047,0.0119875787136,0.629043860154,0,9.96989157898e-10,0.148030930169,15.9418390489,0.752853051608,0.612940794194,0.117354748074,0,280.591584695,6.73441337418e-17,0.599838352735,0.118573059858,9.021493276,18.18,1,7.46053650379,0.731264313549,0.000448810082001,0,98.6666666667,True,sensor,0.2
case2,3006,0.2,0.005,-1,1,1,1,83.1864707887,88.2,88.2,280.002574985,1860.45521975,-1.73298277894,439.050184538,1699.67462742,8.01492205937e-11,4.81011714834e-17,0.599770999885,0.118849335406,9.02325699473,0.509754519741,9.50669922117,-5.0100699095,0.327716717536,0.0118962488088,0.629282242789,0,9.91770221503e-10,0.149971865362,15.9559412366,0.509754519741,0.61190133478,0.118294387893,0,280.002574985,4.81011714834e-17,0.599770999885,0.118849335406,9.02321470837,17.46,1,5.01352921128,0.679764226221,0.000558741332044,0,98.6666666667,True,sensor,0.2
case2,3007,0.2,0.005,-1,1,1,1,83.18317343,88.4,88.4,279.451908434,1866.82759779,-1.76639461234,440.243845606,1704.26926601,6.37783159618e-11,4.91127321103e-17,0.599772503737,0.118792978942,9.019471693,0.530029128466,9.52141179674,-4.98719677956,0.327460130037,0.0119037230242,0.629334396889,0,9.3506891119e-10,0.153222500215,15.954952029,0.530029128466,0.611995495449,0.118192726225,0,279.451908434,4.91127321103e-17,0.599772503737,0.118792978942,9.0194149195,17.52,1,5.21682657003,0.757930374813,0.000610163530758,0,98.6666666667,True,sensor,0.2
case2,3008,0.2,0.005,-1,1,1,1,83.1922033131,90.6,90.6,278.74402748,1937.00397697,-2.19258593157,453.614637713,1759.94078081,6.83826328896e-11,6.71478931485e-17,0.599826666353,0.118734583028,9.01964035922,0.747128799749,9.71209562026,-4.75389671312,0.324417788578,0.0119879250037,0.629077321133,0,9.46165812366e-10,0.14350835885,15.9576609939,0.747128799749,0.612895554937,0.117532544093,0,278.74402748,6.71478931485e-17,0.599826666353,0.118734583028,9.01959327851,18.18,1,7.40779668689,0.765040337689,0.000382251993335,0,98.6666666667,True,sensor,0.2
case2,3009,0.2,0.005,-1,1,1,1,83.2730665445,88.6,88.6,276.700252385,1873.32134854,-1.77661962546,441.194031348,1707.05094995,7.42375050322e-11,5.03557699011e-17,0.599766294496,0.119177260662,9.01781124135,0.540595567643,9.52831347187,-4.97504302283,0.327128204555,0.0119117420262,0.629008123302,0,9.64174518003e-10,0.146742113433,15.9819199634,0.540595567643,0.612001045778,0.118550064339,0,276.700252385,5.03557699011e-17,0.599766294496,0.119177260662,9.01778865701,17.58,1,5.32693345547,0.785620988398,0.000472377386518,0,98.6666666667,True,sensor,0.2
case2,3000,0.2,0.005,0,1,1,1,76.3602409899,81.4,81.4,244.347895009,1637.38984436,-2.06088552236,410.477453445,1469.19940041,3.08091330226e-11,6.28837260042e-18,0.603057916395,0.0965033574666,9.01425639953,0.556232828149,9.57048922768,-4.95388545235,0.339145733499,0.0116208345509,0.64057082857,0,9.70700853031e-10,0.139364925445,13.908072297,0.556232828149,0.613642610682,0.0960071605236,0,244.347895009,1.64064183246e-17,0.603057916395,0.0965033574666,8.92750200256,15.42,1,5.03975901008,0.667449004751,0.000554247883283,0,98.6666666667,True,sensor,0.2
case2,3001,0.2,0.005,0,1,1,1,76.4008434117,82,82,242.546396741,1656.65644314,-2.14608055612,413.993538117,1483.0632212,4.62705429527e-11,8.72132227547e-18,0.603062800057,0.0966636043506,9.01673978257,0.615451702055,9.63219148462,-4.88992634019,0.338308348839,0.011642325445,0.640666783268,0,9.11517972213e-10,0.132524322042,13.9202530235,0.615451702055,0.613879126277,0.0960521578017,0,242.546396741,1.61914752439e-17,0.603062800057,0.0966636043506,8.92587370865,15.6,1,5.59915658832,0.840904455921,0.000371207736646,0,98.6666666667,True,sensor,0.2
case2,3002,0.2,0.005,0,1,1,1,76.5290834367,81.4,81.4,240.155770515,1637.57717527,-2.01572962733,410.128396342,1465.58881981,4.52473614132e-11,5.57117286332e-18,0.602943193034,0.0972642698856,9.01430428692,0.537090112665,9.55139439958,-4.95443383217,0.339037733504,0.0116216958367,0.64042537881,0,9.66410951264e-10,0.143525967077,13.958725031,0.537090112665,0.613490757034,0.0967977390941,0,240.155770515,1.60773629652e-17,0.602943193034,0.0972642698856,8.93138550402,15.42,1,4.87091656327,0.641660026386,0.000636096158254,0,98.6666666667,True,sensor,0.2
case2,3003,0.2,0.005,0,1,1,1,76.4390544057,82,82,241.617770732,1656.68781334,-2.13711399004,413.916031213,1482.25243887,3.78008735424e-11,1.09011107433e-17,0.603036037091,0.0967563195545,9.01664635044,0.611129169119,9.62777551956,-4.89183176773,0.338279669245,0.0116425464663,0.640535626682,0,9.74505809381e-10,0.133678730422,13.9317163217,0.611129169119,0.613850030146,0.0961527750051,0,241.617770732,1.66376244379e-17,0.603036037091,0.0967563195545,8.92661271453,15.6,1,5.56094559431,0.884256131027,0.000364312513446,0,98.6666666667,True,sensor,0.2
case2,3004,0.2,0.005,0,1,1,1,76.3783429801,82.6,82.6,243.240639573,1675.73079422,-2.26545758136,417.741243775,1498.96473244,3.45607986674e-11,1.24878406227e-17,0.603087445328,0.0964700967202,9.01976817881,0.681802144824,9.70157032363,-4.83186978782,0.337522481327,0.0116635957534,0.640647716014,0,9.7229779783e-10,0.134778471635,13.913502894,0.681802144824,0.614179165275,0.09571834856,0,243.240639573,1.62118040346e-17,0.603087445328,0.0964700967202,8.92434286997,15.78,1,6.22165701985,0.634762297195,0.000587160212905,0,98.6666666667,True,sensor,0.2
case2,3005,0.2,0.005,0,1,1,1,76.3533097148,81.8,81.8,243.925096658,1650.18932883,-2.12548385608,412.90263317,1479.08630846,4.8203219194e-11,8.61615466474e-18,0.603092168361,0.0964524889569,9.01519912825,0.599601434074,9.61480056232,-4.90715170527,0.338606812704,0.0116349756056,0.640565761858,0,9.91404291995e-10,0.135389363278,13.9059929144,0.599601434074,0.61383120978,0.0958743718506,0,243.925096658,1.61977094064e-17,0.603092168361,0.0964524889569,8.9246955668,15.54,1,5.44669028521,0.731271478955,0.000466153408664,0,98.6666666667,True,sensor,0.2
case2,3006,0.2,0.005,0,1,1,1,76.3936110258,82.4,82.4,243.430861937,1669.38443539,-2.22516912802,416.541370986,1494.04875722,5.90034687775e-11,1.05622975644e-17,0.603043892248,0.0966774872943,9.02079706766,0.65911070297,9.67990777063,-4.85436607224,0.337779550039,0.0116565115661,0.640792764723,0,9.32951493837e-10,0.139052708048,13.9180833077,0.65911070297,0.614063964179,0.0959745406675,0,243.430861937,1.55612827311e-17,0.603043892248,0.0966774872943,8.92713651124,15.72,1,6.00638897419,0.679802597597,0.000532278750071,0,98.6666666667,True,sensor,0.2
case2,3007,0.2,0.005,0,1,1,1,76.3770435154,81.6,81.6,243.12202725,1643.87145114,-2.07629013383,411.630804857,1473.2863834,2.9388047551e-11,7.55743124331e-18,0.60307441976,0.0965535812434,9.01150322545,0.575525282303,9.58702850775,-4.93452691288,0.338863460173,0.0116279947473,0.640855724225,0,9.64117674584e-10,0.140937551618,13.9131130546,0.575525282303,0.613720567624,0.0960211078225,0,243.12202725,1.66633742395e-17,0.60307441976,0.0965535812434,8.92276235654,15.48,1,5.22295648456,0.704769129963,0.000656975984278,0,98.6666666667,True,sensor,0.2
case2,3008,0.2,0.005,0,1,1,1,76.3902837694,81.8,81.8,242.433007826,1650.27167851,-2.11101261689,412.744475385,1477.84919833,3.81987774745e-11,8.55760774743e-18,0.603084160861,0.0965723488436,9.01483295856,0.594926635865,9.60975959443,-4.91756547497,0.338558463872,0.0116352546565,0.640589020342,0,9.94461402115e-10,0.133980322172,13.9170851308,0.594926635865,0.613794215068,0.0960020176517,0,242.433007826,1.60418553441e-17,0.603084160861,0.0965723488436,8.92501623623,15.54,1,5.40971623063,0.765062744897,0.000386742247452,0,98.6666666667,True,sensor,0.2
case2,3009,0.2,0.005,0,1,1,1,76.473570627,82,82,240.269683674,1656.72350974,-2.12417260899,413.813459895,1481.05556091,3.95630195271e-11,9.42876419302e-18,0.603007615416,0.0969867363772,9.01385790291,0.607258848396,9.62111675131,-4.9039985913,0.338269292804,0.011642661799,0.640562955128,0,9.38559452379e-10,0.137842013361,13.9420711881,0.607258848396,0.613816858927,0.0963893561901,0,240.269683674,1.65470935565e-17,0.603007615416,0.0969867363772,8.92443035854,15.6,1,5.52642937303,0.785629112774,0.000469469118768,0,98.6666666667,True,sensor,0.2
case2,3000,0.2,0.005,1,1,1,1,70.1071832657,75.8,75.8,212.895599067,1453.61555304,-2.42321811206,388.418278235,1275.66965576,4.54178916698e-11,1.47261760078e-17,0.60661302459,0.0770651562818,8.89672560647,0.696564604303,9.59329021077,-4.71968750871,0.348718234131,0.0114015004582,0.652229375106,0,9.29185617338e-10,0.130515194806,12.0321549797,0.696564604303,0.615372990493,0.0765013602366,0,212.895599067,1.68306124246e-17,0.60661302459,0.0770651562818,8.62956588534,13.74,1,5.69281673432,0.667473416959,0.000575505193097,0,98.6666666667,True,sensor,0.2
case2,3001,0.2,0.005,1,1,1,1,70.1672693789,76,76,210.888386485,1460.11089646,-2.43377892639,389.489130271,1279.07637375,3.50723894371e-11,1.4369473493e-17,0.606562414005,0.0773498361447,8.90185616676,0.712072634404,9.61392880117,-4.70022196188,0.348415418423,0.0114085417555,0.652263904491,0,9.85526327213e-10,0.122284530779,12.0501808137,0.712072634404,0.615415053611,0.0767570330921,0,210.888386485,1.7213606842e-17,0.606562414005,0.0773498361447,8.63132344509,13.8,1,5.8327306211,0.840934101121,0.000359302985261,0,98.6666666667,True,sensor,0.2
case2,3002,0.2,0.005,1,1,1,1,70.2595750034,74.4,74.4,208.816649644,1409.14226711,-2.14435101583,379.523410723,1236.29115502,4.38831193605e-11,1.5130041317e-17,0.606477482938,0.0777906504023,8.84676255368,0.511617050621,9.3583796043,-4.85957888681,0.350425850849,0.0113556575907,0.652061318768,0,9.96410953746e-10,0.133572866431,12.077872501,0.511617050621,0.614510393041,0.0774878763399,0,208.816649644,1.64988465598e-17,0.606477482938,0.0777906504023,8.63834740796,13.32,1,4.14042499662,0.641666924536,0.000596434712546,0,98.6666666667,True,sensor,0.2
case2,3003,0.2,0.005,1,1,1,1,70.1968761682,76,76,209.984058573,1460.12961714,-2.42717146463,389.417781905,1278.26872235,4.62136995338e-11,1.35612007734e-17,0.606544183778,0.0774117146743,8.90130409889,0.708070174679,9.60937427357,-4.70223742524,0.348388028433,0.0114087335274,0.652166163213,0,9.33120247737e-10,0.124346091352,12.0590628505,0.708070174679,0.615390555966,0.0768248376949,0,209.984058573,1.70620895884e-17,0.606544183778,0.0774117146743,8.63215318433,13.8,1,5.80312383175,0.665517250296,0.000376436646346,0,98.6666666667,True,sensor,0.2
case2,3004,0.2,0.005,1,1,1,1,70.1315975547,75.2,75.2,211.895148796,1434.57036202,-2.30570484129,384.663178463,1259.49662751,5.66160451854e-11,1.60819708245e-17,0.606603830251,0.0771154252347,8.87486319407,0.62262650191,9.49748969598,-4.78271004437,0.349469942054,0.0113815982054,0.652264100748,0,9.31045462949e-10,0.125565470449,12.0394792664,0.62262650191,0.615047551633,0.0766671199364,0,211.895148796,1.74884520927e-17,0.606603830251,0.0771154252347,8.62885601178,13.56,1,5.06840244532,0.634762381537,0.000609156957001,0,98.6666666667,True,sensor,0.2
case2,3005,0.2,0.005,1,1,1,1,70.1141767025,74.8,74.8,212.226712631,1421.78672843,-2.24089619127,382.257881014,1249.51466386,4.10977918364e-11,1.63047743709e-17,0.606613420542,0.0771101059965,8.85917811321,0.577642628235,9.43682074144,-4.81587834048,0.35000612162,0.0113681462023,0.652196658983,0,9.75738601028e-10,0.126644216265,12.0342530107,0.577642628235,0.614856000346,0.0767259757221,0,212.226712631,1.76047327757e-17,0.606613420542,0.0771101059965,8.62666803009,13.44,1,4.6858232975,0.731279372017,0.000559410170204,0,98.6666666667,True,sensor,0.2
case2,3006,0.2,0.005,1,1,1,1,70.141756928,75.2,75.2,212.043006026,1434.58843672,-2.30266774806,384.687906938,1259.64086806,4.07567313232e-11,1.50763733095e-17,0.606580005703,0.0772807970437,8.87613946686,0.621568484595,9.49770795145,-4.78365619475,0.349463392095,0.0113816345978,0.652417263306,0,9.07146358031e-10,0.128062617257,12.0425270784,0.621568484595,0.615028533635,0.0768331952224,0,212.043006026,1.68382018398e-17,0.606580005703,0.0772807970437,8.63082938455,13.56,1,5.05824307203,0.679863756564,0.000496198850756,0,98.6666666667,True,sensor,0.2
case2,3007,0.2,0.005,1,1,1,1,70.1359088004,75.8,75.8,211.695716606,1453.70124111,-2.40437455437,388.360459313,1274.63212385,4.38262759417e-11,1.51587726746e-17,0.60659347405,0.0772075406485,8.89303311579,0.692669891367,9.58570300716,-4.72259834649,0.348699131732,0.0114016451289,0.652477785018,0,9.92232074282e-10,0.130060156248,12.0407726401,0.692669891367,0.615345097192,0.0766487803006,0,211.695716606,1.73575346804e-17,0.60659347405,0.0772075406485,8.62647200909,13.74,1,5.66409119964,0.704775873388,0.000476712901021,0,98.6666666667,True,sensor,0.2
case2,3008,0.2,0.005,1,1,1,1,70.1655555129,75,75,210.645095848,1428.23472051,-2.26140122272,383.326342895,1253.29207224,4.64979166281e-11,1.55973324534e-17,0.606567978612,0.077337946546,8.86770288509,0.594445960761,9.46214884585,-4.80738751501,0.349695530296,0.0113751345052,0.652214155232,0,9.62781854241e-10,0.126389951857,12.0496666539,0.594445960761,0.614904508046,0.076928774793,0,210.645095848,1.71070839786e-17,0.606567978612,0.077337946546,8.63081486917,13.5,1,4.8344444871,0.765086894587,0.00032336170573,0,98.6666666667,True,sensor,0.2
case2,3009,0.2,0.005,1,1,1,1,70.2157246411,75.6,75.6,209.080008965,1447.4077901,-2.3502882768,386.892355574,1267.24515521,3.60387275578e-11,1.43022529583e-17,0.606520431999,0.0775907247955,8.88662024645,0.658865585908,9.54548583236,-4.75315059344,0.348899477579,0.0113953890307,0.652226225156,0,9.60055146493e-10,0.129901563739,12.0647173923,0.658865585908,0.615164874286,0.0770833246656,0,209.080008965,1.71973438094e-17,0.606520431999,0.0775907247955,8.63152276554,13.68,1,5.38427535892,0.785637994473,0.000443750169448,0,98.6666666667,True,sensor,0.2
case3,3000,0.2,0.005,-1,1,1,1,92.6698837638,95.8,95.8,1947.14851208,2174.66621495,10.083110396,361.626906251,3770.27093118,3.99609234591e-10,2.70551810122e-17,0.567997916125,0.272118514052,7.29377918666,0.421649277106,7.52295405558,-10.289005804,0.294189586925,0.0123483618653,0.500157156508,0,3.66881636182e-10,0.637039206013,18.8009651291,0.421649277106,0.590425767401,0.271157311621,0,1859.49039285,2.70551810122e-17,0.567997916125,0.272118514052,7.29377918666,19.74,1,3.13011623621,0.667220978121,0.00059264166259,0,98.6666666667,True,sensor,0.2
case3,3001,0.2,0.005,-1,1,1,1,92.8235012829,97.2,97.2,1975.41895772,2220.33937959,9.65697180628,370.035252309,3835.38005681,4.33431068814e-10,4.27381654372e-17,0.568222215017,0.271832387096,7.43504086418,0.373171249431,7.80821211362,-9.9910407854,0.292390218381,0.0124087174589,0.500157156508,0,4.16239487322e-10,0.633795919754,18.8470503849,0.373171249431,0.590670337152,0.270316968628,0,1862.80515179,4.27381654372e-17,0.568222215017,0.271832387096,7.35095305802,20.16,1,4.37649871707,0.840362845765,0.000609327359525,0,98.6666666667,True,sensor,0.2
case3,3002,0.2,0.005,-1,1,1,1,92.7352108002,96.2,96.2,1955.33926691,2187.88868385,9.99301656601,363.723079081,3789.49788824,3.78520326194e-10,3.08401307964e-17,0.568143587913,0.272179272583,7.32309401957,0.555165793542,7.60030127534,-10.2190956036,0.293568265498,0.0123626334307,0.50011749525,0,9.89491155678e-10,0.630282356628,18.8205632401,0.555165793542,0.590755985767,0.271118621547,0,1858.32015434,3.08401307964e-17,0.568143587913,0.272179272583,7.32309401957,19.86,1,3.46478919983,0.641614865709,0.000726689165961,0,98.6666666667,True,sensor,0.2
case3,3003,0.2,0.005,-1,1,1,1,92.8126321316,96.8,96.8,1970.03933775,2207.3877788,9.77630764062,367.576466113,3819.62695808,3.79372977477e-10,3.6093090322e-17,0.568094883501,0.27175205514,7.29958216677,0.502779089847,7.73479648749,-10.0756354964,0.29288819335,0.0123884672675,0.500157156508,0,8.70468142011e-10,0.634942362533,18.8437896395,0.502779089847,0.590897186644,0.270312428658,0,1862.72067594,3.6093090322e-17,0.568094883501,0.27175205514,7.29958216677,20.04,1,3.98736786842,0.883834834453,0.00049301833068,0,98.6666666667,True,sensor,0.2
case3,3004,0.2,0.005,-1,1,1,1,92.8096723795,95.8,95.8,1945.3900245,2174.76753811,10.1155186635,361.457972846,3768.81510843,3.68345354218e-10,2.74091730215e-17,0.567916049119,0.272192155579,7.32217577252,0.47442043269,7.51814390339,-10.3012414986,0.294141915901,0.0123476972005,0.500157156508,0,3.87469611951e-10,0.643926743728,18.8429017138,0.47442043269,0.590397063087,0.271190735043,0,1861.33798376,2.74091730215e-17,0.567916049119,0.272192155579,7.32217577252,19.74,1,2.99032762051,0.634761301669,0.000621635136504,0,98.6666666667,True,sensor,0.2
case3,3005,0.2,0.005,-1,1,1,1,92.754275912,96.4,96.4,1961.60787238,2194.24193705,9.88999600554,365.315854161,3800.42395127,3.74996034225e-10,3.31397236042e-17,0.568235831636,0.271827599421,7.33196085796,0.484140793772,7.65024822774,-10.1587644466,0.293427355283,0.0123716590736,0.500157156508,0,3.59726470833e-10,0.647407849362,18.8262827736,0.484140793772,0.590721385369,0.27044633211,0,1861.81107893,3.31397236042e-17,0.568235831636,0.271827599421,7.33196085796,19.92,1,3.64572408795,0.731218730025,0.000646311628671,0,98.6666666667,True,sensor,0.2
case3,3006,0.2,0.005,-1,1,1,1,92.8429688632,96.8,96.8,1971.05034374,2207.28952474,9.75303034092,367.795907219,3820.29699161,4.54292603536e-10,3.69875571143e-17,0.568089920659,0.271515966007,7.3029214566,0.436577966154,7.73949942275,-10.0646534284,0.292900826661,0.0123900576904,0.500157156508,0,3.61506380386e-10,0.624797498509,18.852890659,0.436577966154,0.590736080949,0.270131558866,0,1865.12172313,3.69875571143e-17,0.568089920659,0.271515966007,7.29620479648,20.04,1,3.95703113675,0.679579021409,0.000463584913378,0,98.6666666667,True,sensor,0.2
case3,3007,0.2,0.005,-1,1,1,1,92.673673892,96.4,96.4,1963.02289788,2194.23759138,9.8687162925,365.359353425,3801.76985213,3.59534624295e-10,3.38986651249e-17,0.568108664214,0.271654123964,7.33992377305,0.529093253524,7.66432516375,-10.1602724698,0.293417922796,0.0123708379034,0.500157156508,0,8.3341422652e-10,0.635663777322,18.8021021676,0.529093253524,0.590861983893,0.270223695791,0,1860.59565214,3.38986651249e-17,0.568108664214,0.271654123964,7.33992377305,19.92,1,3.72632610798,0.76087752889,0.000488426424696,0,98.6666666667,True,sensor,0.2
case3,3008,0.2,0.005,-1,1,1,1,92.9169791698,-1,98.6666666667,2004.71524871,2268.02021835,9.21748733959,378.916572617,3903.03638178,4.05293576478e-10,5.48633404332e-17,0.568134934736,0.271954857219,7.62013669241,0.473314978394,8.05541348046,-9.67581067085,0.290535570653,0.0124681103609,0.499898352999,0,3.80282472179e-10,0.622587101522,18.875093751,,,,,1863.79124048,5.48633404332e-17,0.568134934736,0.271954857219,7.32072291833,-1,0,0,0.764930566883,0.000634970315121,0,98.6666666667,False,sensor,0.2
case3,3009,0.2,0.005,-1,1,1,1,92.6098412097,95.8,95.8,1946.69989459,2174.86455238,10.0863867917,361.399376836,3770.25145693,3.86648935091e-10,2.64935642869e-17,0.568079730719,0.271771450672,7.31437978774,0.527180011877,7.53989157176,-10.3066513461,0.294065187433,0.0123466414829,0.500146221905,0,8.85364670467e-10,0.638319834919,18.7829523629,0.527180011877,0.590532611323,0.270953354388,0,1857.41178785,2.64935642869e-17,0.568079730719,0.271771450672,7.31437978774,19.74,1,3.19015879035,0.785564382708,0.000607540130449,0,98.6666666667,True,sensor,0.2
case3,3000,0.2,0.005,0,1,1,1,92.4993545592,95.8,95.8,1813.24829675,2168.96197508,9.11067728843,371.266741745,3620.05420737,7.87281351222e-11,3.68151689689e-17,0.570321681269,0.262775058834,7.41056509448,0.431395675634,7.66502342563,-9.82934931953,0.29617491504,0.0123339269395,0.510362262906,0,9.99715865646e-10,0.589812514616,18.7498063678,0.431395675634,0.592058085892,0.261784080267,0,1728.31195222,3.68151689689e-17,0.570321681269,0.262775058834,7.41056509448,19.74,1,3.30064544082,0.667226416757,0.000604949634399,0,98.6666666667,True,sensor,0.2
case3,3001,0.2,0.005,0,1,1,1,92.6610086441,97.2,97.2,1838.70854812,2214.55495219,8.69838774825,379.676543672,3682.28534439,1.34775746119e-10,5.22655920279e-17,0.570539786152,0.262478351184,7.54555019615,0.39062928316,7.93617947931,-9.54527730903,0.294358543903,0.0123940932163,0.510362262906,0,4.00184774207e-10,0.586937818257,18.7983025932,0.39062928316,0.592302460234,0.260937565157,0,1731.47826482,5.22655920279e-17,0.570539786152,0.262478351184,7.4679024777,20.16,1,4.5389913559,0.840407356629,0.000605512599397,0,98.6666666667,True,sensor,0.2
case3,3002,0.2,0.005,0,1,1,1,92.5505011439,96.2,96.2,1820.41696799,2182.15220579,9.02332489987,373.362456155,3638.23004252,8.79936123965e-11,3.98785822073e-17,0.570464831512,0.262837625957,7.44099821672,0.55665124077,7.73818309666,-9.76387148764,0.295549109402,0.0123483697344,0.510182320831,0,9.47846245936e-10,0.583204724248,18.7651503432,0.55665124077,0.592365508138,0.261754599691,0,1726.7780391,3.98785822073e-17,0.570464831512,0.262837625957,7.44099821672,19.86,1,3.64949885607,0.641616602846,0.000720975558554,0,98.6666666667,True,sensor,0.2
case3,3003,0.2,0.005,0,1,1,1,92.6591104865,96.8,96.8,1834.0480433,2201.61136241,8.81234745555,377.218184023,3667.25356914,8.91304807737e-11,4.69069227904e-17,0.570418901977,0.262394926029,7.41343897538,0.51141065308,7.8670485461,-9.62592319074,0.294863656192,0.0123740752287,0.510362262906,0,8.31452240391e-10,0.587746816472,18.797733146,0.51141065308,0.592513016336,0.260929141818,0,1731.72642524,4.69069227904e-17,0.570418901977,0.262394926029,7.41343897538,20.04,1,4.14088951349,0.883847967529,0.000469740519997,0,98.6666666667,True,sensor,0.2
case3,3004,0.2,0.005,0,1,1,1,92.6773939669,95.8,95.8,1811.42235204,2169.06422929,9.14225692354,371.096011791,3618.53282646,9.08926267584e-11,3.848755082e-17,0.570236102318,0.262845460828,7.44010599497,0.482647620916,7.65969334877,-9.84216234148,0.296127511118,0.0123332902164,0.510362262906,0,3.72132547e-10,0.594254074088,18.8032181901,0.482647620916,0.592025745896,0.261812872276,0,1730.77126175,3.848755082e-17,0.570236102318,0.262845460828,7.44010599497,19.74,1,3.12260603309,0.634761376075,0.00063576731944,0,98.6666666667,True,sensor,0.2
case3,3005,0.2,0.005,0,1,1,1,92.5866631389,96.4,96.4,1826.463628,2188.48215579,8.92212881038,374.955382237,3648.91253037,5.97424332227e-11,4.41319073299e-17,0.570554321216,0.262471454424,7.45323721606,0.494089894588,7.78572856658,-9.70508494258,0.295401482893,0.0123572207044,0.510362262906,0,9.80236336545e-10,0.600123067523,18.7759989417,0.494089894588,0.592347752368,0.261086027137,0,1730.56981891,4.41319073299e-17,0.570554321216,0.262471454424,7.45323721606,19.92,1,3.81333686113,0.731220754096,0.00065345966469,0,98.6666666667,True,sensor,0.2
case3,3006,0.2,0.005,0,1,1,1,92.7314655304,96.6,96.6,1831.21643586,2195.03413678,8.85065738323,376.214736657,3658.88649337,1.34775746119e-10,4.63745795237e-17,0.570415249662,0.262148562368,7.40759069485,0.48714592937,7.83327459723,-9.65782141845,0.295124221848,0.0123664287524,0.510362262906,0,9.8265573456e-10,0.577303453081,18.8194396591,0.48714592937,0.592378924858,0.260848135302,0,1735.08691678,4.63745795237e-17,0.570415249662,0.262148562368,7.40759069485,19.98,1,3.8685344696,0.679584738453,0.000474456264106,0,98.6666666667,True,sensor,0.2
case3,3007,0.2,0.005,0,1,1,1,92.5144325316,96.4,96.4,1827.94810723,2188.49334057,8.90303860194,374.998635003,3650.34585139,1.09082520794e-10,4.11996825544e-17,0.570431380644,0.262301857835,7.45548621942,0.542706240387,7.79995954949,-9.70695296807,0.295393284928,0.0123563366613,0.510362262906,0,3.61016105899e-10,0.588398270986,18.7543297595,0.542706240387,0.592489540308,0.260858070872,0,1729.8134293,4.11996825544e-17,0.570431380644,0.262301857835,7.45548621942,19.92,1,3.8855674684,0.760913454142,0.000479697185961,0,98.6666666667,True,sensor,0.2
case3,3008,0.2,0.005,0,1,1,1,92.7785216987,-1,98.6666666667,1865.10687239,2262.14976463,8.27390666585,388.559097104,3746.97144658,1.37049482873e-10,6.4026475094e-17,0.570453264924,0.262605915464,7.71804354109,0.490480619255,8.16966194566,-9.24432209882,0.292489202065,0.0124536426233,0.509978563143,0,3.64291707911e-10,0.575614142856,18.8335565096,,,,,1732.94883169,6.4026475094e-17,0.570453264924,0.262605915464,7.43874733004,-1,0,0,0.76493245143,0.000621040021605,0,98.6666666667,False,sensor,0.2
case3,3009,0.2,0.005,0,1,1,1,92.4359007955,95.8,95.8,1812.74107213,2169.15348341,9.11333302433,371.03853347,3619.9693551,8.17408363218e-11,3.58616131582e-17,0.570399835218,0.262421679118,7.43223057129,0.532505569829,7.68174687052,-9.84745717069,0.296049710919,0.0123323619097,0.510233392599,0,8.44742942263e-10,0.591199587235,18.7307702386,0.532505569829,0.592146405164,0.261573557772,0,1726.34216592,3.58616131582e-17,0.570399835218,0.262421679118,7.43223057129,19.74,1,3.36409920454,0.785567064309,0.000591026624034,0,98.6666666667,True,sensor,0.2
case3,3000,0.2,0.005,1,1,1,1,92.3180772662,95.8,95.8,1679.35276389,2163.26565638,8.13486951398,380.906940227,3469.84634955,-1.90993887372e-11,4.83635484091e-17,0.572650427978,0.25329995518,7.53082434854,0.443191526286,7.8102487865,-9.37021357872,0.298138887471,0.0123199688843,0.520578293405,0,9.57449231009e-10,0.542545857314,18.6954231799,0.443191526286,0.593698609846,0.252273061941,0,1597.64335992,4.83635484091e-17,0.572650427978,0.25329995518,7.53082434854,19.74,1,3.48192273378,0.667232914961,0.000617516594303,0,98.6666666667,True,sensor,0.2
case3,3001,0.2,0.005,1,1,1,1,92.4870366633,97.2,97.2,1702.0207773,2208.76671907,7.73596639929,389.3183096,3529.20515317,-4.38831193605e-11,6.39478704365e-17,0.572863579197,0.25299228263,7.65720718095,0.410028465986,8.06723564694,-9.09996182541,0.296306207603,0.0123799616636,0.520692133952,0,3.8413716652e-10,0.540074393241,18.746110999,0.410028465986,0.593943078902,0.251424009866,0,1600.67173648,6.39478704365e-17,0.572863579197,0.25299228263,7.58835035213,20.16,1,4.71296333671,0.84045658271,0.000600051180223,0,98.6666666667,True,sensor,0.2
case3,3002,0.2,0.005,1,1,1,1,92.3725559413,96.2,96.2,1685.41444412,2176.4450373,8.05254718366,383.000633937,3486.91139466,-1.97246663447e-11,4.89235388312e-17,0.572787132777,0.253365412108,7.56253186038,0.559666303794,7.87873180409,-9.30914582623,0.297506989321,0.0123346141539,0.520360882096,0,9.06215547047e-10,0.536121013682,18.7117667824,0.559666303794,0.593980472132,0.252257149438,0,1596.08133259,4.89235388312e-17,0.572787132777,0.253365412108,7.56253186038,19.86,1,3.82744405866,0.641618529679,0.000720101774284,0,98.6666666667,True,sensor,0.2
case3,3003,0.2,0.005,1,1,1,1,92.4642591596,96.8,96.8,1698.03492591,2195.84534643,7.84538066344,386.859683106,3514.8659699,1.5916157281e-12,5.66246268624e-17,0.572749404945,0.252905316892,7.53013260517,0.521835605833,8.00225039925,-9.17673769202,0.296817666019,0.0123601786799,0.520692133952,0,7.92454102339e-10,0.540528103601,18.7392777479,0.521835605833,0.594136637623,0.251414573295,0,1600.41192463,5.66246268624e-17,0.572749404945,0.252905316892,7.53013260517,20.04,1,4.33574084044,0.883861914719,0.000414427048976,0,98.6666666667,True,sensor,0.2
case3,3004,0.2,0.005,1,1,1,1,92.5202548742,95.8,95.8,1677.41576395,2163.38382015,8.16731304091,380.733789956,3468.23310718,-5.40012479178e-12,4.80220247248e-17,0.572563735508,0.253366549555,7.56161086587,0.492868467035,7.80419852686,-9.38367193945,0.298091832959,0.01231935806,0.520692133952,0,3.56791929335e-10,0.547019728195,18.7560764623,0.492868467035,0.593663007338,0.252301437072,0,1600.19296408,4.80220247248e-17,0.572563735508,0.253366549555,7.56161086587,19.74,1,3.27974512577,0.634761450793,0.00065073665379,0,98.6666666667,True,sensor,0.2
case3,3005,0.2,0.005,1,1,1,1,92.4207768261,96.4,96.4,1691.28610103,2182.75065035,7.95281461073,384.594715353,3497.39485064,8.35598257254e-12,5.16053129049e-17,0.572879580783,0.252982785223,7.57822860488,0.506415840124,7.924213595,-9.25196263286,0.297354869103,0.0123432635425,0.520692133952,0,9.39170519132e-10,0.550715575049,18.7262330478,0.506415840124,0.593982721442,0.251589708622,0,1599.99720475,5.16053129049e-17,0.572879580783,0.252982785223,7.57822860488,19.92,1,3.97922317386,0.731222997921,0.000660593319764,0,98.6666666667,True,sensor,0.2
case3,3006,0.2,0.005,1,1,1,1,92.3970149934,96.4,96.4,1692.21528518,2182.8137261,7.94178003188,384.632500545,3498.33829076,9.66338120634e-13,5.39499001029e-17,0.572746427954,0.252643660148,7.52598723087,0.547900900129,7.93350767118,-9.24776475411,0.297330442313,0.0123428986079,0.520692133952,0,9.39724742466e-10,0.53012299583,18.719104498,0.547900900129,0.594052496989,0.251429069875,0,1600.61250818,5.39499001029e-17,0.572746427954,0.252643537122,7.52598723087,19.92,1,3.775,0.679590930704,0.000485521849018,0,98.6666666667,True,sensor,0.2
case3,3007,0.2,0.005,1,1,1,1,92.3036392808,96.4,96.4,1692.82995898,2182.75929773,7.93480787715,384.637297765,3498.88676682,-1.34150468512e-11,5.46876996813e-17,0.572760267806,0.252819856466,7.57464883803,0.557114465657,7.93844340243,-9.25425460043,0.297346736884,0.0123423446701,0.520692133952,0,9.81000169986e-10,0.541121231494,18.6910917842,0.557114465657,0.594122568228,0.251365712678,0,1598.51992501,5.46876996813e-17,0.572760267806,0.252819856466,7.57464883803,19.92,1,4.0963607192,0.760949600599,0.000487911036536,0,98.6666666667,True,sensor,0.2
case3,3008,0.2,0.005,1,1,1,1,92.6294402361,97.4,97.4,1706.48686669,2215.25545456,7.6951570009,390.47669156,3538.96078669,-5.74118530494e-12,6.11175606652e-17,0.57277779794,0.253126293626,7.560196274,0.563231731001,8.08076735648,-9.06418092456,0.296024283543,0.0123844489533,0.520179205933,0,9.87679271702e-10,0.528602451434,18.7888320708,0.563231731001,0.5943525595,0.251458322189,0,1602.38228988,6.11175606652e-17,0.57277779794,0.253126293626,7.560196274,20.22,1,4.77055976391,0.764935044886,0.000606736983185,0,98.6666666667,True,sensor,0.2
case3,3009,0.2,0.005,1,1,1,1,92.2476997018,95.8,95.8,1678.77819578,2163.45395008,8.13757132805,380.678221454,3469.69149573,-1.25055521494e-11,4.58194680114e-17,0.572726844673,0.252942289351,7.55360421633,0.535309480161,7.82677741708,-9.38870631773,0.298013751412,0.012318579352,0.520431367794,0,8.04135424914e-10,0.544057669548,18.6743099105,0.535309480161,0.593766780407,0.252058173358,0,1595.65304389,4.58194680114e-17,0.572726844673,0.252942289351,7.55360421633,19.74,1,3.55230029821,0.785569993772,0.000573975833107,0,98.6666666667,True,sensor,0.2
