strategy,scale,dt_s,elapsed_s,charge_C_cm2,first_success_s,best_min_T_C,switch_min_T_C,post_switch_min_T_C,min_voltage_V,max_ice_bulk,max_end_ice_bulk,max_pore_ice_saturation,max_end_pore_ice_saturation,max_pore_ice_bulk,max_mem_ice_bulk,min_porosity,max_j_jlim,min_kappa_S_m,min_inventory,max_iteration_error_K,energy_residual_J,water_residual_kg,E_aux_J,E_gen_J,E_phase_J,E_loss_J,E_sensible_J,final_min_T_C,final_max_T_C,final_left_EP_C,max_mirror_error_K,ice_at_switch,post_subzero_duration_s,min_V_before_success_V,post_min_T1_C,post_min_T2_C,post_min_T3_C,post_min_T4_C,post_min_T5_C,feasible
P,1,0.1,25.713581802940332,0.0,-1.0,-0.017576592167554167,-0.017576592167554167,-0.017576592167554167,1.213199088161058,1.6780642272869197e-19,1.6780642272869197e-19,0.0,0.0,0.0,1.6780642272869197e-19,0.3916,0.0,0.43308551681194474,0.0,0.0,2.5536905923218e-11,1.5165277887640993e-19,3214.1977253675295,0.0,-1.0734219629225055,90.24844475807608,3122.8758586465565,-0.017576592167554167,31.539507393055512,-24.306491397722375,6.750155989720952e-14,1.6780642272869197e-19,0.0,1.213199088161058,-0.017576592167552807,24.11885480558712,31.539507393055512,24.118854805587098,-0.017576592167554167,False
P,2,0.05,25.713581802940332,0.0,-1.0,-0.008153439869862162,-0.008153439869862162,-0.008153439869862162,1.213171201995536,0.0,0.0,0.0,0.0,0.0,0.0,0.3916,0.0,0.43308551681194474,0.0,0.0,7.071321306284517e-11,1.9386890096756426e-19,3214.1977253675127,0.0,-1.0731633856743854,90.15040030339496,3122.974161678514,-0.008153439869862162,31.57095349190002,-24.310307845210232,1.8829382497642655e-13,0.0,0.0,1.213171201995536,-0.008153439869754071,24.144331731066814,31.57095349190002,24.144331731066732,-0.008153439869862162,False
P,4,0.025,25.713581802940332,0.0,-1.0,-0.0034383941872754026,-0.0034383941872754026,-0.0034383941872754026,1.2131572392029926,1.6918489827137013e-19,1.6918489827137013e-19,0.0,0.0,0.0,1.6918489827137013e-19,0.3916,0.0,0.43308551681194474,0.0,0.0,3.0020430585864233e-10,-2.534187052913306e-18,3214.1977253675905,0.0,-1.0730316233338049,90.10135439964934,3123.0233393449075,-0.0034383941872754026,31.586698956813205,-24.312218485203406,7.815970093361102e-14,1.6918489827137013e-19,0.0,1.2131572392029926,-0.003438394187257435,24.1570864493861,31.586698956813205,24.157086449386135,-0.0034383941872754026,False
P,8,0.025,25.713581802940332,0.0,-1.0,-0.0034380295115836617,-0.0034380295115836617,-0.0034380295115836617,1.2131572386689549,0.0,0.0,0.0,0.0,0.0,0.0,0.3916,0.0,0.43308551681194474,0.0,0.0,3.048086227863678e-10,1.0396346869327722e-17,3214.1977253675905,0.0,-1.0729834294734955,90.1013562749809,3123.023385663441,-0.0034380295115836617,31.58669956096434,-24.31221837084966,1.7053025658242404e-13,0.0,0.0,1.2131572386689549,-0.003438029511537775,24.1570869965633,31.58669956096434,24.15708699656334,-0.0034380295115836617,False
P,8,0.0125,25.713581802940332,0.0,-1.0,-0.001079803563775737,-0.001079803563775737,-0.001079803563775737,1.2131492266391628,2.3294816744438856e-19,2.3294816744438856e-19,0.0,0.0,0.0,2.3294816744438856e-19,0.3916,0.0,0.43308551681194474,0.0,0.0,-7.914451316537452e-10,-1.001186167391005e-17,3214.1977253676573,0.0,-1.072965118149341,90.07682345291873,3123.047936795798,-0.001079803563775737,31.59457796648374,-24.31317449087793,4.760636329592671e-13,2.3294816744438856e-19,0.0,1.2131492266391628,-0.001079803563775737,24.163468417173025,31.59457796648374,24.163468417173107,-0.0010798035637247531,False
P,8,0.00625,25.713581802940332,0.0,25.713581802940332,0.00010000000020316565,0.00010000000020316565,0.00010000000020316565,1.2131456248796153,4.2383265776309767e-20,4.2383265776309767e-20,0.0,0.0,0.0,4.2383265776309767e-20,0.3916,0.0,0.43308551681194474,0.0,0.0,9.745377838044078e-10,-1.0286774687270905e-17,3214.197725367346,0.0,-1.072955958145592,90.06455061911437,3123.0602187910604,0.00010000000020316565,31.598520156459358,-24.313652894949353,1.3073986337985843e-12,4.2383265776309767e-20,0.0,1.2131456248796153,0.00010000000108159425,24.16666142779789,31.598520156459358,24.1666614277974,0.00010000000020316565,True
P,16,0.00625,25.713581802940332,0.0,25.713581802940332,0.00010018351638238306,0.00010018351638238306,0.00010018351638238306,1.2131456246113779,0.0,0.0,0.0,0.0,0.0,0.0,0.3916,0.0,0.4330491532279616,0.0,0.0,9.58650048232812e-10,4.0755634002180576e-17,3214.197725367346,0.0,-1.072931705539526,90.06455156251995,3123.060242100245,0.00010018351638238306,31.59852046063573,-24.313652837416328,1.20614629395277e-12,0.0,0.0,1.2131456246113779,0.00010018351693494343,24.166661703266623,31.59852046063573,24.1666617032662,0.00010018351638238306,True
C,1,0.1,25.73467806466081,1.6556841377293356,-1.0,-0.020841573254776414,-0.020841573254776414,-0.020841573254776414,0.6621036382471943,0.012523934705693107,0.012523934705693107,0.017381371460129004,0.017381371460129004,0.007312342973276272,0.012523934705693107,0.3916,0.004335703010288042,0.43308551681194474,0.0,9.996181660199e-10,4.263256414560601e-12,2.8121493848842774e-20,2975.257904282456,162.39522063687517,-0.7557423871299266,89.90356087783486,3046.9938216543705,-0.020841573254776414,25.12540916170911,-24.27040592726602,7.460698725481052e-14,0.012523934705693107,0.0,0.6621036382471943,-0.020841573254776414,21.886330689509183,25.12540916170911,21.886330689509194,-0.020841573254745414,False
C,2,0.05,25.73467806466081,1.6556841377293356,-1.0,-0.010044563065465773,-0.010044563065465773,-0.010044563065465773,0.6620673464380108,0.012646848910525518,0.012646848910525518,0.017573426485033364,0.017573426485033364,0.007393140522253537,0.012646848910525518,0.3916,0.004335943673923845,0.43308551681194474,0.0,1.851248043749365e-10,1.3343992577574681e-11,6.750513776437872e-19,2975.2579042824573,162.4164106399198,-0.8283187163963692,89.80749058633987,3047.038505619654,-0.010044563065465773,25.15631880552866,-24.274700567073605,1.0302869668521453e-13,0.012646848910525518,0.0,0.6620673464380108,-0.010044563065465773,21.91298157603437,25.15631880552866,21.912981576034365,-0.010044563065435731,False
C,4,0.025,25.73467806466081,1.6556841377293356,-1.0,-0.004200705527285935,-0.004200705527285935,-0.004200705527285935,0.6620328048840664,0.012733608390569615,0.012733608390569615,0.01773829739693684,0.01773829739693684,0.00746250171489133,0.012733608390569615,0.3916,0.004336287911543916,0.43308551681194474,0.0,2.3216983890961274e-11,2.6220448035019217e-10,-2.8736778581728294e-18,2975.25790428256,162.427754249427,-0.8755848201595392,89.76032934493634,3047.0497443671534,-0.004200705527285935,25.172461549922662,-24.27704262144569,9.947598300641403e-14,0.012733608390569615,0.0,0.6620328048840664,-0.0042007055272836645,21.927096144764526,25.172461549922662,21.9270961447645,-0.004200705527285935,False
C,8,0.025,25.73467806466081,1.6556841377293356,-1.0,-0.0034725919788425744,-0.0034725919788425744,-0.0034725919788425744,0.6620132580144542,0.013699613669081111,0.013699613669081111,0.01786770188851021,0.01786770188851021,0.007516942184496245,0.013699613669081111,0.3916,0.0043363390019571044,0.43308551681194474,0.0,2.3220536604640074e-11,2.5627855393395294e-10,1.5003664001304873e-17,2975.25790428256,162.42987609036473,-0.8711873414086581,89.76134335415291,3047.0552496776195,-0.0034725919788425744,25.173541327648447,-24.277243767745354,1.1368683772161603e-13,0.013699613669081111,0.0,0.6620132580144542,-0.0034725919788052887,21.928400838488812,25.173541327648447,21.928400838488756,-0.0034725919788425744,False
C,8,0.0125,25.73467806466081,1.6556841377293356,-1.0,-0.0011532518917254401,-0.0011532518917254401,-0.0011532518917254401,0.6620102242146239,0.012791355440801793,0.012791355440801793,0.017846438535666993,0.017846438535666993,0.007507996691955105,0.012791355440801793,0.3916,0.004336314336252895,0.43308551681194474,0.0,8.615259616817639e-10,-2.5792701308091637e-11,-2.1076890233118207e-17,2975.257904282637,162.43389786873752,-0.9026415067068371,89.73708543412872,3047.052075210513,-0.0011532518917254401,25.180746470722433,-24.278270328130663,5.790923296444817e-13,0.012791355440801793,0.0,0.6620102242146239,-0.0011532518917254401,21.934379003794092,25.180746470722433,21.934379003794216,-0.0011532518915439458,False
C,8,0.00625,25.73467806466081,1.6556841377293356,25.73467806466081,1.0000613327457454e-07,1.0000613327457454e-07,1.0000613327457454e-07,0.6620082742891529,0.012339418698814145,0.012339418698814145,0.01783579650266831,0.01783579650266831,0.00750351958867256,0.012339418698814145,0.3916,0.0043363676753532905,0.43308551681194474,0.0,9.993144090003625e-10,-3.1306512937590014e-11,-1.1662152905704548e-17,2975.2579042823563,162.43594009048027,-0.9194686663405912,89.72492682907904,3047.0494488773857,1.0000613327457454e-07,25.184335282674905,-24.278786584569072,1.2647660696529783e-12,0.012339418698814145,0.0,0.6620082742891529,1.0000681954453548e-07,21.937357218982577,25.184335282674905,21.93735721898218,1.0000613327457454e-07,True
C,16,0.00625,25.73467806466081,1.6556841377293356,25.73467806466081,0.000378724755963312,0.000378724755963312,0.000378724755963312,0.6619967376721795,0.012824009498599678,0.012824009498599678,0.01790285058961882,0.01790285058961882,0.007531729243052639,0.012824009498599678,0.3916,0.00433639686104816,0.43304005470179313,0.0,9.993108562866837e-10,-3.8482994568767026e-11,6.095147444488275e-17,2975.2579042823563,162.43719357065297,-0.9168816470712812,89.72552715718643,3047.052689048713,0.000378724755963312,25.184926453007026,-24.278891382768165,1.0480505352461478e-12,0.012824009498599678,0.0,0.6619967376721795,0.0003787247564884387,21.938047608570965,25.184926453007026,21.938047608570717,0.000378724755963312,True
R,1,0.1,148.59205907737595,20.0,51.92539241070928,16.540984346720148,16.540984346720148,0.008026889066679855,0.6246504279901733,1.6780642272869197e-19,1.6780642272869197e-19,0.0,0.0,0.0,1.6780642272869197e-19,0.3298236429071173,0.012109423823581475,0.43308551681194474,0.0,7.320828387946676e-10,4.718003765447065e-11,2.5671739040111774e-17,6490.674051338601,2066.440633828575,-12.416505716125203,933.5769693314455,7611.1212101196525,5.088474194494592,14.486598958323517,-0.5825038616044289,1.0125233984581428e-13,7.292456587199941e-20,0.0,1.1879905287312682,0.008026889066746527,8.03647151266537,10.662334545131642,8.036471512665337,0.008026889066679855,True
R,2,0.05,148.59205907737595,20.0,51.92539241070928,16.546817171974453,16.546817171974453,0.004379540192615386,0.6245629239307596,0.0,0.0,0.0,0.0,0.0,0.0,0.3295019211938074,0.012118998869860466,0.43308551681194474,0.0,9.195488814839337e-11,1.0629719326971099e-10,-8.32016747165376e-18,6490.674051338761,2066.6205537987453,-12.704096350442436,933.4350664271558,7611.155442360015,5.087130096742157,14.479858066306178,-0.5814791522358073,2.753353101070388e-13,0.0,0.0,1.187973117735722,0.004379540192780604,8.02923372279693,10.653661155959904,8.02923372279685,0.004379540192615386,True
R,4,0.025,148.59205907737595,20.0,51.92539241070928,16.549734280303657,16.549734280303657,0.0025408718384456086,0.6245135891736311,1.6918489827137013e-19,1.6918489827137013e-19,0.0,0.0,0.0,1.6918489827137013e-19,0.3293192032371438,0.012123954078736492,0.43308551681194474,0.0,4.779643347774254e-10,7.788685252307914e-10,4.44132577936962e-16,6490.674051338895,2066.717976701829,-12.881995120842845,933.3629732197669,7611.147059700893,5.086296162442016,14.476190666367142,-0.5810441541870864,1.3322676295501878e-13,7.318214652620689e-20,0.0,1.1879635790788585,0.0025408718385168125,8.025472444179146,10.649116551843626,8.025472444179105,0.0025408718384456086,True
R,8,0.025,148.59205907737595,20.0,51.92539241070928,16.549734543854132,16.549734543854132,0.0028356158526063103,0.6244953340994082,0.0,0.0,0.0,0.0,0.0,0.0,0.329221424575982,0.012126797168637642,0.43308551681194474,0.0,4.779643347774254e-10,7.159997039707378e-10,-1.4684553486382646e-15,6490.674051338895,2066.746746063437,-12.8666604082747,933.3652235384981,7611.188913456275,5.086140637927764,14.474574151392058,-0.5806418860132202,3.7481129311345285e-13,0.0,0.0,1.187963578766253,0.0028356158526063103,8.026172179033738,10.649853956744423,8.026172179033741,0.002835615852611499,True
R,8,0.0125,148.59205907737595,20.0,51.92539241070928,16.551193677790664,16.551193677790664,0.001619814665380623,0.6244869828532377,2.3294816744438856e-19,2.3294816744438856e-19,0.0,0.0,0.0,2.3294816744438856e-19,0.3292362939367544,0.012126369961850984,0.43308551681194474,0.0,9.742961992742494e-10,-1.4708803064422682e-09,-3.1320757619412997e-16,6490.674051338255,2066.7694755720845,-12.979624314955613,933.3267045968819,7611.137197997031,5.085837114567624,14.474265209812716,-0.5808403462219452,6.110667527536862e-13,1.0068488935462067e-19,0.0,1.1879590096887973,0.001619814665380623,8.023518131994438,10.646735609784372,8.02351813199456,0.001619814665601185,True
R,8,0.00625,148.59205907737595,20.0,51.92539241070928,16.551923284161855,16.551923284161855,0.0010000000167481701,0.6244825527308964,4.2383265776309767e-20,4.2383265776309767e-20,0.0,0.0,0.0,4.2383265776309767e-20,0.32924190855414065,0.012126184528569913,0.43308551681194474,0.0,9.950369417310867e-10,1.305124897044152e-09,1.9029406956444504e-15,6490.67405133772,2066.7813552952503,-13.04005579503485,933.3072306302423,7611.108120208998,5.085670267055884,14.474097232528118,-0.5809525630925132,1.3073986337985843e-12,1.8311756957300165e-20,0.0,1.1879567250687415,0.0010000000169413323,8.022172249277324,10.64515528739398,8.02217224927727,0.0010000000167481701,True
R,16,0.00625,148.59205907737595,20.0,51.92539241070928,16.551923416996875,16.551923416996875,0.0011574254463383505,0.6244729440682001,0.0,0.0,0.0,0.0,0.0,0.0,0.32919247552734743,0.012127626055038214,0.4330491532279616,0.0,9.95029836303729e-10,1.3197904991102405e-09,-6.1983100943519e-15,6490.67405133772,2066.796462991826,-13.03004732857398,933.3085412752883,7611.131925727003,5.085599235302818,14.473273421602096,-0.5807360721910817,1.20614629395277e-12,0.0,0.0,1.1879567249032614,0.0011574254463383505,8.022496285711675,10.64548318597288,8.02249628571169,0.0011574254463498613,True
