cell,x_m,dx_m,porosity,vapor_kg_m3,liquid_kg_m3,ice_kg_m3
1,1.171875e-06,2.34375e-06,0.8,1.1480880744710386e-08,0.0,0.0
1,3.515625e-06,2.34375e-06,0.8,3.444264216166088e-08,0.0,0.0
1,5.859375e-06,2.34375e-06,0.8,5.7404403361195504e-08,0.0,0.0
1,8.203125e-06,2.34375e-06,0.8,8.03661641983535e-08,0.0,0.0
1,1.0546874999999999e-05,2.34375e-06,0.8,1.0332792452814885e-07,0.0,0.0
1,1.2890624999999998e-05,2.34375e-06,0.8,1.2628968420556017e-07,0.0,0.0
1,1.5234375e-05,2.34375e-06,0.8,1.492514430855206e-07,0.0,0.0
1,1.7578125e-05,2.34375e-06,0.8,1.7221320102290776e-07,0.0,0.0
1,1.9921874999999998e-05,2.34375e-06,0.8,1.9517495787253346e-07,0.0,0.0
1,2.2265624999999997e-05,2.34375e-06,0.8,2.1813671348913374e-07,0.0,0.0
1,2.4609374999999997e-05,2.34375e-06,0.8,2.410984677273587e-07,0.0,0.0
1,2.6953124999999996e-05,2.34375e-06,0.8,2.640602204417623e-07,0.0,0.0
1,2.9296874999999996e-05,2.34375e-06,0.8,2.870219714867924e-07,0.0,0.0
1,3.1640625e-05,2.34375e-06,0.8,3.099837207167803e-07,0.0,0.0
1,3.3984375e-05,2.34375e-06,0.8,3.32945467985931e-07,0.0,0.0
1,3.6328125e-05,2.34375e-06,0.8,3.559072131483125e-07,0.0,0.0
1,3.8671874999999996e-05,2.34375e-06,0.8,3.788689560578463e-07,0.0,0.0
1,4.1015624999999996e-05,2.34375e-06,0.8,4.018306965682966e-07,0.0,0.0
1,4.3359374999999995e-05,2.34375e-06,0.8,4.247924345332604e-07,0.0,0.0
1,4.5703124999999995e-05,2.34375e-06,0.8,4.477541698061572e-07,0.0,0.0
1,4.8046874999999994e-05,2.34375e-06,0.8,4.7071590224021895e-07,0.0,0.0
1,5.039062499999999e-05,2.34375e-06,0.8,4.936776316884793e-07,0.0,0.0
1,5.273437499999999e-05,2.34375e-06,0.8,5.166393580037642e-07,0.0,0.0
1,5.507812499999999e-05,2.34375e-06,0.8,5.396010810386806e-07,0.0,0.0
1,5.742187499999999e-05,2.34375e-06,0.8,5.625628006456073e-07,0.0,0.0
1,5.976562499999999e-05,2.34375e-06,0.8,5.855245166766837e-07,0.0,0.0
1,6.210937499999999e-05,2.34375e-06,0.8,6.084862289837998e-07,0.0,0.0
1,6.445312499999999e-05,2.34375e-06,0.8,6.31447937418586e-07,0.0,0.0
1,6.679687499999999e-05,2.34375e-06,0.8,6.544096418324027e-07,0.0,0.0
1,6.914062499999999e-05,2.34375e-06,0.8,6.7737134207633e-07,0.0,0.0
1,7.148437499999999e-05,2.34375e-06,0.8,7.003330380011567e-07,0.0,0.0
1,7.382812499999999e-05,2.34375e-06,0.8,7.232947294573703e-07,0.0,0.0
1,7.617187499999999e-05,2.34375e-06,0.8,7.462564162951474e-07,0.0,0.0
1,7.851562499999999e-05,2.34375e-06,0.8,7.692180983643417e-07,0.0,0.0
1,8.085937499999999e-05,2.34375e-06,0.8,7.921797755144743e-07,0.0,0.0
1,8.320312499999998e-05,2.34375e-06,0.8,8.151414475947236e-07,0.0,0.0
1,8.554687499999998e-05,2.34375e-06,0.8,8.381031144539136e-07,0.0,0.0
1,8.789062499999998e-05,2.34375e-06,0.8,8.610647759405046e-07,0.0,0.0
1,9.023437499999998e-05,2.34375e-06,0.8,8.840264319025821e-07,0.0,0.0
1,9.257812499999998e-05,2.34375e-06,0.8,9.069880821878454e-07,0.0,0.0
1,9.492187499999998e-05,2.34375e-06,0.8,9.29949726643598e-07,0.0,0.0
1,9.726562499999998e-05,2.34375e-06,0.8,9.529113651167369e-07,0.0,0.0
1,9.960937499999998e-05,2.34375e-06,0.8,9.75872997453741e-07,0.0,0.0
1,0.00010195312499999998,2.34375e-06,0.8,9.98834623500661e-07,0.0,0.0
1,0.00010429687499999998,2.34375e-06,0.8,1.0217962431031092e-06,0.0,0.0
1,0.00010664062499999998,2.34375e-06,0.8,1.044757856106247e-06,0.0,0.0
1,0.00010898437499999998,2.34375e-06,0.8,1.0677194623547764e-06,0.0,0.0
1,0.00011132812499999998,2.34375e-06,0.8,1.0906810616929265e-06,0.0,0.0
1,0.00011367187499999998,2.34375e-06,0.8,1.113642653964445e-06,0.0,0.0
1,0.00011601562499999998,2.34375e-06,0.8,1.1366042390125849e-06,0.0,0.0
1,0.00011835937499999998,2.34375e-06,0.8,1.1595658166800958e-06,0.0,0.0
1,0.00012070312499999997,2.34375e-06,0.8,1.182527386809212e-06,0.0,0.0
1,0.00012304687499999997,2.34375e-06,0.8,1.2054889492416405e-06,0.0,0.0
1,0.000125390625,2.34375e-06,0.8,1.2284505038185511e-06,0.0,0.0
1,0.000127734375,2.34375e-06,0.8,1.2514120503805648e-06,0.0,0.0
1,0.000130078125,2.34375e-06,0.8,1.2743735887677428e-06,0.0,0.0
1,0.00013242187500000003,2.34375e-06,0.8,1.2973351188195755e-06,0.0,0.0
1,0.00013476562500000004,2.34375e-06,0.8,1.3202966403749702e-06,0.0,0.0
1,0.00013710937500000005,2.34375e-06,0.8,1.3432581532722409e-06,0.0,0.0
1,0.00013945312500000006,2.34375e-06,0.8,1.3662196573490966e-06,0.0,0.0
1,0.00014179687500000008,2.34375e-06,0.8,1.3891811524426293e-06,0.0,0.0
1,0.0001441406250000001,2.34375e-06,0.8,1.412142638389304e-06,0.0,0.0
1,0.0001464843750000001,2.34375e-06,0.8,1.4351041150249458e-06,0.0,0.0
1,0.00014882812500000012,2.34375e-06,0.8,1.458065582184729e-06,0.0,0.0
1,0.00015007083333333344,1.4166666666666668e-07,0.3916,7.203347772028891e-07,0.0,0.0
1,0.0001502125000000001,1.4166666666666668e-07,0.3916,7.223184931696489e-07,0.0,0.0
1,0.00015035416666666677,1.4166666666666668e-07,0.3916,7.243022091114389e-07,0.0,0.0
1,0.00015049583333333344,1.4166666666666668e-07,0.3916,7.262859250281847e-07,0.0,0.0
1,0.0001506375000000001,1.4166666666666668e-07,0.3916,7.282696409198107e-07,0.0,0.0
1,0.00015077916666666677,1.4166666666666668e-07,0.3916,7.302533567862423e-07,0.0,0.0
1,0.00015092083333333344,1.4166666666666668e-07,0.3916,7.322370726274044e-07,0.0,0.0
1,0.0001510625000000001,1.4166666666666668e-07,0.3916,7.342207884432219e-07,0.0,0.0
1,0.00015120416666666677,1.4166666666666668e-07,0.3916,7.3620450423362e-07,0.0,0.0
1,0.00015134583333333343,1.4166666666666668e-07,0.3916,7.381882199985236e-07,0.0,0.0
1,0.0001514875000000001,1.4166666666666668e-07,0.3916,7.401719357378575e-07,0.0,0.0
1,0.00015162916666666676,1.4166666666666668e-07,0.3916,7.421556514515465e-07,0.0,0.0
1,0.00015177083333333343,1.4166666666666668e-07,0.3916,7.441393671395158e-07,0.0,0.0
1,0.0001519125000000001,1.4166666666666668e-07,0.3916,7.461230828016904e-07,0.0,0.0
1,0.00015205416666666676,1.4166666666666668e-07,0.3916,7.481067984379951e-07,0.0,0.0
1,0.00015219583333333343,1.4166666666666668e-07,0.3916,7.500905140483547e-07,0.0,0.0
1,0.0001523375000000001,1.4166666666666668e-07,0.3916,7.520742296326944e-07,0.0,0.0
1,0.00015247916666666676,1.4166666666666668e-07,0.3916,7.540579451909387e-07,0.0,0.0
1,0.00015262083333333342,1.4166666666666668e-07,0.3916,7.560416607230129e-07,0.0,0.0
1,0.0001527625000000001,1.4166666666666668e-07,0.3916,7.580253762288416e-07,0.0,0.0
1,0.00015290416666666675,1.4166666666666668e-07,0.3916,7.600090917083497e-07,0.0,0.0
1,0.00015304583333333342,1.4166666666666668e-07,0.3916,7.619928071614621e-07,0.0,0.0
1,0.00015318750000000008,1.4166666666666668e-07,0.3916,7.639765225881033e-07,0.0,0.0
1,0.00015332916666666675,1.4166666666666668e-07,0.3916,7.659602379881987e-07,0.0,0.0
1,0.0001535250000000001,2.5e-07,0.0,0.0,113.22755475701648,0.0
1,0.00015377500000000012,2.5e-07,0.0,0.0,113.23709708711091,2.924445338565374e-17
1,0.00015402500000000013,2.5e-07,0.0,0.0,113.24106599149323,2.924445338565374e-17
1,0.00015427500000000013,2.5e-07,0.0,0.0,113.2438352521632,2.924445338565374e-17
1,0.00015452500000000014,2.5e-07,0.0,0.0,113.2460392497742,2.924445338565374e-17
1,0.00015477500000000014,2.5e-07,0.0,0.0,113.24794905988475,2.924445338565374e-17
1,0.00015502500000000015,2.5e-07,0.0,0.0,113.24968050290879,3.899260451420498e-17
1,0.00015527500000000016,2.5e-07,0.0,0.0,113.25128305321326,3.899260451420498e-17
1,0.00015552500000000016,2.5e-07,0.0,0.0,113.2527778338735,3.899260451420498e-17
1,0.00015577500000000017,2.5e-07,0.0,0.0,113.25417385345776,3.899260451420498e-17
1,0.00015602500000000017,2.5e-07,0.0,0.0,113.25547494468368,3.899260451420498e-17
1,0.00015627500000000018,2.5e-07,0.0,0.0,113.25668272958973,3.899260451420498e-17
1,0.00015652500000000019,2.5e-07,0.0,0.0,113.25779788667192,3.899260451420498e-17
1,0.0001567750000000002,2.5e-07,0.0,0.0,113.25882069238162,2.924445338565374e-17
1,0.0001570250000000002,2.5e-07,0.0,0.0,113.25975125252884,9.748151128551246e-18
1,0.0001572750000000002,2.5e-07,0.0,0.0,113.2605896011705,1.949630225710249e-17
1,0.0001575250000000002,2.5e-07,0.0,0.0,113.26133574286956,9.748151128551246e-18
1,0.00015777500000000022,2.5e-07,0.0,0.0,113.26198967075447,1.949630225710249e-17
1,0.00015802500000000022,2.5e-07,0.0,0.0,113.26255137423736,9.748151128551246e-18
1,0.00015827500000000023,2.5e-07,0.0,0.0,113.26302084231264,0.0
1,0.00015852500000000023,2.5e-07,0.0,0.0,113.26339806496702,0.0
1,0.00015877500000000024,2.5e-07,0.0,0.0,113.26368303378229,0.0
1,0.00015902500000000025,2.5e-07,0.0,0.0,113.26387574219308,9.748151128551246e-18
1,0.00015927500000000025,2.5e-07,0.0,0.0,113.26397618559648,1.949630225710249e-17
1,0.00015952500000000026,2.5e-07,0.0,0.0,113.26398436139795,0.0
1,0.00015977500000000027,2.5e-07,0.0,0.0,113.26390026902789,9.748151128551246e-18
1,0.00016002500000000027,2.5e-07,0.0,0.0,113.26372390994172,0.0
1,0.00016027500000000028,2.5e-07,0.0,0.0,113.2634552876036,0.0
1,0.00016052500000000028,2.5e-07,0.0,0.0,113.26309440744113,9.748151128551246e-18
1,0.0001607750000000003,2.5e-07,0.0,0.0,113.26264127673655,2.924445338565374e-17
1,0.0001610250000000003,2.5e-07,0.0,0.0,113.26209590437102,2.924445338565374e-17
1,0.0001612750000000003,2.5e-07,0.0,0.0,113.26145830022634,2.924445338565374e-17
1,0.0001615250000000003,2.5e-07,0.0,0.0,113.26072847378518,2.924445338565374e-17
1,0.00016177500000000031,2.5e-07,0.0,0.0,113.25990643085643,2.924445338565374e-17
1,0.00016202500000000032,2.5e-07,0.0,0.0,113.25899216591304,2.924445338565374e-17
1,0.00016227500000000033,2.5e-07,0.0,0.0,113.25798564416316,2.924445338565374e-17
1,0.00016252500000000033,2.5e-07,0.0,0.0,113.25688675959636,2.924445338565374e-17
1,0.00016277500000000034,2.5e-07,0.0,0.0,113.25569523681034,2.924445338565374e-17
1,0.00016302500000000034,2.5e-07,0.0,0.0,113.2544104012798,2.924445338565374e-17
1,0.00016327500000000035,2.5e-07,0.0,0.0,113.25303064177164,2.924445338565374e-17
1,0.00016352500000000036,2.5e-07,0.0,0.0,113.25155215236414,2.924445338565374e-17
1,0.00016377500000000036,2.5e-07,0.0,0.0,113.24996598869946,2.924445338565374e-17
1,0.00016402500000000037,2.5e-07,0.0,0.0,113.24825117945755,2.924445338565374e-17
1,0.00016427500000000037,2.5e-07,0.0,0.0,113.24635860687263,2.924445338565374e-17
1,0.00016452500000000038,2.5e-07,0.0,0.0,113.2441732864494,2.924445338565374e-17
1,0.0001647750000000004,2.5e-07,0.0,0.0,113.24142610009959,2.924445338565374e-17
1,0.0001650250000000004,2.5e-07,0.0,0.0,113.2374872489413,2.924445338565374e-17
1,0.0001652750000000004,2.5e-07,0.0,0.0,113.22801453928015,0.0
1,0.00016557656250000037,3.53125e-07,0.4207,3.2111631840805585e-06,0.0,0.0
1,0.00016592968750000036,3.53125e-07,0.4207,3.1945674913120484e-06,0.0,0.0
1,0.00016628281250000035,3.53125e-07,0.4207,3.1779717966195543e-06,0.0,0.0
1,0.00016663593750000034,3.53125e-07,0.4207,3.161376100015909e-06,0.0,0.0
1,0.00016698906250000033,3.53125e-07,0.4207,3.1447804015139308e-06,0.0,0.0
1,0.00016734218750000032,3.53125e-07,0.4207,3.1281847011264216e-06,0.0,0.0
1,0.0001676953125000003,3.53125e-07,0.4207,3.1115889988661718e-06,0.0,0.0
1,0.0001680484375000003,3.53125e-07,0.4207,3.0949932947459557e-06,0.0,0.0
1,0.0001684015625000003,3.53125e-07,0.4207,3.0783975887785336e-06,0.0,0.0
1,0.00016875468750000028,3.53125e-07,0.4207,3.061801880976651e-06,0.0,0.0
1,0.00016910781250000027,3.53125e-07,0.4207,3.0452061713530426e-06,0.0,0.0
1,0.00016946093750000026,3.53125e-07,0.4207,3.0286104599204254e-06,0.0,0.0
1,0.00016981406250000025,3.53125e-07,0.4207,3.0120147466915055e-06,0.0,0.0
1,0.00017016718750000024,3.53125e-07,0.4207,2.995419031678973e-06,0.0,0.0
1,0.00017052031250000023,3.53125e-07,0.4207,2.978823314895506e-06,0.0,0.0
1,0.00017087343750000022,3.53125e-07,0.4207,2.9622275963537687e-06,0.0,0.0
1,0.0001712265625000002,3.53125e-07,0.4207,2.945631876066412e-06,0.0,0.0
1,0.0001715796875000002,3.53125e-07,0.4207,2.9290361540460734e-06,0.0,0.0
1,0.0001719328125000002,3.53125e-07,0.4207,2.912440430305377e-06,0.0,0.0
1,0.00017228593750000018,3.53125e-07,0.4207,2.895844704856935e-06,0.0,0.0
1,0.00017263906250000017,3.53125e-07,0.4207,2.879248977713344e-06,0.0,0.0
1,0.00017299218750000016,3.53125e-07,0.4207,2.862653248887191e-06,0.0,0.0
1,0.00017334531250000015,3.53125e-07,0.4207,2.846057518391047e-06,0.0,0.0
1,0.00017369843750000014,3.53125e-07,0.4207,2.829461786237474e-06,0.0,0.0
1,0.00017405156250000013,3.53125e-07,0.4207,2.8128660524390188e-06,0.0,0.0
1,0.00017440468750000012,3.53125e-07,0.4207,2.7962703170082145e-06,0.0,0.0
1,0.0001747578125000001,3.53125e-07,0.4207,2.7796745799575848e-06,0.0,0.0
1,0.0001751109375000001,3.53125e-07,0.4207,2.7630788412996405e-06,0.0,0.0
1,0.0001754640625000001,3.53125e-07,0.4207,2.746483101046878e-06,0.0,0.0
1,0.00017581718750000008,3.53125e-07,0.4207,2.7298873592117844e-06,0.0,0.0
1,0.00017617031250000007,3.53125e-07,0.4207,2.7132916158068333e-06,0.0,0.0
1,0.00017652343750000006,3.53125e-07,0.4207,2.696695870844487e-06,0.0,0.0
1,0.00017787187500000007,2.34375e-06,0.8,5.07229927453629e-06,0.0,0.0
1,0.00018021562500000009,2.34375e-06,0.8,4.992422342108764e-06,0.0,0.0
1,0.0001825593750000001,2.34375e-06,0.8,4.912545319054657e-06,0.0,0.0
1,0.0001849031250000001,2.34375e-06,0.8,4.832668207242072e-06,0.0,0.0
1,0.00018724687500000012,2.34375e-06,0.8,4.75279100851762e-06,0.0,0.0
1,0.00018959062500000014,2.34375e-06,0.8,4.6729137247068736e-06,0.0,0.0
1,0.00019193437500000015,2.34375e-06,0.8,4.5930363576148176e-06,0.0,0.0
1,0.00019427812500000016,2.34375e-06,0.8,4.513158909026295e-06,0.0,0.0
1,0.00019662187500000018,2.34375e-06,0.8,4.433281380706442e-06,0.0,0.0
1,0.0001989656250000002,2.34375e-06,0.8,4.3534037744011235e-06,0.0,0.0
1,0.0002013093750000002,2.34375e-06,0.8,4.27352609183736e-06,0.0,0.0
1,0.00020365312500000022,2.34375e-06,0.8,4.193648334723756e-06,0.0,0.0
1,0.00020599687500000023,2.34375e-06,0.8,4.113770504750912e-06,0.0,0.0
1,0.00020834062500000024,2.34375e-06,0.8,4.033892603591841e-06,0.0,0.0
1,0.00021068437500000025,2.34375e-06,0.8,3.954014632902383e-06,0.0,0.0
1,0.00021302812500000027,2.34375e-06,0.8,3.874136594321601e-06,0.0,0.0
1,0.00021537187500000028,2.34375e-06,0.8,3.794258489472186e-06,0.0,0.0
1,0.0002177156250000003,2.34375e-06,0.8,3.7143803199608583e-06,0.0,0.0
1,0.0002200593750000003,2.34375e-06,0.8,3.6345020873787514e-06,0.0,0.0
1,0.00022240312500000032,2.34375e-06,0.8,3.5546237933018025e-06,0.0,0.0
1,0.00022474687500000033,2.34375e-06,0.8,3.4747454392911393e-06,0.0,0.0
1,0.00022709062500000034,2.34375e-06,0.8,3.3948670268934575e-06,0.0,0.0
1,0.00022943437500000036,2.34375e-06,0.8,3.3149885576414e-06,0.0,0.0
1,0.00023177812500000037,2.34375e-06,0.8,3.2351100330539255e-06,0.0,0.0
1,0.00023412187500000038,2.34375e-06,0.8,3.1552314546366823e-06,0.0,0.0
1,0.0002364656250000004,2.34375e-06,0.8,3.075352823882371e-06,0.0,0.0
1,0.0002388093750000004,2.34375e-06,0.8,2.995474142271108e-06,0.0,0.0
1,0.00024115312500000042,2.34375e-06,0.8,2.915595411270784e-06,0.0,0.0
1,0.00024349687500000043,2.34375e-06,0.8,2.835716632337421e-06,0.0,0.0
1,0.0002458406250000005,2.34375e-06,0.8,2.7558378069155237e-06,0.0,0.0
1,0.0002481843750000005,2.34375e-06,0.8,2.675958936438431e-06,0.0,0.0
1,0.0002505281250000005,2.34375e-06,0.8,2.596080022328661e-06,0.0,0.0
1,0.0002528718750000005,2.34375e-06,0.8,2.516201065998256e-06,0.0,0.0
1,0.0002552156250000005,2.34375e-06,0.8,2.4363220688491237e-06,0.0,0.0
1,0.00025755937500000054,2.34375e-06,0.8,2.356443032273376e-06,0.0,0.0
1,0.00025990312500000055,2.34375e-06,0.8,2.276563957653666e-06,0.0,0.0
1,0.00026224687500000057,2.34375e-06,0.8,2.1966848463635194e-06,0.0,0.0
1,0.0002645906250000006,2.34375e-06,0.8,2.116805699767667e-06,0.0,0.0
1,0.0002669343750000006,2.34375e-06,0.8,2.036926519222375e-06,0.0,0.0
1,0.0002692781250000006,2.34375e-06,0.8,1.957047306075769e-06,0.0,0.0
1,0.0002716218750000006,2.34375e-06,0.8,1.877168061668161e-06,0.0,0.0
1,0.00027396562500000063,2.34375e-06,0.8,1.7972887873323709e-06,0.0,0.0
1,0.00027630937500000064,2.34375e-06,0.8,1.7174094843940467e-06,0.0,0.0
1,0.00027865312500000066,2.34375e-06,0.8,1.6375301541719849e-06,0.0,0.0
1,0.00028099687500000067,2.34375e-06,0.8,1.5576507979784455e-06,0.0,0.0
1,0.0002833406250000007,2.34375e-06,0.8,1.4777714171194694e-06,0.0,0.0
1,0.0002856843750000007,2.34375e-06,0.8,1.3978920128951893e-06,0.0,0.0
1,0.0002880281250000007,2.34375e-06,0.8,1.3180125866001453e-06,0.0,0.0
1,0.0002903718750000007,2.34375e-06,0.8,1.2381331395235918e-06,0.0,0.0
1,0.00029271562500000073,2.34375e-06,0.8,1.1582536729498095e-06,0.0,0.0
1,0.00029505937500000075,2.34375e-06,0.8,1.0783741881584124e-06,0.0,0.0
1,0.00029740312500000076,2.34375e-06,0.8,9.984946864246545e-07,0.0,0.0
1,0.00029974687500000077,2.34375e-06,0.8,9.186151690197357e-07,0.0,0.0
1,0.0003020906250000008,2.34375e-06,0.8,8.387356372111056e-07,0.0,0.0
1,0.0003044343750000008,2.34375e-06,0.8,7.588560922627681e-07,0.0,0.0
1,0.0003067781250000008,2.34375e-06,0.8,6.789765354355836e-07,0.0,0.0
1,0.0003091218750000008,2.34375e-06,0.8,5.990969679875706e-07,0.0,0.0
1,0.00031146562500000084,2.34375e-06,0.8,5.192173911742074e-07,0.0,0.0
1,0.00031380937500000085,2.34375e-06,0.8,4.3933780624873196e-07,0.0,0.0
1,0.00031615312500000086,2.34375e-06,0.8,3.59458214462442e-07,0.0,0.0
1,0.0003184968750000009,2.34375e-06,0.8,2.795786170649943e-07,0.0,0.0
1,0.0003208406250000009,2.34375e-06,0.8,1.9969901530470387e-07,0.0,0.0
1,0.0003231843750000009,2.34375e-06,0.8,1.1981941042884222e-07,0.0,0.0
1,0.0003255281250000009,2.34375e-06,0.8,3.993980368393582e-08,0.0,0.0
2,1.171875e-06,2.34375e-06,0.8,1.0128938326206605e-08,0.0,0.0
2,3.515625e-06,2.34375e-06,0.8,3.038681492041536e-08,0.0,0.0
2,5.859375e-06,2.34375e-06,0.8,5.0644691340007315e-08,0.0,0.0
2,8.203125e-06,2.34375e-06,0.8,7.090256746855971e-08,0.0,0.0
2,1.0546874999999999e-05,2.34375e-06,0.8,9.116044318963254e-08,0.0,0.0
2,1.2890624999999998e-05,2.34375e-06,0.8,1.1141831838676158e-07,0.0,0.0
2,1.5234375e-05,2.34375e-06,0.8,1.3167619294345142e-07,0.0,0.0
2,1.7578125e-05,2.34375e-06,0.8,1.5193406674316873e-07,0.0,0.0
2,1.9921874999999998e-05,2.34375e-06,0.8,1.7219193966933507e-07,0.0,0.0
2,2.2265624999999997e-05,2.34375e-06,0.8,1.9244981160532017e-07,0.0,0.0
2,2.4609374999999997e-05,2.34375e-06,0.8,2.1270768243443487e-07,0.0,0.0
2,2.6953124999999996e-05,2.34375e-06,0.8,2.3296555203992435e-07,0.0,0.0
2,2.9296874999999996e-05,2.34375e-06,0.8,2.5322342030496104e-07,0.0,0.0
2,3.1640625e-05,2.34375e-06,0.8,2.734812871126376e-07,0.0,0.0
2,3.3984375e-05,2.34375e-06,0.8,2.937391523459603e-07,0.0,0.0
2,3.6328125e-05,2.34375e-06,0.8,3.1399701588784183e-07,0.0,0.0
2,3.8671874999999996e-05,2.34375e-06,0.8,3.3425487762109414e-07,0.0,0.0
2,4.1015624999999996e-05,2.34375e-06,0.8,3.5451273742842195e-07,0.0,0.0
2,4.3359374999999995e-05,2.34375e-06,0.8,3.747705951924154e-07,0.0,0.0
2,4.5703124999999995e-05,2.34375e-06,0.8,3.950284507955433e-07,0.0,0.0
2,4.8046874999999994e-05,2.34375e-06,0.8,4.15286304120146e-07,0.0,0.0
2,5.039062499999999e-05,2.34375e-06,0.8,4.3554415504842835e-07,0.0,0.0
2,5.273437499999999e-05,2.34375e-06,0.8,4.5580200346245284e-07,0.0,0.0
2,5.507812499999999e-05,2.34375e-06,0.8,4.7605984924413244e-07,0.0,0.0
2,5.742187499999999e-05,2.34375e-06,0.8,4.963176922752239e-07,0.0,0.0
2,5.976562499999999e-05,2.34375e-06,0.8,5.165755324373203e-07,0.0,0.0
2,6.210937499999999e-05,2.34375e-06,0.8,5.368333696118439e-07,0.0,0.0
2,6.445312499999999e-05,2.34375e-06,0.8,5.570912036800399e-07,0.0,0.0
2,6.679687499999999e-05,2.34375e-06,0.8,5.773490345229683e-07,0.0,0.0
2,6.914062499999999e-05,2.34375e-06,0.8,5.976068620214977e-07,0.0,0.0
2,7.148437499999999e-05,2.34375e-06,0.8,6.178646860562977e-07,0.0,0.0
2,7.382812499999999e-05,2.34375e-06,0.8,6.381225065078319e-07,0.0,0.0
2,7.617187499999999e-05,2.34375e-06,0.8,6.583803232563509e-07,0.0,0.0
2,7.851562499999999e-05,2.34375e-06,0.8,6.78638136181885e-07,0.0,0.0
2,8.085937499999999e-05,2.34375e-06,0.8,6.988959451642371e-07,0.0,0.0
2,8.320312499999998e-05,2.34375e-06,0.8,7.191537500829757e-07,0.0,0.0
2,8.554687499999998e-05,2.34375e-06,0.8,7.394115508174275e-07,0.0,0.0
2,8.789062499999998e-05,2.34375e-06,0.8,7.596693472466704e-07,0.0,0.0
2,9.023437499999998e-05,2.34375e-06,0.8,7.79927139249526e-07,0.0,0.0
2,9.257812499999998e-05,2.34375e-06,0.8,8.001849267045527e-07,0.0,0.0
2,9.492187499999998e-05,2.34375e-06,0.8,8.204427094900382e-07,0.0,0.0
2,9.726562499999998e-05,2.34375e-06,0.8,8.407004874839923e-07,0.0,0.0
2,9.960937499999998e-05,2.34375e-06,0.8,8.609582605641401e-07,0.0,0.0
2,0.00010195312499999998,2.34375e-06,0.8,8.812160286079137e-07,0.0,0.0
2,0.00010429687499999998,2.34375e-06,0.8,9.014737914924456e-07,0.0,0.0
2,0.00010664062499999998,2.34375e-06,0.8,9.217315490945613e-07,0.0,0.0
2,0.00010898437499999998,2.34375e-06,0.8,9.419893012907719e-07,0.0,0.0
2,0.00011132812499999998,2.34375e-06,0.8,9.622470479572664e-07,0.0,0.0
2,0.00011367187499999998,2.34375e-06,0.8,9.82504788969905e-07,0.0,0.0
2,0.00011601562499999998,2.34375e-06,0.8,1.0027625242042105e-06,0.0,0.0
2,0.00011835937499999998,2.34375e-06,0.8,1.023020253535362e-06,0.0,0.0
2,0.00012070312499999997,2.34375e-06,0.8,1.0432779768381876e-06,0.0,0.0
2,0.00012304687499999997,2.34375e-06,0.8,1.0635356939871551e-06,0.0,0.0
2,0.000125390625,2.34375e-06,0.8,1.083793404856367e-06,0.0,0.0
2,0.000127734375,2.34375e-06,0.8,1.1040511093195512e-06,0.0,0.0
2,0.000130078125,2.34375e-06,0.8,1.124308807250053e-06,0.0,0.0
2,0.00013242187500000003,2.34375e-06,0.8,1.1445664985208302e-06,0.0,0.0
2,0.00013476562500000004,2.34375e-06,0.8,1.164824183004442e-06,0.0,0.0
2,0.00013710937500000005,2.34375e-06,0.8,1.1850818605730438e-06,0.0,0.0
2,0.00013945312500000006,2.34375e-06,0.8,1.2053395310983791e-06,0.0,0.0
2,0.00014179687500000008,2.34375e-06,0.8,1.2255971944517711e-06,0.0,0.0
2,0.0001441406250000001,2.34375e-06,0.8,1.2458548505041154e-06,0.0,0.0
2,0.0001464843750000001,2.34375e-06,0.8,1.2661124991258727e-06,0.0,0.0
2,0.00014882812500000012,2.34375e-06,0.8,1.2863701401870598e-06,0.0,0.0
2,0.00015007083333333344,1.4166666666666668e-07,0.3916,6.355113012450141e-07,0.0,0.0
2,0.0001502125000000001,1.4166666666666668e-07,0.3916,6.372614249373498e-07,0.0,0.0
2,0.00015035416666666677,1.4166666666666668e-07,0.3916,6.3901154860977e-07,0.0,0.0
2,0.00015049583333333344,1.4166666666666668e-07,0.3916,6.407616722622159e-07,0.0,0.0
2,0.0001506375000000001,1.4166666666666668e-07,0.3916,6.425117958946279e-07,0.0,0.0
2,0.00015077916666666677,1.4166666666666668e-07,0.3916,6.442619195069475e-07,0.0,0.0
2,0.00015092083333333344,1.4166666666666668e-07,0.3916,6.460120430991152e-07,0.0,0.0
2,0.0001510625000000001,1.4166666666666668e-07,0.3916,6.477621666710722e-07,0.0,0.0
2,0.00015120416666666677,1.4166666666666668e-07,0.3916,6.495122902227594e-07,0.0,0.0
2,0.00015134583333333343,1.4166666666666668e-07,0.3916,6.512624137541174e-07,0.0,0.0
2,0.0001514875000000001,1.4166666666666668e-07,0.3916,6.530125372650874e-07,0.0,0.0
2,0.00015162916666666676,1.4166666666666668e-07,0.3916,6.547626607556103e-07,0.0,0.0
2,0.00015177083333333343,1.4166666666666668e-07,0.3916,6.565127842256267e-07,0.0,0.0
2,0.0001519125000000001,1.4166666666666668e-07,0.3916,6.582629076750778e-07,0.0,0.0
2,0.00015205416666666676,1.4166666666666668e-07,0.3916,6.600130311039041e-07,0.0,0.0
2,0.00015219583333333343,1.4166666666666668e-07,0.3916,6.617631545120468e-07,0.0,0.0
2,0.0001523375000000001,1.4166666666666668e-07,0.3916,6.635132778994466e-07,0.0,0.0
2,0.00015247916666666676,1.4166666666666668e-07,0.3916,6.652634012660444e-07,0.0,0.0
2,0.00015262083333333342,1.4166666666666668e-07,0.3916,6.670135246117807e-07,0.0,0.0
2,0.0001527625000000001,1.4166666666666668e-07,0.3916,6.687636479365968e-07,0.0,0.0
2,0.00015290416666666675,1.4166666666666668e-07,0.3916,6.705137712404334e-07,0.0,0.0
2,0.00015304583333333342,1.4166666666666668e-07,0.3916,6.722638945232312e-07,0.0,0.0
2,0.00015318750000000008,1.4166666666666668e-07,0.3916,6.740140177849312e-07,0.0,0.0
2,0.00015332916666666675,1.4166666666666668e-07,0.3916,6.757641410254739e-07,0.0,0.0
2,0.0001535250000000001,2.5e-07,0.0,0.0,113.21268303447485,0.0
2,0.00015377500000000012,2.5e-07,0.0,0.0,113.21944691846076,1.474665627038053e-17
2,0.00015402500000000013,2.5e-07,0.0,0.0,113.22198996549334,1.474665627038053e-17
2,0.00015427500000000013,2.5e-07,0.0,0.0,113.22378657256941,1.474665627038053e-17
2,0.00015452500000000014,2.5e-07,0.0,0.0,113.22515411163147,1.474665627038053e-17
2,0.00015477500000000014,2.5e-07,0.0,0.0,113.22626634801033,1.474665627038053e-17
2,0.00015502500000000015,2.5e-07,0.0,0.0,113.22721841804167,1.9662208360507418e-17
2,0.00015527500000000016,2.5e-07,0.0,0.0,113.2280624064765,1.9662208360507418e-17
2,0.00015552500000000016,2.5e-07,0.0,0.0,113.22882682627854,1.9662208360507418e-17
2,0.00015577500000000017,2.5e-07,0.0,0.0,113.22952728444116,1.9662208360507418e-17
2,0.00015602500000000017,2.5e-07,0.0,0.0,113.23017232186021,1.9662208360507418e-17
2,0.00015627500000000018,2.5e-07,0.0,0.0,113.23076661084649,1.9662208360507418e-17
2,0.00015652500000000019,2.5e-07,0.0,0.0,113.23131270586232,1.9662208360507418e-17
2,0.0001567750000000002,2.5e-07,0.0,0.0,113.23181200210276,1.474665627038053e-17
2,0.0001570250000000002,2.5e-07,0.0,0.0,113.23226526034715,4.9155520901268544e-18
2,0.0001572750000000002,2.5e-07,0.0,0.0,113.23267289433099,9.831104180253709e-18
2,0.0001575250000000002,2.5e-07,0.0,0.0,113.23303512808926,4.9155520901268544e-18
2,0.00015777500000000022,2.5e-07,0.0,0.0,113.23335208210577,9.831104180253709e-18
2,0.00015802500000000022,2.5e-07,0.0,0.0,113.23362382048016,4.9155520901268544e-18
2,0.00015827500000000023,2.5e-07,0.0,0.0,113.23385037674925,0.0
2,0.00015852500000000023,2.5e-07,0.0,0.0,113.23403176801789,0.0
2,0.00015877500000000024,2.5e-07,0.0,0.0,113.23416800268295,0.0
2,0.00015902500000000025,2.5e-07,0.0,0.0,113.23425908463852,4.9155520901268544e-18
2,0.00015927500000000025,2.5e-07,0.0,0.0,113.23430501553463,9.831104180253709e-18
2,0.00015952500000000026,2.5e-07,0.0,0.0,113.23430579593408,0.0
2,0.00015977500000000027,2.5e-07,0.0,0.0,113.2342614258001,4.9155520901268544e-18
2,0.00016002500000000027,2.5e-07,0.0,0.0,113.23417190449682,0.0
2,0.00016027500000000028,2.5e-07,0.0,0.0,113.23403723030303,0.0
2,0.00016052500000000028,2.5e-07,0.0,0.0,113.2338573992573,4.9155520901268544e-18
2,0.0001607750000000003,2.5e-07,0.0,0.0,113.23363240290259,1.474665627038053e-17
2,0.0001610250000000003,2.5e-07,0.0,0.0,113.2333622240871,1.474665627038053e-17
2,0.0001612750000000003,2.5e-07,0.0,0.0,113.23304682925149,1.474665627038053e-17
2,0.0001615250000000003,2.5e-07,0.0,0.0,113.23268615431803,1.474665627038053e-17
2,0.00016177500000000031,2.5e-07,0.0,0.0,113.23228007890584,1.474665627038053e-17
2,0.00016202500000000032,2.5e-07,0.0,0.0,113.23182837923109,1.474665627038053e-17
2,0.00016227500000000033,2.5e-07,0.0,0.0,113.23133064208015,1.474665627038053e-17
2,0.00016252500000000033,2.5e-07,0.0,0.0,113.23078610768953,1.474665627038053e-17
2,0.00016277500000000034,2.5e-07,0.0,0.0,113.23019338278257,1.474665627038053e-17
2,0.00016302500000000034,2.5e-07,0.0,0.0,113.22954991646344,1.474665627038053e-17
2,0.00016327500000000035,2.5e-07,0.0,0.0,113.22885104299793,1.474665627038053e-17
2,0.00016352500000000036,2.5e-07,0.0,0.0,113.22808823356435,1.474665627038053e-17
2,0.00016377500000000036,2.5e-07,0.0,0.0,113.22724590328335,1.474665627038053e-17
2,0.00016402500000000037,2.5e-07,0.0,0.0,113.2262955796418,1.474665627038053e-17
2,0.00016427500000000037,2.5e-07,0.0,0.0,113.22518525182811,1.474665627038053e-17
2,0.00016452500000000038,2.5e-07,0.0,0.0,113.22381991860752,1.474665627038053e-17
2,0.0001647750000000004,2.5e-07,0.0,0.0,113.22202606145181,1.474665627038053e-17
2,0.0001650250000000004,2.5e-07,0.0,0.0,113.21948675922462,1.474665627038053e-17
2,0.0001652750000000004,2.5e-07,0.0,0.0,113.21273254903096,0.0
2,0.00016557656250000037,3.53125e-07,0.4207,2.849587523590426e-06,0.0,0.0
2,0.00016592968750000036,3.53125e-07,0.4207,2.834860483717299e-06,0.0,0.0
2,0.00016628281250000035,3.53125e-07,0.4207,2.820133442239338e-06,0.0,0.0
2,0.00016663593750000034,3.53125e-07,0.4207,2.80540639916691e-06,0.0,0.0
2,0.00016698906250000033,3.53125e-07,0.4207,2.7906793545103713e-06,0.0,0.0
2,0.00016734218750000032,3.53125e-07,0.4207,2.775952308280068e-06,0.0,0.0
2,0.0001676953125000003,3.53125e-07,0.4207,2.761225260486336e-06,0.0,0.0
2,0.0001680484375000003,3.53125e-07,0.4207,2.7464982111395e-06,0.0,0.0
2,0.0001684015625000003,3.53125e-07,0.4207,2.7317711602498762e-06,0.0,0.0
2,0.00016875468750000028,3.53125e-07,0.4207,2.7170441078277706e-06,0.0,0.0
2,0.00016910781250000027,3.53125e-07,0.4207,2.7023170538834785e-06,0.0,0.0
2,0.00016946093750000026,3.53125e-07,0.4207,2.687589998427287e-06,0.0,0.0
2,0.00016981406250000025,3.53125e-07,0.4207,2.6728629414694714e-06,0.0,0.0
2,0.00017016718750000024,3.53125e-07,0.4207,2.6581358830202986e-06,0.0,0.0
2,0.00017052031250000023,3.53125e-07,0.4207,2.643408823090026e-06,0.0,0.0
2,0.00017087343750000022,3.53125e-07,0.4207,2.628681761688901e-06,0.0,0.0
2,0.0001712265625000002,3.53125e-07,0.4207,2.613954698827161e-06,0.0,0.0
2,0.0001715796875000002,3.53125e-07,0.4207,2.5992276345150355e-06,0.0,0.0
2,0.0001719328125000002,3.53125e-07,0.4207,2.584500568762744e-06,0.0,0.0
2,0.00017228593750000018,3.53125e-07,0.4207,2.5697735015804957e-06,0.0,0.0
2,0.00017263906250000017,3.53125e-07,0.4207,2.555046432978491e-06,0.0,0.0
2,0.00017299218750000016,3.53125e-07,0.4207,2.540319362966924e-06,0.0,0.0
2,0.00017334531250000015,3.53125e-07,0.4207,2.525592291555974e-06,0.0,0.0
2,0.00017369843750000014,3.53125e-07,0.4207,2.510865218755816e-06,0.0,0.0
2,0.00017405156250000013,3.53125e-07,0.4207,2.4961381445766156e-06,0.0,0.0
2,0.00017440468750000012,3.53125e-07,0.4207,2.481411069028527e-06,0.0,0.0
2,0.0001747578125000001,3.53125e-07,0.4207,2.466683992121699e-06,0.0,0.0
2,0.0001751109375000001,3.53125e-07,0.4207,2.451956913866269e-06,0.0,0.0
2,0.0001754640625000001,3.53125e-07,0.4207,2.437229834272367e-06,0.0,0.0
2,0.00017581718750000008,3.53125e-07,0.4207,2.4225027533501133e-06,0.0,0.0
2,0.00017617031250000007,3.53125e-07,0.4207,2.4077756711096205e-06,0.0,0.0
2,0.00017652343750000006,3.53125e-07,0.4207,2.3930485875609933e-06,0.0,0.0
2,0.00017787187500000007,2.34375e-06,0.8,4.501159588543867e-06,0.0,0.0
2,0.00018021562500000009,2.34375e-06,0.8,4.430276709681775e-06,0.0,0.0
2,0.0001825593750000001,2.34375e-06,0.8,4.359393754584732e-06,0.0,0.0
2,0.0001849031250000001,2.34375e-06,0.8,4.288510724772162e-06,0.0,0.0
2,0.00018724687500000012,2.34375e-06,0.8,4.2176276217481895e-06,0.0,0.0
2,0.00018959062500000014,2.34375e-06,0.8,4.146744447001953e-06,0.0,0.0
2,0.00019193437500000015,2.34375e-06,0.8,4.07586120200792e-06,0.0,0.0
2,0.00019427812500000016,2.34375e-06,0.8,4.004977888226194e-06,0.0,0.0
2,0.00019662187500000018,2.34375e-06,0.8,3.934094507102821e-06,0.0,0.0
2,0.0001989656250000002,2.34375e-06,0.8,3.863211060070089e-06,0.0,0.0
2,0.0002013093750000002,2.34375e-06,0.8,3.7923275485468297e-06,0.0,0.0
2,0.00020365312500000022,2.34375e-06,0.8,3.721443973938709e-06,0.0,0.0
2,0.00020599687500000023,2.34375e-06,0.8,3.650560337638528e-06,0.0,0.0
2,0.00020834062500000024,2.34375e-06,0.8,3.579676641026504e-06,0.0,0.0
2,0.00021068437500000025,2.34375e-06,0.8,3.508792885470563e-06,0.0,0.0
2,0.00021302812500000027,2.34375e-06,0.8,3.4379090723266214e-06,0.0,0.0
2,0.00021537187500000028,2.34375e-06,0.8,3.367025202938868e-06,0.0,0.0
2,0.0002177156250000003,2.34375e-06,0.8,3.296141278640042e-06,0.0,0.0
2,0.0002200593750000003,2.34375e-06,0.8,3.225257300751707e-06,0.0,0.0
2,0.00022240312500000032,2.34375e-06,0.8,3.1543732705845286e-06,0.0,0.0
2,0.00022474687500000033,2.34375e-06,0.8,3.083489189438541e-06,0.0,0.0
2,0.00022709062500000034,2.34375e-06,0.8,3.0126050586034183e-06,0.0,0.0
2,0.00022943437500000036,2.34375e-06,0.8,2.9417208793587385e-06,0.0,0.0
2,0.00023177812500000037,2.34375e-06,0.8,2.8708366529742493e-06,0.0,0.0
2,0.00023412187500000038,2.34375e-06,0.8,2.799952380710126e-06,0.0,0.0
2,0.0002364656250000004,2.34375e-06,0.8,2.7290680638172353e-06,0.0,0.0
2,0.0002388093750000004,2.34375e-06,0.8,2.658183703537387e-06,0.0,0.0
2,0.00024115312500000042,2.34375e-06,0.8,2.5872993011035943e-06,0.0,0.0
2,0.00024349687500000043,2.34375e-06,0.8,2.516414857740322e-06,0.0,0.0
2,0.0002458406250000005,2.34375e-06,0.8,2.445530374663742e-06,0.0,0.0
2,0.0002481843750000005,2.34375e-06,0.8,2.3746458530819783e-06,0.0,0.0
2,0.0002505281250000005,2.34375e-06,0.8,2.3037612941953566e-06,0.0,0.0
2,0.0002528718750000005,2.34375e-06,0.8,2.2328766991966486e-06,0.0,0.0
2,0.0002552156250000005,2.34375e-06,0.8,2.1619920692713167e-06,0.0,0.0
2,0.00025755937500000054,2.34375e-06,0.8,2.0911074055977556e-06,0.0,0.0
2,0.00025990312500000055,2.34375e-06,0.8,2.0202227093475315e-06,0.0,0.0
2,0.00026224687500000057,2.34375e-06,0.8,1.949337981685623e-06,0.0,0.0
2,0.0002645906250000006,2.34375e-06,0.8,1.8784532237706574e-06,0.0,0.0
2,0.0002669343750000006,2.34375e-06,0.8,1.8075684367551457e-06,0.0,0.0
2,0.0002692781250000006,2.34375e-06,0.8,1.7366836217857184e-06,0.0,0.0
2,0.0002716218750000006,2.34375e-06,0.8,1.6657987800033577e-06,0.0,0.0
2,0.00027396562500000063,2.34375e-06,0.8,1.5949139125436294e-06,0.0,0.0
2,0.00027630937500000064,2.34375e-06,0.8,1.5240290205369138e-06,0.0,0.0
2,0.00027865312500000066,2.34375e-06,0.8,1.453144105108635e-06,0.0,0.0
2,0.00028099687500000067,2.34375e-06,0.8,1.3822591673794889e-06,0.0,0.0
2,0.0002833406250000007,2.34375e-06,0.8,1.31137420846567e-06,0.0,0.0
2,0.0002856843750000007,2.34375e-06,0.8,1.240489229479098e-06,0.0,0.0
2,0.0002880281250000007,2.34375e-06,0.8,1.169604231527643e-06,0.0,0.0
2,0.0002903718750000007,2.34375e-06,0.8,1.098719215715349e-06,0.0,0.0
2,0.00029271562500000073,2.34375e-06,0.8,1.027834183142658e-06,0.0,0.0
2,0.00029505937500000075,2.34375e-06,0.8,9.56949134906632e-07,0.0,0.0
2,0.00029740312500000076,2.34375e-06,0.8,8.860640721011738e-07,0.0,0.0
2,0.00029974687500000077,2.34375e-06,0.8,8.151789958172502e-07,0.0,0.0
2,0.0003020906250000008,2.34375e-06,0.8,7.442939071431102e-07,0.0,0.0
2,0.0003044343750000008,2.34375e-06,0.8,6.734088071645054e-07,0.0,0.0
2,0.0003067781250000008,2.34375e-06,0.8,6.025236969649096e-07,0.0,0.0
2,0.0003091218750000008,2.34375e-06,0.8,5.316385776257364e-07,0.0,0.0
2,0.00031146562500000084,2.34375e-06,0.8,4.607534502265576e-07,0.0,0.0
2,0.00031380937500000085,2.34375e-06,0.8,3.898683158453216e-07,0.0,0.0
2,0.00031615312500000086,2.34375e-06,0.8,3.189831755585697e-07,0.0,0.0
2,0.0003184968750000009,2.34375e-06,0.8,2.480980304416533e-07,0.0,0.0
2,0.0003208406250000009,2.34375e-06,0.8,1.7721288156895108e-07,0.0,0.0
2,0.0003231843750000009,2.34375e-06,0.8,1.0632773001408496e-07,0.0,0.0
2,0.0003255281250000009,2.34375e-06,0.8,3.544257685013657e-08,0.0,0.0
3,1.171875e-06,2.34375e-06,0.8,9.762318516520364e-09,0.0,0.0
3,3.515625e-06,2.34375e-06,0.8,2.9286955494237046e-08,0.0,0.0
3,5.859375e-06,2.34375e-06,0.8,4.881159230597845e-08,0.0,0.0
3,8.203125e-06,2.34375e-06,0.8,6.833622884108393e-08,0.0,0.0
3,1.0546874999999999e-05,2.34375e-06,0.8,8.78608649888772e-08,0.0,0.0
3,1.2890624999999998e-05,2.34375e-06,0.8,1.0738550063865991e-07,0.0,0.0
3,1.5234375e-05,2.34375e-06,0.8,1.269101356797056e-07,0.0,0.0
3,1.7578125e-05,2.34375e-06,0.8,1.464347700012532e-07,0.0,0.0
3,1.9921874999999998e-05,2.34375e-06,0.8,1.6595940349250092e-07,0.0,0.0
3,2.2265624999999997e-05,2.34375e-06,0.8,1.854840360425998e-07,0.0,0.0
3,2.4609374999999997e-05,2.34375e-06,0.8,2.0500866754064757e-07,0.0,0.0
3,2.6953124999999996e-05,2.34375e-06,0.8,2.245332978756824e-07,0.0,0.0
3,2.9296874999999996e-05,2.34375e-06,0.8,2.4405792693667637e-07,0.0,0.0
3,3.1640625e-05,2.34375e-06,0.8,2.6358255461252937e-07,0.0,0.0
3,3.3984375e-05,2.34375e-06,0.8,2.831071807920627e-07,0.0,0.0
3,3.6328125e-05,2.34375e-06,0.8,3.026318053640129e-07,0.0,0.0
3,3.8671874999999996e-05,2.34375e-06,0.8,3.2215642821702533e-07,0.0,0.0
3,4.1015624999999996e-05,2.34375e-06,0.8,3.4168104923964777e-07,0.0,0.0
3,4.3359374999999995e-05,2.34375e-06,0.8,3.612056683203242e-07,0.0,0.0
3,4.5703124999999995e-05,2.34375e-06,0.8,3.807302853473886e-07,0.0,0.0
3,4.8046874999999994e-05,2.34375e-06,0.8,4.002549002090584e-07,0.0,0.0
3,5.039062499999999e-05,2.34375e-06,0.8,4.1977951279342825e-07,0.0,0.0
3,5.273437499999999e-05,2.34375e-06,0.8,4.3930412298846336e-07,0.0,0.0
3,5.507812499999999e-05,2.34375e-06,0.8,4.5882873068199375e-07,0.0,0.0
3,5.742187499999999e-05,2.34375e-06,0.8,4.783533357617075e-07,0.0,0.0
3,5.976562499999999e-05,2.34375e-06,0.8,4.978779381151442e-07,0.0,0.0
3,6.210937499999999e-05,2.34375e-06,0.8,5.17402537629689e-07,0.0,0.0
3,6.445312499999999e-05,2.34375e-06,0.8,5.369271341925657e-07,0.0,0.0
3,6.679687499999999e-05,2.34375e-06,0.8,5.56451727690831e-07,0.0,0.0
3,6.914062499999999e-05,2.34375e-06,0.8,5.759763180113673e-07,0.0,0.0
3,7.148437499999999e-05,2.34375e-06,0.8,5.955009050408771e-07,0.0,0.0
3,7.382812499999999e-05,2.34375e-06,0.8,6.150254886658757e-07,0.0,0.0
3,7.617187499999999e-05,2.34375e-06,0.8,6.345500687726856e-07,0.0,0.0
3,7.851562499999999e-05,2.34375e-06,0.8,6.540746452474294e-07,0.0,0.0
3,8.085937499999999e-05,2.34375e-06,0.8,6.735992179760234e-07,0.0,0.0
3,8.320312499999998e-05,2.34375e-06,0.8,6.931237868441714e-07,0.0,0.0
3,8.554687499999998e-05,2.34375e-06,0.8,7.126483517373582e-07,0.0,0.0
3,8.789062499999998e-05,2.34375e-06,0.8,7.321729125408426e-07,0.0,0.0
3,9.023437499999998e-05,2.34375e-06,0.8,7.516974691396515e-07,0.0,0.0
3,9.257812499999998e-05,2.34375e-06,0.8,7.712220214185728e-07,0.0,0.0
3,9.492187499999998e-05,2.34375e-06,0.8,7.907465692621496e-07,0.0,0.0
3,9.726562499999998e-05,2.34375e-06,0.8,8.102711125546724e-07,0.0,0.0
3,9.960937499999998e-05,2.34375e-06,0.8,8.297956511801734e-07,0.0,0.0
3,0.00010195312499999998,2.34375e-06,0.8,8.493201850224201e-07,0.0,0.0
3,0.00010429687499999998,2.34375e-06,0.8,8.688447139649079e-07,0.0,0.0
3,0.00010664062499999998,2.34375e-06,0.8,8.883692378908541e-07,0.0,0.0
3,0.00010898437499999998,2.34375e-06,0.8,9.07893756683191e-07,0.0,0.0
3,0.00011132812499999998,2.34375e-06,0.8,9.274182702245584e-07,0.0,0.0
3,0.00011367187499999998,2.34375e-06,0.8,9.469427783972986e-07,0.0,0.0
3,0.00011601562499999998,2.34375e-06,0.8,9.664672810834486e-07,0.0,0.0
3,0.00011835937499999998,2.34375e-06,0.8,9.859917781647333e-07,0.0,0.0
3,0.00012070312499999997,2.34375e-06,0.8,1.0055162695225596e-06,0.0,0.0
3,0.00012304687499999997,2.34375e-06,0.8,1.0250407550380081e-06,0.0,0.0
3,0.000125390625,2.34375e-06,0.8,1.0445652345918283e-06,0.0,0.0
3,0.000127734375,2.34375e-06,0.8,1.0640897080644294e-06,0.0,0.0
3,0.000130078125,2.34375e-06,0.8,1.0836141753358758e-06,0.0,0.0
3,0.00013242187500000003,2.34375e-06,0.8,1.103138636285879e-06,0.0,0.0
3,0.00013476562500000004,2.34375e-06,0.8,1.1226630907937908e-06,0.0,0.0
3,0.00013710937500000005,2.34375e-06,0.8,1.142187538738596e-06,0.0,0.0
3,0.00013945312500000006,2.34375e-06,0.8,1.161711979998907e-06,0.0,0.0
3,0.00014179687500000008,2.34375e-06,0.8,1.181236414452955e-06,0.0,0.0
3,0.0001441406250000001,2.34375e-06,0.8,1.2007608419785843e-06,0.0,0.0
3,0.0001464843750000001,2.34375e-06,0.8,1.2202852624532447e-06,0.0,0.0
3,0.00014882812500000012,2.34375e-06,0.8,1.2398096757539845e-06,0.0,0.0
3,0.00015007083333333344,1.4166666666666668e-07,0.3916,6.125088235426227e-07,0.0,0.0
3,0.0001502125000000001,1.4166666666666668e-07,0.3916,6.14195601307185e-07,0.0,0.0
3,0.00015035416666666677,1.4166666666666668e-07,0.3916,6.158823790528523e-07,0.0,0.0
3,0.00015049583333333344,1.4166666666666668e-07,0.3916,6.175691567795689e-07,0.0,0.0
3,0.0001506375000000001,1.4166666666666668e-07,0.3916,6.192559344872791e-07,0.0,0.0
3,0.00015077916666666677,1.4166666666666668e-07,0.3916,6.209427121759265e-07,0.0,0.0
3,0.00015092083333333344,1.4166666666666668e-07,0.3916,6.226294898454557e-07,0.0,0.0
3,0.0001510625000000001,1.4166666666666668e-07,0.3916,6.243162674958109e-07,0.0,0.0
3,0.00015120416666666677,1.4166666666666668e-07,0.3916,6.260030451269359e-07,0.0,0.0
3,0.00015134583333333343,1.4166666666666668e-07,0.3916,6.276898227387749e-07,0.0,0.0
3,0.0001514875000000001,1.4166666666666668e-07,0.3916,6.293766003312721e-07,0.0,0.0
3,0.00015162916666666676,1.4166666666666668e-07,0.3916,6.310633779043717e-07,0.0,0.0
3,0.00015177083333333343,1.4166666666666668e-07,0.3916,6.327501554580174e-07,0.0,0.0
3,0.0001519125000000001,1.4166666666666668e-07,0.3916,6.344369329921536e-07,0.0,0.0
3,0.00015205416666666676,1.4166666666666668e-07,0.3916,6.361237105067243e-07,0.0,0.0
3,0.00015219583333333343,1.4166666666666668e-07,0.3916,6.378104880016737e-07,0.0,0.0
3,0.0001523375000000001,1.4166666666666668e-07,0.3916,6.394972654769456e-07,0.0,0.0
3,0.00015247916666666676,1.4166666666666668e-07,0.3916,6.411840429324842e-07,0.0,0.0
3,0.00015262083333333342,1.4166666666666668e-07,0.3916,6.428708203682335e-07,0.0,0.0
3,0.0001527625000000001,1.4166666666666668e-07,0.3916,6.445575977841379e-07,0.0,0.0
3,0.00015290416666666675,1.4166666666666668e-07,0.3916,6.46244375180141e-07,0.0,0.0
3,0.00015304583333333342,1.4166666666666668e-07,0.3916,6.47931152556187e-07,0.0,0.0
3,0.00015318750000000008,1.4166666666666668e-07,0.3916,6.496179299122201e-07,0.0,0.0
3,0.00015332916666666675,1.4166666666666668e-07,0.3916,6.513047072481843e-07,0.0,0.0
3,0.0001535250000000001,2.5e-07,0.0,0.0,113.2117466981186,0.0
3,0.00015377500000000012,2.5e-07,0.0,0.0,113.21794829579186,1.0936970681691198e-17
3,0.00015402500000000013,2.5e-07,0.0,0.0,113.2201834561354,1.0936970681691198e-17
3,0.00015427500000000013,2.5e-07,0.0,0.0,113.22178314323726,1.0936970681691198e-17
3,0.00015452500000000014,2.5e-07,0.0,0.0,113.22299951074542,1.0936970681691198e-17
3,0.00015477500000000014,2.5e-07,0.0,0.0,113.22397847826039,1.0936970681691198e-17
3,0.00015502500000000015,2.5e-07,0.0,0.0,113.22480448689934,1.4582627575588266e-17
3,0.00015527500000000016,2.5e-07,0.0,0.0,113.22552639981382,1.4582627575588266e-17
3,0.00015552500000000016,2.5e-07,0.0,0.0,113.2261724910811,1.4582627575588266e-17
3,0.00015577500000000017,2.5e-07,0.0,0.0,113.22675911992044,1.4582627575588266e-17
3,0.00015602500000000017,2.5e-07,0.0,0.0,113.22729575054207,1.4582627575588266e-17
3,0.00015627500000000018,2.5e-07,0.0,0.0,113.22778785717794,1.4582627575588266e-17
3,0.00015652500000000019,2.5e-07,0.0,0.0,113.2282386052474,1.4582627575588266e-17
3,0.0001567750000000002,2.5e-07,0.0,0.0,113.22864982426104,1.0936970681691198e-17
3,0.0001570250000000002,2.5e-07,0.0,0.0,113.22902257084682,3.6456568938970665e-18
3,0.0001572750000000002,2.5e-07,0.0,0.0,113.22935745457625,7.291313787794133e-18
3,0.0001575250000000002,2.5e-07,0.0,0.0,113.22965482652013,3.6456568938970665e-18
3,0.00015777500000000022,2.5e-07,0.0,0.0,113.22991488836331,7.291313787794133e-18
3,0.00015802500000000022,2.5e-07,0.0,0.0,113.23013775554345,3.6456568938970665e-18
3,0.00015827500000000023,2.5e-07,0.0,0.0,113.23032349377831,0.0
3,0.00015852500000000023,2.5e-07,0.0,0.0,113.23047214018474,0.0
3,0.00015877500000000024,2.5e-07,0.0,0.0,113.23058371546587,0.0
3,0.00015902500000000025,2.5e-07,0.0,0.0,113.23065823090488,3.6456568938970665e-18
3,0.00015927500000000025,2.5e-07,0.0,0.0,113.23069569231006,7.291313787794133e-18
3,0.00015952500000000026,2.5e-07,0.0,0.0,113.23069610212097,0.0
3,0.00015977500000000027,2.5e-07,0.0,0.0,113.23065946032189,3.6456568938970665e-18
3,0.00016002500000000027,2.5e-07,0.0,0.0,113.23058576444248,0.0
3,0.00016027500000000028,2.5e-07,0.0,0.0,113.23047500864607,0.0
3,0.00016052500000000028,2.5e-07,0.0,0.0,113.2303271816259,3.6456568938970665e-18
3,0.0001607750000000003,2.5e-07,0.0,0.0,113.23014226266393,1.0936970681691198e-17
3,0.0001610250000000003,2.5e-07,0.0,0.0,113.22992021464366,1.0936970681691198e-17
3,0.0001612750000000003,2.5e-07,0.0,0.0,113.22966097187401,1.0936970681691198e-17
3,0.0001615250000000003,2.5e-07,0.0,0.0,113.2293644189898,1.0936970681691198e-17
3,0.00016177500000000031,2.5e-07,0.0,0.0,113.22903035445762,1.0936970681691198e-17
3,0.00016202500000000032,2.5e-07,0.0,0.0,113.22865842749452,1.0936970681691198e-17
3,0.00016227500000000033,2.5e-07,0.0,0.0,113.22824802905285,1.0936970681691198e-17
3,0.00016252500000000033,2.5e-07,0.0,0.0,113.22779810343606,1.0936970681691198e-17
3,0.00016277500000000034,2.5e-07,0.0,0.0,113.22730682276936,1.0936970681691198e-17
3,0.00016302500000000034,2.5e-07,0.0,0.0,113.2267710244862,1.0936970681691198e-17
3,0.00016327500000000035,2.5e-07,0.0,0.0,113.22618523931028,1.0936970681691198e-17
3,0.00016352500000000036,2.5e-07,0.0,0.0,113.225540011621,1.0936970681691198e-17
3,0.00016377500000000036,2.5e-07,0.0,0.0,113.22481899706783,1.0936970681691198e-17
3,0.00016402500000000037,2.5e-07,0.0,0.0,113.22399394729204,1.0936970681691198e-17
3,0.00016427500000000037,2.5e-07,0.0,0.0,113.223016043609,1.0936970681691198e-17
3,0.00016452500000000038,2.5e-07,0.0,0.0,113.22180092176444,1.0936970681691198e-17
3,0.0001647750000000004,2.5e-07,0.0,0.0,113.22020279499968,1.0936970681691198e-17
3,0.0001650250000000004,2.5e-07,0.0,0.0,113.21796973923698,1.0936970681691198e-17
3,0.0001652750000000004,2.5e-07,0.0,0.0,113.21177382220058,0.0
3,0.00016557656250000037,3.53125e-07,0.4207,2.7478486227272364e-06,0.0,0.0
3,0.00016592968750000036,3.53125e-07,0.4207,2.733647381426774e-06,0.0,0.0
3,0.00016628281250000035,3.53125e-07,0.4207,2.7194461385914446e-06,0.0,0.0
3,0.00016663593750000034,3.53125e-07,0.4207,2.7052448942310777e-06,0.0,0.0
3,0.00016698906250000033,3.53125e-07,0.4207,2.691043648355494e-06,0.0,0.0
3,0.00016734218750000032,3.53125e-07,0.4207,2.676842400974505e-06,0.0,0.0
3,0.0001676953125000003,3.53125e-07,0.4207,2.662641152097913e-06,0.0,0.0
3,0.0001680484375000003,3.53125e-07,0.4207,2.6484399017355106e-06,0.0,0.0
3,0.0001684015625000003,3.53125e-07,0.4207,2.634238649897082e-06,0.0,0.0
3,0.00016875468750000028,3.53125e-07,0.4207,2.6200373965924013e-06,0.0,0.0
3,0.00016910781250000027,3.53125e-07,0.4207,2.6058361418312347e-06,0.0,0.0
3,0.00016946093750000026,3.53125e-07,0.4207,2.5916348856233384e-06,0.0,0.0
3,0.00016981406250000025,3.53125e-07,0.4207,2.5774336279784613e-06,0.0,0.0
3,0.00017016718750000024,3.53125e-07,0.4207,2.5632323689063413e-06,0.0,0.0
3,0.00017052031250000023,3.53125e-07,0.4207,2.549031108416709e-06,0.0,0.0
3,0.00017087343750000022,3.53125e-07,0.4207,2.5348298465192866e-06,0.0,0.0
3,0.0001712265625000002,3.53125e-07,0.4207,2.5206285832237853e-06,0.0,0.0
3,0.0001715796875000002,3.53125e-07,0.4207,2.5064273185399115e-06,0.0,0.0
3,0.0001719328125000002,3.53125e-07,0.4207,2.4922260524773603e-06,0.0,0.0
3,0.00017228593750000018,3.53125e-07,0.4207,2.4780247850458184e-06,0.0,0.0
3,0.00017263906250000017,3.53125e-07,0.4207,2.463823516254965e-06,0.0,0.0
3,0.00017299218750000016,3.53125e-07,0.4207,2.4496222461144717e-06,0.0,0.0
3,0.00017334531250000015,3.53125e-07,0.4207,2.435420974634e-06,0.0,0.0
3,0.00017369843750000014,3.53125e-07,0.4207,2.421219701823204e-06,0.0,0.0
3,0.00017405156250000013,3.53125e-07,0.4207,2.4070184276917295e-06,0.0,0.0
3,0.00017440468750000012,3.53125e-07,0.4207,2.392817152249216e-06,0.0,0.0
3,0.0001747578125000001,3.53125e-07,0.4207,2.3786158755052912e-06,0.0,0.0
3,0.0001751109375000001,3.53125e-07,0.4207,2.364414597469579e-06,0.0,0.0
3,0.0001754640625000001,3.53125e-07,0.4207,2.3502133181516924e-06,0.0,0.0
3,0.00017581718750000008,3.53125e-07,0.4207,2.3360120375612374e-06,0.0,0.0
3,0.00017617031250000007,3.53125e-07,0.4207,2.321810755707812e-06,0.0,0.0
3,0.00017652343750000006,3.53125e-07,0.4207,2.3076094726010086e-06,0.0,0.0
3,0.00017787187500000007,2.34375e-06,0.8,4.340454493177967e-06,0.0,0.0
3,0.00018021562500000009,2.34375e-06,0.8,4.2721023432471675e-06,0.0,0.0
3,0.0001825593750000001,2.34375e-06,0.8,4.203750120244258e-06,0.0,0.0
3,0.0001849031250000001,2.34375e-06,0.8,4.135397825612678e-06,0.0,0.0
3,0.00018724687500000012,2.34375e-06,0.8,4.067045460781888e-06,0.0,0.0
3,0.00018959062500000014,2.34375e-06,0.8,3.998693027167659e-06,0.0,0.0
3,0.00019193437500000015,2.34375e-06,0.8,3.930340526172351e-06,0.0,0.0
3,0.00019427812500000016,2.34375e-06,0.8,3.8619879591851975e-06,0.0,0.0
3,0.00019662187500000018,2.34375e-06,0.8,3.793635327582578e-06,0.0,0.0
3,0.0001989656250000002,2.34375e-06,0.8,3.725282632728296e-06,0.0,0.0
3,0.0002013093750000002,2.34375e-06,0.8,3.6569298759738483e-06,0.0,0.0
3,0.00020365312500000022,2.34375e-06,0.8,3.5885770586586937e-06,0.0,0.0
3,0.00020599687500000023,2.34375e-06,0.8,3.520224182110521e-06,0.0,0.0
3,0.00020834062500000024,2.34375e-06,0.8,3.4518712476455076e-06,0.0,0.0
3,0.00021068437500000025,2.34375e-06,0.8,3.383518256568587e-06,0.0,0.0
3,0.00021302812500000027,2.34375e-06,0.8,3.3151652101737013e-06,0.0,0.0
3,0.00021537187500000028,2.34375e-06,0.8,3.2468121097440606e-06,0.0,0.0
3,0.0002177156250000003,2.34375e-06,0.8,3.178458956552395e-06,0.0,0.0
3,0.0002200593750000003,2.34375e-06,0.8,3.1101057518612067e-06,0.0,0.0
3,0.00022240312500000032,2.34375e-06,0.8,3.0417524969230176e-06,0.0,0.0
3,0.00022474687500000033,2.34375e-06,0.8,2.9733991929806175e-06,0.0,0.0
3,0.00022709062500000034,2.34375e-06,0.8,2.905045841267307e-06,0.0,0.0
3,0.00022943437500000036,2.34375e-06,0.8,2.8366924430071423e-06,0.0,0.0
3,0.00023177812500000037,2.34375e-06,0.8,2.768338999415175e-06,0.0,0.0
3,0.00023412187500000038,2.34375e-06,0.8,2.699985511697689e-06,0.0,0.0
3,0.0002364656250000004,2.34375e-06,0.8,2.6316319810524366e-06,0.0,0.0
3,0.0002388093750000004,2.34375e-06,0.8,2.563278408668877e-06,0.0,0.0
3,0.00024115312500000042,2.34375e-06,0.8,2.494924795728405e-06,0.0,0.0
3,0.00024349687500000043,2.34375e-06,0.8,2.4265711434045834e-06,0.0,0.0
3,0.0002458406250000005,2.34375e-06,0.8,2.358217452863372e-06,0.0,0.0
3,0.0002481843750000005,2.34375e-06,0.8,2.2898637252633573e-06,0.0,0.0
3,0.0002505281250000005,2.34375e-06,0.8,2.221509961755974e-06,0.0,0.0
3,0.0002528718750000005,2.34375e-06,0.8,2.1531561634857335e-06,0.0,0.0
3,0.0002552156250000005,2.34375e-06,0.8,2.0848023315904447e-06,0.0,0.0
3,0.00025755937500000054,2.34375e-06,0.8,2.0164484672014363e-06,0.0,0.0
3,0.00025990312500000055,2.34375e-06,0.8,1.9480945714437753e-06,0.0,0.0
3,0.00026224687500000057,2.34375e-06,0.8,1.8797406454364866e-06,0.0,0.0
3,0.0002645906250000006,2.34375e-06,0.8,1.8113866902927703e-06,0.0,0.0
3,0.0002669343750000006,2.34375e-06,0.8,1.7430327071202165e-06,0.0,0.0
3,0.0002692781250000006,2.34375e-06,0.8,1.674678697021021e-06,0.0,0.0
3,0.0002716218750000006,2.34375e-06,0.8,1.6063246610921976e-06,0.0,0.0
3,0.00027396562500000063,2.34375e-06,0.8,1.5379706004257925e-06,0.0,0.0
3,0.00027630937500000064,2.34375e-06,0.8,1.4696165161090935e-06,0.0,0.0
3,0.00027865312500000066,2.34375e-06,0.8,1.4012624092248404e-06,0.0,0.0
3,0.00028099687500000067,2.34375e-06,0.8,1.3329082808514347e-06,0.0,0.0
3,0.0002833406250000007,2.34375e-06,0.8,1.2645541320631471e-06,0.0,0.0
3,0.0002856843750000007,2.34375e-06,0.8,1.1961999639303256e-06,0.0,0.0
3,0.0002880281250000007,2.34375e-06,0.8,1.1278457775196013e-06,0.0,0.0
3,0.0002903718750000007,2.34375e-06,0.8,1.0594915738940941e-06,0.0,0.0
3,0.00029271562500000073,2.34375e-06,0.8,9.911373541136173e-07,0.0,0.0
3,0.00029505937500000075,2.34375e-06,0.8,9.22783119234882e-07,0.0,0.0
3,0.00029740312500000076,2.34375e-06,0.8,8.544288703116999e-07,0.0,0.0
3,0.00029974687500000077,2.34375e-06,0.8,7.860746083951868e-07,0.0,0.0
3,0.0003020906250000008,2.34375e-06,0.8,7.177203345339643e-07,0.0,0.0
3,0.0003044343750000008,2.34375e-06,0.8,6.493660497743611e-07,0.0,0.0
3,0.0003067781250000008,2.34375e-06,0.8,5.810117551606144e-07,0.0,0.0
3,0.0003091218750000008,2.34375e-06,0.8,5.126574517350704e-07,0.0,0.0
3,0.00031146562500000084,2.34375e-06,0.8,4.443031405383846e-07,0.0,0.0
3,0.00031380937500000085,2.34375e-06,0.8,3.759488226097212e-07,0.0,0.0
3,0.00031615312500000086,2.34375e-06,0.8,3.075944989869533e-07,0.0,0.0
3,0.0003184968750000009,2.34375e-06,0.8,2.392401707068612e-07,0.0,0.0
3,0.0003208406250000009,2.34375e-06,0.8,1.7088583880533212e-07,0.0,0.0
3,0.0003231843750000009,2.34375e-06,0.8,1.0253150431755826e-07,0.0,0.0
3,0.0003255281250000009,2.34375e-06,0.8,3.4177168278236e-08,0.0,0.0
4,1.171875e-06,2.34375e-06,0.8,1.0128938326179128e-08,0.0,0.0
4,3.515625e-06,2.34375e-06,0.8,3.038681492033293e-08,0.0,0.0
4,5.859375e-06,2.34375e-06,0.8,5.0644691339869924e-08,0.0,0.0
4,8.203125e-06,2.34375e-06,0.8,7.090256746836737e-08,0.0,0.0
4,1.0546874999999999e-05,2.34375e-06,0.8,9.116044318938523e-08,0.0,0.0
4,1.2890624999999998e-05,2.34375e-06,0.8,1.1141831838645927e-07,0.0,0.0
4,1.5234375e-05,2.34375e-06,0.8,1.3167619294309414e-07,0.0,0.0
4,1.7578125e-05,2.34375e-06,0.8,1.519340667427564e-07,0.0,0.0
4,1.9921874999999998e-05,2.34375e-06,0.8,1.721919396688677e-07,0.0,0.0
4,2.2265624999999997e-05,2.34375e-06,0.8,1.9244981160479776e-07,0.0,0.0
4,2.4609374999999997e-05,2.34375e-06,0.8,2.1270768243385746e-07,0.0,0.0
4,2.6953124999999996e-05,2.34375e-06,0.8,2.3296555203929183e-07,0.0,0.0
4,2.9296874999999996e-05,2.34375e-06,0.8,2.5322342030427335e-07,0.0,0.0
4,3.1640625e-05,2.34375e-06,0.8,2.734812871118948e-07,0.0,0.0
4,3.3984375e-05,2.34375e-06,0.8,2.9373915234516236e-07,0.0,0.0
4,3.6328125e-05,2.34375e-06,0.8,3.139970158869887e-07,0.0,0.0
4,3.8671874999999996e-05,2.34375e-06,0.8,3.3425487762018585e-07,0.0,0.0
4,4.1015624999999996e-05,2.34375e-06,0.8,3.5451273742745845e-07,0.0,0.0
4,4.3359374999999995e-05,2.34375e-06,0.8,3.7477059519139673e-07,0.0,0.0
4,4.5703124999999995e-05,2.34375e-06,0.8,3.950284507944694e-07,0.0,0.0
4,4.8046874999999994e-05,2.34375e-06,0.8,4.152863041190169e-07,0.0,0.0
4,5.039062499999999e-05,2.34375e-06,0.8,4.3554415504724404e-07,0.0,0.0
4,5.273437499999999e-05,2.34375e-06,0.8,4.558020034612132e-07,0.0,0.0
4,5.507812499999999e-05,2.34375e-06,0.8,4.760598492428376e-07,0.0,0.0
4,5.742187499999999e-05,2.34375e-06,0.8,4.963176922738736e-07,0.0,0.0
4,5.976562499999999e-05,2.34375e-06,0.8,5.165755324359146e-07,0.0,0.0
4,6.210937499999999e-05,2.34375e-06,0.8,5.368333696103829e-07,0.0,0.0
4,6.445312499999999e-05,2.34375e-06,0.8,5.570912036785234e-07,0.0,0.0
4,6.679687499999999e-05,2.34375e-06,0.8,5.773490345213963e-07,0.0,0.0
4,6.914062499999999e-05,2.34375e-06,0.8,5.976068620198701e-07,0.0,0.0
4,7.148437499999999e-05,2.34375e-06,0.8,6.178646860546145e-07,0.0,0.0
4,7.382812499999999e-05,2.34375e-06,0.8,6.381225065060931e-07,0.0,0.0
4,7.617187499999999e-05,2.34375e-06,0.8,6.583803232545563e-07,0.0,0.0
4,7.851562499999999e-05,2.34375e-06,0.8,6.786381361800345e-07,0.0,0.0
4,8.085937499999999e-05,2.34375e-06,0.8,6.98895945162331e-07,0.0,0.0
4,8.320312499999998e-05,2.34375e-06,0.8,7.191537500810138e-07,0.0,0.0
4,8.554687499999998e-05,2.34375e-06,0.8,7.394115508154101e-07,0.0,0.0
4,8.789062499999998e-05,2.34375e-06,0.8,7.596693472445973e-07,0.0,0.0
4,9.023437499999998e-05,2.34375e-06,0.8,7.799271392473971e-07,0.0,0.0
4,9.257812499999998e-05,2.34375e-06,0.8,8.00184926702368e-07,0.0,0.0
4,9.492187499999998e-05,2.34375e-06,0.8,8.20442709487798e-07,0.0,0.0
4,9.726562499999998e-05,2.34375e-06,0.8,8.407004874816965e-07,0.0,0.0
4,9.960937499999998e-05,2.34375e-06,0.8,8.609582605617883e-07,0.0,0.0
4,0.00010195312499999998,2.34375e-06,0.8,8.81216028605506e-07,0.0,0.0
4,0.00010429687499999998,2.34375e-06,0.8,9.014737914899821e-07,0.0,0.0
4,0.00010664062499999998,2.34375e-06,0.8,9.21731549092042e-07,0.0,0.0
4,0.00010898437499999998,2.34375e-06,0.8,9.419893012881969e-07,0.0,0.0
4,0.00011132812499999998,2.34375e-06,0.8,9.622470479546355e-07,0.0,0.0
4,0.00011367187499999998,2.34375e-06,0.8,9.825047889672177e-07,0.0,0.0
4,0.00011601562499999998,2.34375e-06,0.8,1.0027625242014674e-06,0.0,0.0
4,0.00011835937499999998,2.34375e-06,0.8,1.023020253532563e-06,0.0,0.0
4,0.00012070312499999997,2.34375e-06,0.8,1.0432779768353324e-06,0.0,0.0
4,0.00012304687499999997,2.34375e-06,0.8,1.0635356939842443e-06,0.0,0.0
4,0.000125390625,2.34375e-06,0.8,1.0837934048534e-06,0.0,0.0
4,0.000127734375,2.34375e-06,0.8,1.1040511093165275e-06,0.0,0.0
4,0.000130078125,2.34375e-06,0.8,1.124308807246973e-06,0.0,0.0
4,0.00013242187500000003,2.34375e-06,0.8,1.1445664985176932e-06,0.0,0.0
4,0.00013476562500000004,2.34375e-06,0.8,1.1648241830012483e-06,0.0,0.0
4,0.00013710937500000005,2.34375e-06,0.8,1.1850818605697937e-06,0.0,0.0
4,0.00013945312500000006,2.34375e-06,0.8,1.2053395310950723e-06,0.0,0.0
4,0.00014179687500000008,2.34375e-06,0.8,1.2255971944484073e-06,0.0,0.0
4,0.0001441406250000001,2.34375e-06,0.8,1.2458548505006949e-06,0.0,0.0
4,0.0001464843750000001,2.34375e-06,0.8,1.2661124991223947e-06,0.0,0.0
4,0.00014882812500000012,2.34375e-06,0.8,1.286370140183525e-06,0.0,0.0
4,0.00015007083333333344,1.4166666666666668e-07,0.3916,6.355113012432672e-07,0.0,0.0
4,0.0001502125000000001,1.4166666666666668e-07,0.3916,6.372614249355978e-07,0.0,0.0
4,0.00015035416666666677,1.4166666666666668e-07,0.3916,6.390115486080133e-07,0.0,0.0
4,0.00015049583333333344,1.4166666666666668e-07,0.3916,6.407616722604544e-07,0.0,0.0
4,0.0001506375000000001,1.4166666666666668e-07,0.3916,6.425117958928623e-07,0.0,0.0
4,0.00015077916666666677,1.4166666666666668e-07,0.3916,6.442619195051777e-07,0.0,0.0
4,0.00015092083333333344,1.4166666666666668e-07,0.3916,6.460120430973416e-07,0.0,0.0
4,0.0001510625000000001,1.4166666666666668e-07,0.3916,6.477621666692948e-07,0.0,0.0
4,0.00015120416666666677,1.4166666666666668e-07,0.3916,6.495122902209784e-07,0.0,0.0
4,0.00015134583333333343,1.4166666666666668e-07,0.3916,6.512624137523332e-07,0.0,0.0
4,0.0001514875000000001,1.4166666666666668e-07,0.3916,6.530125372633003e-07,0.0,0.0
4,0.00015162916666666676,1.4166666666666668e-07,0.3916,6.547626607538203e-07,0.0,0.0
4,0.00015177083333333343,1.4166666666666668e-07,0.3916,6.565127842238342e-07,0.0,0.0
4,0.0001519125000000001,1.4166666666666668e-07,0.3916,6.582629076732829e-07,0.0,0.0
4,0.00015205416666666676,1.4166666666666668e-07,0.3916,6.600130311021072e-07,0.0,0.0
4,0.00015219583333333343,1.4166666666666668e-07,0.3916,6.61763154510248e-07,0.0,0.0
4,0.0001523375000000001,1.4166666666666668e-07,0.3916,6.635132778976462e-07,0.0,0.0
4,0.00015247916666666676,1.4166666666666668e-07,0.3916,6.652634012642424e-07,0.0,0.0
4,0.00015262083333333342,1.4166666666666668e-07,0.3916,6.670135246099777e-07,0.0,0.0
4,0.0001527625000000001,1.4166666666666668e-07,0.3916,6.687636479347929e-07,0.0,0.0
4,0.00015290416666666675,1.4166666666666668e-07,0.3916,6.705137712386286e-07,0.0,0.0
4,0.00015304583333333342,1.4166666666666668e-07,0.3916,6.722638945214259e-07,0.0,0.0
4,0.00015318750000000008,1.4166666666666668e-07,0.3916,6.740140177831254e-07,0.0,0.0
4,0.00015332916666666675,1.4166666666666668e-07,0.3916,6.757641410236682e-07,0.0,0.0
4,0.0001535250000000001,2.5e-07,0.0,0.0,113.21268303447188,0.0
4,0.00015377500000000012,2.5e-07,0.0,0.0,113.21944691845779,1.4746656270380918e-17
4,0.00015402500000000013,2.5e-07,0.0,0.0,113.22198996549038,1.4746656270380918e-17
4,0.00015427500000000013,2.5e-07,0.0,0.0,113.22378657256648,1.4746656270380918e-17
4,0.00015452500000000014,2.5e-07,0.0,0.0,113.22515411162861,1.4746656270380918e-17
4,0.00015477500000000014,2.5e-07,0.0,0.0,113.22626634800751,1.4746656270380918e-17
4,0.00015502500000000015,2.5e-07,0.0,0.0,113.2272184180389,1.966220836050792e-17
4,0.00015527500000000016,2.5e-07,0.0,0.0,113.22806240647374,1.966220836050792e-17
4,0.00015552500000000016,2.5e-07,0.0,0.0,113.22882682627584,1.966220836050792e-17
4,0.00015577500000000017,2.5e-07,0.0,0.0,113.22952728443845,1.966220836050792e-17
4,0.00015602500000000017,2.5e-07,0.0,0.0,113.2301723218575,1.966220836050792e-17
4,0.00015627500000000018,2.5e-07,0.0,0.0,113.23076661084376,1.966220836050792e-17
4,0.00015652500000000019,2.5e-07,0.0,0.0,113.23131270585958,1.966220836050792e-17
4,0.0001567750000000002,2.5e-07,0.0,0.0,113.23181200209997,1.4746656270380918e-17
4,0.0001570250000000002,2.5e-07,0.0,0.0,113.23226526034436,4.91555209012698e-18
4,0.0001572750000000002,2.5e-07,0.0,0.0,113.23267289432816,9.83110418025396e-18
4,0.0001575250000000002,2.5e-07,0.0,0.0,113.23303512808644,4.91555209012698e-18
4,0.00015777500000000022,2.5e-07,0.0,0.0,113.23335208210293,9.83110418025396e-18
4,0.00015802500000000022,2.5e-07,0.0,0.0,113.23362382047728,4.91555209012698e-18
4,0.00015827500000000023,2.5e-07,0.0,0.0,113.23385037674633,0.0
4,0.00015852500000000023,2.5e-07,0.0,0.0,113.23403176801496,0.0
4,0.00015877500000000024,2.5e-07,0.0,0.0,113.23416800268002,0.0
4,0.00015902500000000025,2.5e-07,0.0,0.0,113.23425908463558,4.91555209012698e-18
4,0.00015927500000000025,2.5e-07,0.0,0.0,113.23430501553165,9.83110418025396e-18
4,0.00015952500000000026,2.5e-07,0.0,0.0,113.23430579593108,0.0
4,0.00015977500000000027,2.5e-07,0.0,0.0,113.2342614257971,4.91555209012698e-18
4,0.00016002500000000027,2.5e-07,0.0,0.0,113.23417190449379,0.0
4,0.00016027500000000028,2.5e-07,0.0,0.0,113.23403723029998,0.0
4,0.00016052500000000028,2.5e-07,0.0,0.0,113.23385739925426,4.91555209012698e-18
4,0.0001607750000000003,2.5e-07,0.0,0.0,113.23363240289953,1.4746656270380918e-17
4,0.0001610250000000003,2.5e-07,0.0,0.0,113.23336222408408,1.4746656270380918e-17
4,0.0001612750000000003,2.5e-07,0.0,0.0,113.2330468292485,1.4746656270380918e-17
4,0.0001615250000000003,2.5e-07,0.0,0.0,113.23268615431502,1.4746656270380918e-17
4,0.00016177500000000031,2.5e-07,0.0,0.0,113.23228007890285,1.4746656270380918e-17
4,0.00016202500000000032,2.5e-07,0.0,0.0,113.23182837922809,1.4746656270380918e-17
4,0.00016227500000000033,2.5e-07,0.0,0.0,113.23133064207717,1.4746656270380918e-17
4,0.00016252500000000033,2.5e-07,0.0,0.0,113.23078610768653,1.4746656270380918e-17
4,0.00016277500000000034,2.5e-07,0.0,0.0,113.23019338277953,1.4746656270380918e-17
4,0.00016302500000000034,2.5e-07,0.0,0.0,113.2295499164604,1.4746656270380918e-17
4,0.00016327500000000035,2.5e-07,0.0,0.0,113.22885104299488,1.4746656270380918e-17
4,0.00016352500000000036,2.5e-07,0.0,0.0,113.22808823356125,1.4746656270380918e-17
4,0.00016377500000000036,2.5e-07,0.0,0.0,113.22724590328022,1.4746656270380918e-17
4,0.00016402500000000037,2.5e-07,0.0,0.0,113.22629557963863,1.4746656270380918e-17
4,0.00016427500000000037,2.5e-07,0.0,0.0,113.2251852518249,1.4746656270380918e-17
4,0.00016452500000000038,2.5e-07,0.0,0.0,113.22381991860433,1.4746656270380918e-17
4,0.0001647750000000004,2.5e-07,0.0,0.0,113.22202606144862,1.4746656270380918e-17
4,0.0001650250000000004,2.5e-07,0.0,0.0,113.21948675922144,1.4746656270380918e-17
4,0.0001652750000000004,2.5e-07,0.0,0.0,113.21273254902776,0.0
4,0.00016557656250000037,3.53125e-07,0.4207,2.8495875235867642e-06,0.0,0.0
4,0.00016592968750000036,3.53125e-07,0.4207,2.8348604837136368e-06,0.0,0.0
4,0.00016628281250000035,3.53125e-07,0.4207,2.8201334422356766e-06,0.0,0.0
4,0.00016663593750000034,3.53125e-07,0.4207,2.805406399163251e-06,0.0,0.0
4,0.00016698906250000033,3.53125e-07,0.4207,2.7906793545067155e-06,0.0,0.0
4,0.00016734218750000032,3.53125e-07,0.4207,2.7759523082764165e-06,0.0,0.0
4,0.0001676953125000003,3.53125e-07,0.4207,2.7612252604826886e-06,0.0,0.0
4,0.0001680484375000003,3.53125e-07,0.4207,2.746498211135859e-06,0.0,0.0
4,0.0001684015625000003,3.53125e-07,0.4207,2.7317711602462416e-06,0.0,0.0
4,0.00016875468750000028,3.53125e-07,0.4207,2.717044107824144e-06,0.0,0.0
4,0.00016910781250000027,3.53125e-07,0.4207,2.7023170538798613e-06,0.0,0.0
4,0.00016946093750000026,3.53125e-07,0.4207,2.687589998423679e-06,0.0,0.0
4,0.00016981406250000025,3.53125e-07,0.4207,2.6728629414658745e-06,0.0,0.0
4,0.00017016718750000024,3.53125e-07,0.4207,2.658135883016713e-06,0.0,0.0
4,0.00017052031250000023,3.53125e-07,0.4207,2.6434088230864523e-06,0.0,0.0
4,0.00017087343750000022,3.53125e-07,0.4207,2.6286817616853404e-06,0.0,0.0
4,0.0001712265625000002,3.53125e-07,0.4207,2.6139546988236143e-06,0.0,0.0
4,0.0001715796875000002,3.53125e-07,0.4207,2.5992276345115034e-06,0.0,0.0
4,0.0001719328125000002,3.53125e-07,0.4207,2.584500568759226e-06,0.0,0.0
4,0.00017228593750000018,3.53125e-07,0.4207,2.569773501576993e-06,0.0,0.0
4,0.00017263906250000017,3.53125e-07,0.4207,2.555046432975006e-06,0.0,0.0
4,0.00017299218750000016,3.53125e-07,0.4207,2.5403193629634553e-06,0.0,0.0
4,0.00017334531250000015,3.53125e-07,0.4207,2.525592291552524e-06,0.0,0.0
4,0.00017369843750000014,3.53125e-07,0.4207,2.5108652187523857e-06,0.0,0.0
4,0.00017405156250000013,3.53125e-07,0.4207,2.496138144573205e-06,0.0,0.0
4,0.00017440468750000012,3.53125e-07,0.4207,2.4814110690251377e-06,0.0,0.0
4,0.0001747578125000001,3.53125e-07,0.4207,2.4666839921183313e-06,0.0,0.0
4,0.0001751109375000001,3.53125e-07,0.4207,2.451956913862924e-06,0.0,0.0
4,0.0001754640625000001,3.53125e-07,0.4207,2.4372298342690454e-06,0.0,0.0
4,0.00017581718750000008,3.53125e-07,0.4207,2.422502753346816e-06,0.0,0.0
4,0.00017617031250000007,3.53125e-07,0.4207,2.4077756711063492e-06,0.0,0.0
4,0.00017652343750000006,3.53125e-07,0.4207,2.3930485875577487e-06,0.0,0.0
4,0.00017787187500000007,2.34375e-06,0.8,4.5011595885377835e-06,0.0,0.0
4,0.00018021562500000009,2.34375e-06,0.8,4.430276709675813e-06,0.0,0.0
4,0.0001825593750000001,2.34375e-06,0.8,4.359393754578892e-06,0.0,0.0
4,0.0001849031250000001,2.34375e-06,0.8,4.288510724766442e-06,0.0,0.0
4,0.00018724687500000012,2.34375e-06,0.8,4.217627621742588e-06,0.0,0.0
4,0.00018959062500000014,2.34375e-06,0.8,4.1467444469964675e-06,0.0,0.0
4,0.00019193437500000015,2.34375e-06,0.8,4.07586120200255e-06,0.0,0.0
4,0.00019427812500000016,2.34375e-06,0.8,4.00497788822094e-06,0.0,0.0
4,0.00019662187500000018,2.34375e-06,0.8,3.934094507097681e-06,0.0,0.0
4,0.0001989656250000002,2.34375e-06,0.8,3.863211060065061e-06,0.0,0.0
4,0.0002013093750000002,2.34375e-06,0.8,3.7923275485419123e-06,0.0,0.0
4,0.00020365312500000022,2.34375e-06,0.8,3.7214439739339028e-06,0.0,0.0
4,0.00020599687500000023,2.34375e-06,0.8,3.6505603376338304e-06,0.0,0.0
4,0.00020834062500000024,2.34375e-06,0.8,3.5796766410219145e-06,0.0,0.0
4,0.00021068437500000025,2.34375e-06,0.8,3.508792885466081e-06,0.0,0.0
4,0.00021302812500000027,2.34375e-06,0.8,3.4379090723222457e-06,0.0,0.0
4,0.00021537187500000028,2.34375e-06,0.8,3.367025202934598e-06,0.0,0.0
4,0.0002177156250000003,2.34375e-06,0.8,3.296141278635875e-06,0.0,0.0
4,0.0002200593750000003,2.34375e-06,0.8,3.2252573007476438e-06,0.0,0.0
4,0.00022240312500000032,2.34375e-06,0.8,3.154373270580568e-06,0.0,0.0
4,0.00022474687500000033,2.34375e-06,0.8,3.083489189434682e-06,0.0,0.0
4,0.00022709062500000034,2.34375e-06,0.8,3.0126050585996605e-06,0.0,0.0
4,0.00022943437500000036,2.34375e-06,0.8,2.941720879355081e-06,0.0,0.0
4,0.00023177812500000037,2.34375e-06,0.8,2.8708366529706905e-06,0.0,0.0
4,0.00023412187500000038,2.34375e-06,0.8,2.7999523807066664e-06,0.0,0.0
4,0.0002364656250000004,2.34375e-06,0.8,2.729068063813873e-06,0.0,0.0
4,0.0002388093750000004,2.34375e-06,0.8,2.658183703534122e-06,0.0,0.0
4,0.00024115312500000042,2.34375e-06,0.8,2.5872993011004256e-06,0.0,0.0
4,0.00024349687500000043,2.34375e-06,0.8,2.5164148577372496e-06,0.0,0.0
4,0.0002458406250000005,2.34375e-06,0.8,2.445530374660764e-06,0.0,0.0
4,0.0002481843750000005,2.34375e-06,0.8,2.3746458530790937e-06,0.0,0.0
4,0.0002505281250000005,2.34375e-06,0.8,2.303761294192565e-06,0.0,0.0
4,0.0002528718750000005,2.34375e-06,0.8,2.2328766991939495e-06,0.0,0.0
4,0.0002552156250000005,2.34375e-06,0.8,2.1619920692687095e-06,0.0,0.0
4,0.00025755937500000054,2.34375e-06,0.8,2.09110740559524e-06,0.0,0.0
4,0.00025990312500000055,2.34375e-06,0.8,2.020222709345107e-06,0.0,0.0
4,0.00026224687500000057,2.34375e-06,0.8,1.949337981683289e-06,0.0,0.0
4,0.0002645906250000006,2.34375e-06,0.8,1.8784532237684132e-06,0.0,0.0
4,0.0002669343750000006,2.34375e-06,0.8,1.8075684367529908e-06,0.0,0.0
4,0.0002692781250000006,2.34375e-06,0.8,1.7366836217836522e-06,0.0,0.0
4,0.0002716218750000006,2.34375e-06,0.8,1.6657987800013794e-06,0.0,0.0
4,0.00027396562500000063,2.34375e-06,0.8,1.5949139125417388e-06,0.0,0.0
4,0.00027630937500000064,2.34375e-06,0.8,1.5240290205351105e-06,0.0,0.0
4,0.00027865312500000066,2.34375e-06,0.8,1.4531441051069188e-06,0.0,0.0
4,0.00028099687500000067,2.34375e-06,0.8,1.3822591673778592e-06,0.0,0.0
4,0.0002833406250000007,2.34375e-06,0.8,1.311374208464126e-06,0.0,0.0
4,0.0002856843750000007,2.34375e-06,0.8,1.2404892294776402e-06,0.0,0.0
4,0.0002880281250000007,2.34375e-06,0.8,1.1696042315262705e-06,0.0,0.0
4,0.0002903718750000007,2.34375e-06,0.8,1.0987192157140614e-06,0.0,0.0
4,0.00029271562500000073,2.34375e-06,0.8,1.0278341831414549e-06,0.0,0.0
4,0.00029505937500000075,2.34375e-06,0.8,9.569491349055128e-07,0.0,0.0
4,0.00029740312500000076,2.34375e-06,0.8,8.860640721001388e-07,0.0,0.0
4,0.00029974687500000077,2.34375e-06,0.8,8.15178995816299e-07,0.0,0.0
4,0.0003020906250000008,2.34375e-06,0.8,7.442939071422423e-07,0.0,0.0
4,0.0003044343750000008,2.34375e-06,0.8,6.734088071637209e-07,0.0,0.0
4,0.0003067781250000008,2.34375e-06,0.8,6.025236969642082e-07,0.0,0.0
4,0.0003091218750000008,2.34375e-06,0.8,5.316385776251179e-07,0.0,0.0
4,0.00031146562500000084,2.34375e-06,0.8,4.60753450226022e-07,0.0,0.0
4,0.00031380937500000085,2.34375e-06,0.8,3.898683158448686e-07,0.0,0.0
4,0.00031615312500000086,2.34375e-06,0.8,3.189831755581991e-07,0.0,0.0
4,0.0003184968750000009,2.34375e-06,0.8,2.4809803044136516e-07,0.0,0.0
4,0.0003208406250000009,2.34375e-06,0.8,1.772128815687453e-07,0.0,0.0
4,0.0003231843750000009,2.34375e-06,0.8,1.0632773001396151e-07,0.0,0.0
4,0.0003255281250000009,2.34375e-06,0.8,3.544257685009543e-08,0.0,0.0
5,1.171875e-06,2.34375e-06,0.8,1.148088074471491e-08,0.0,0.0
5,3.515625e-06,2.34375e-06,0.8,3.4442642161674454e-08,0.0,0.0
5,5.859375e-06,2.34375e-06,0.8,5.740440336121811e-08,0.0,0.0
5,8.203125e-06,2.34375e-06,0.8,8.036616419838514e-08,0.0,0.0
5,1.0546874999999999e-05,2.34375e-06,0.8,1.0332792452818951e-07,0.0,0.0
5,1.2890624999999998e-05,2.34375e-06,0.8,1.2628968420560983e-07,0.0,0.0
5,1.5234375e-05,2.34375e-06,0.8,1.4925144308557924e-07,0.0,0.0
5,1.7578125e-05,2.34375e-06,0.8,1.722132010229753e-07,0.0,0.0
5,1.9921874999999998e-05,2.34375e-06,0.8,1.9517495787260988e-07,0.0,0.0
5,2.2265624999999997e-05,2.34375e-06,0.8,2.18136713489219e-07,0.0,0.0
5,2.4609374999999997e-05,2.34375e-06,0.8,2.410984677274528e-07,0.0,0.0
5,2.6953124999999996e-05,2.34375e-06,0.8,2.6406022044186527e-07,0.0,0.0
5,2.9296874999999996e-05,2.34375e-06,0.8,2.870219714869041e-07,0.0,0.0
5,3.1640625e-05,2.34375e-06,0.8,3.0998372071690076e-07,0.0,0.0
5,3.3984375e-05,2.34375e-06,0.8,3.329454679860601e-07,0.0,0.0
5,3.6328125e-05,2.34375e-06,0.8,3.559072131484504e-07,0.0,0.0
5,3.8671874999999996e-05,2.34375e-06,0.8,3.788689560579928e-07,0.0,0.0
5,4.1015624999999996e-05,2.34375e-06,0.8,4.018306965684516e-07,0.0,0.0
5,4.3359374999999995e-05,2.34375e-06,0.8,4.247924345334239e-07,0.0,0.0
5,4.5703124999999995e-05,2.34375e-06,0.8,4.4775416980632905e-07,0.0,0.0
5,4.8046874999999994e-05,2.34375e-06,0.8,4.7071590224039905e-07,0.0,0.0
5,5.039062499999999e-05,2.34375e-06,0.8,4.936776316886676e-07,0.0,0.0
5,5.273437499999999e-05,2.34375e-06,0.8,5.166393580039607e-07,0.0,0.0
5,5.507812499999999e-05,2.34375e-06,0.8,5.396010810388853e-07,0.0,0.0
5,5.742187499999999e-05,2.34375e-06,0.8,5.625628006458199e-07,0.0,0.0
5,5.976562499999999e-05,2.34375e-06,0.8,5.855245166769042e-07,0.0,0.0
5,6.210937499999999e-05,2.34375e-06,0.8,6.08486228984028e-07,0.0,0.0
5,6.445312499999999e-05,2.34375e-06,0.8,6.31447937418822e-07,0.0,0.0
5,6.679687499999999e-05,2.34375e-06,0.8,6.544096418326464e-07,0.0,0.0
5,6.914062499999999e-05,2.34375e-06,0.8,6.773713420765809e-07,0.0,0.0
5,7.148437499999999e-05,2.34375e-06,0.8,7.003330380014146e-07,0.0,0.0
5,7.382812499999999e-05,2.34375e-06,0.8,7.232947294576356e-07,0.0,0.0
5,7.617187499999999e-05,2.34375e-06,0.8,7.462564162954195e-07,0.0,0.0
5,7.851562499999999e-05,2.34375e-06,0.8,7.692180983646207e-07,0.0,0.0
5,8.085937499999999e-05,2.34375e-06,0.8,7.921797755147603e-07,0.0,0.0
5,8.320312499999998e-05,2.34375e-06,0.8,8.151414475950161e-07,0.0,0.0
5,8.554687499999998e-05,2.34375e-06,0.8,8.381031144542129e-07,0.0,0.0
5,8.789062499999998e-05,2.34375e-06,0.8,8.610647759408104e-07,0.0,0.0
5,9.023437499999998e-05,2.34375e-06,0.8,8.84026431902894e-07,0.0,0.0
5,9.257812499999998e-05,2.34375e-06,0.8,9.069880821881632e-07,0.0,0.0
5,9.492187499999998e-05,2.34375e-06,0.8,9.299497266439216e-07,0.0,0.0
5,9.726562499999998e-05,2.34375e-06,0.8,9.52911365117066e-07,0.0,0.0
5,9.960937499999998e-05,2.34375e-06,0.8,9.758729974540756e-07,0.0,0.0
5,0.00010195312499999998,2.34375e-06,0.8,9.98834623501001e-07,0.0,0.0
5,0.00010429687499999998,2.34375e-06,0.8,1.0217962431034542e-06,0.0,0.0
5,0.00010664062499999998,2.34375e-06,0.8,1.0447578561065973e-06,0.0,0.0
5,0.00010898437499999998,2.34375e-06,0.8,1.0677194623551315e-06,0.0,0.0
5,0.00011132812499999998,2.34375e-06,0.8,1.0906810616932863e-06,0.0,0.0
5,0.00011367187499999998,2.34375e-06,0.8,1.1136426539648087e-06,0.0,0.0
5,0.00011601562499999998,2.34375e-06,0.8,1.136604239012953e-06,0.0,0.0
5,0.00011835937499999998,2.34375e-06,0.8,1.1595658166804681e-06,0.0,0.0
5,0.00012070312499999997,2.34375e-06,0.8,1.1825273868095879e-06,0.0,0.0
5,0.00012304687499999997,2.34375e-06,0.8,1.2054889492420197e-06,0.0,0.0
5,0.000125390625,2.34375e-06,0.8,1.2284505038189336e-06,0.0,0.0
5,0.000127734375,2.34375e-06,0.8,1.2514120503809504e-06,0.0,0.0
5,0.000130078125,2.34375e-06,0.8,1.2743735887681316e-06,0.0,0.0
5,0.00013242187500000003,2.34375e-06,0.8,1.2973351188199668e-06,0.0,0.0
5,0.00013476562500000004,2.34375e-06,0.8,1.3202966403753639e-06,0.0,0.0
5,0.00013710937500000005,2.34375e-06,0.8,1.3432581532726367e-06,0.0,0.0
5,0.00013945312500000006,2.34375e-06,0.8,1.3662196573494943e-06,0.0,0.0
5,0.00014179687500000008,2.34375e-06,0.8,1.389181152443029e-06,0.0,0.0
5,0.0001441406250000001,2.34375e-06,0.8,1.4121426383897053e-06,0.0,0.0
5,0.0001464843750000001,2.34375e-06,0.8,1.4351041150253486e-06,0.0,0.0
5,0.00014882812500000012,2.34375e-06,0.8,1.4580655821851325e-06,0.0,0.0
5,0.00015007083333333344,1.4166666666666668e-07,0.3916,7.203347772030868e-07,0.0,0.0
5,0.0001502125000000001,1.4166666666666668e-07,0.3916,7.223184931698464e-07,0.0,0.0
5,0.00015035416666666677,1.4166666666666668e-07,0.3916,7.243022091116364e-07,0.0,0.0
5,0.00015049583333333344,1.4166666666666668e-07,0.3916,7.26285925028382e-07,0.0,0.0
5,0.0001506375000000001,1.4166666666666668e-07,0.3916,7.28269640920008e-07,0.0,0.0
5,0.00015077916666666677,1.4166666666666668e-07,0.3916,7.302533567864395e-07,0.0,0.0
5,0.00015092083333333344,1.4166666666666668e-07,0.3916,7.322370726276015e-07,0.0,0.0
5,0.0001510625000000001,1.4166666666666668e-07,0.3916,7.34220788443419e-07,0.0,0.0
5,0.00015120416666666677,1.4166666666666668e-07,0.3916,7.362045042338168e-07,0.0,0.0
5,0.00015134583333333343,1.4166666666666668e-07,0.3916,7.381882199987202e-07,0.0,0.0
5,0.0001514875000000001,1.4166666666666668e-07,0.3916,7.401719357380539e-07,0.0,0.0
5,0.00015162916666666676,1.4166666666666668e-07,0.3916,7.421556514517429e-07,0.0,0.0
5,0.00015177083333333343,1.4166666666666668e-07,0.3916,7.441393671397123e-07,0.0,0.0
5,0.0001519125000000001,1.4166666666666668e-07,0.3916,7.461230828018867e-07,0.0,0.0
5,0.00015205416666666676,1.4166666666666668e-07,0.3916,7.481067984381914e-07,0.0,0.0
5,0.00015219583333333343,1.4166666666666668e-07,0.3916,7.50090514048551e-07,0.0,0.0
5,0.0001523375000000001,1.4166666666666668e-07,0.3916,7.520742296328907e-07,0.0,0.0
5,0.00015247916666666676,1.4166666666666668e-07,0.3916,7.540579451911351e-07,0.0,0.0
5,0.00015262083333333342,1.4166666666666668e-07,0.3916,7.560416607232093e-07,0.0,0.0
5,0.0001527625000000001,1.4166666666666668e-07,0.3916,7.580253762290381e-07,0.0,0.0
5,0.00015290416666666675,1.4166666666666668e-07,0.3916,7.600090917085462e-07,0.0,0.0
5,0.00015304583333333342,1.4166666666666668e-07,0.3916,7.619928071616586e-07,0.0,0.0
5,0.00015318750000000008,1.4166666666666668e-07,0.3916,7.639765225883e-07,0.0,0.0
5,0.00015332916666666675,1.4166666666666668e-07,0.3916,7.659602379883954e-07,0.0,0.0
5,0.0001535250000000001,2.5e-07,0.0,0.0,113.22755475701845,0.0
5,0.00015377500000000012,2.5e-07,0.0,0.0,113.23709708711287,2.924445338565374e-17
5,0.00015402500000000013,2.5e-07,0.0,0.0,113.24106599149516,2.924445338565374e-17
5,0.00015427500000000013,2.5e-07,0.0,0.0,113.24383525216511,2.924445338565374e-17
5,0.00015452500000000014,2.5e-07,0.0,0.0,113.24603924977606,2.924445338565374e-17
5,0.00015477500000000014,2.5e-07,0.0,0.0,113.24794905988661,2.924445338565374e-17
5,0.00015502500000000015,2.5e-07,0.0,0.0,113.24968050291062,3.899260451420498e-17
5,0.00015527500000000016,2.5e-07,0.0,0.0,113.25128305321505,3.899260451420498e-17
5,0.00015552500000000016,2.5e-07,0.0,0.0,113.25277783387521,3.899260451420498e-17
5,0.00015577500000000017,2.5e-07,0.0,0.0,113.25417385345945,3.899260451420498e-17
5,0.00015602500000000017,2.5e-07,0.0,0.0,113.25547494468535,3.899260451420498e-17
5,0.00015627500000000018,2.5e-07,0.0,0.0,113.25668272959135,3.899260451420498e-17
5,0.00015652500000000019,2.5e-07,0.0,0.0,113.25779788667352,3.899260451420498e-17
5,0.0001567750000000002,2.5e-07,0.0,0.0,113.25882069238314,2.924445338565374e-17
5,0.0001570250000000002,2.5e-07,0.0,0.0,113.25975125253035,9.748151128551246e-18
5,0.0001572750000000002,2.5e-07,0.0,0.0,113.260589601172,1.949630225710249e-17
5,0.0001575250000000002,2.5e-07,0.0,0.0,113.26133574287103,9.748151128551246e-18
5,0.00015777500000000022,2.5e-07,0.0,0.0,113.26198967075594,1.949630225710249e-17
5,0.00015802500000000022,2.5e-07,0.0,0.0,113.2625513742388,9.748151128551246e-18
5,0.00015827500000000023,2.5e-07,0.0,0.0,113.26302084231405,0.0
5,0.00015852500000000023,2.5e-07,0.0,0.0,113.26339806496838,0.0
5,0.00015877500000000024,2.5e-07,0.0,0.0,113.26368303378364,0.0
5,0.00015902500000000025,2.5e-07,0.0,0.0,113.26387574219439,9.748151128551246e-18
5,0.00015927500000000025,2.5e-07,0.0,0.0,113.26397618559778,1.949630225710249e-17
5,0.00015952500000000026,2.5e-07,0.0,0.0,113.26398436139925,0.0
5,0.00015977500000000027,2.5e-07,0.0,0.0,113.26390026902921,9.748151128551246e-18
5,0.00016002500000000027,2.5e-07,0.0,0.0,113.263723909943,0.0
5,0.00016027500000000028,2.5e-07,0.0,0.0,113.26345528760486,0.0
5,0.00016052500000000028,2.5e-07,0.0,0.0,113.2630944074424,9.748151128551246e-18
5,0.0001607750000000003,2.5e-07,0.0,0.0,113.26264127673782,2.924445338565374e-17
5,0.0001610250000000003,2.5e-07,0.0,0.0,113.26209590437227,2.924445338565374e-17
5,0.0001612750000000003,2.5e-07,0.0,0.0,113.26145830022762,2.924445338565374e-17
5,0.0001615250000000003,2.5e-07,0.0,0.0,113.26072847378646,2.924445338565374e-17
5,0.00016177500000000031,2.5e-07,0.0,0.0,113.25990643085777,2.924445338565374e-17
5,0.00016202500000000032,2.5e-07,0.0,0.0,113.2589921659144,2.924445338565374e-17
5,0.00016227500000000033,2.5e-07,0.0,0.0,113.25798564416452,2.924445338565374e-17
5,0.00016252500000000033,2.5e-07,0.0,0.0,113.25688675959773,2.924445338565374e-17
5,0.00016277500000000034,2.5e-07,0.0,0.0,113.25569523681175,2.924445338565374e-17
5,0.00016302500000000034,2.5e-07,0.0,0.0,113.25441040128125,2.924445338565374e-17
5,0.00016327500000000035,2.5e-07,0.0,0.0,113.2530306417731,2.924445338565374e-17
5,0.00016352500000000036,2.5e-07,0.0,0.0,113.25155215236559,2.924445338565374e-17
5,0.00016377500000000036,2.5e-07,0.0,0.0,113.24996598870088,2.924445338565374e-17
5,0.00016402500000000037,2.5e-07,0.0,0.0,113.24825117945896,2.924445338565374e-17
5,0.00016427500000000037,2.5e-07,0.0,0.0,113.246358606874,2.924445338565374e-17
5,0.00016452500000000038,2.5e-07,0.0,0.0,113.24417328645079,2.924445338565374e-17
5,0.0001647750000000004,2.5e-07,0.0,0.0,113.24142610010098,2.924445338565374e-17
5,0.0001650250000000004,2.5e-07,0.0,0.0,113.2374872489427,2.924445338565374e-17
5,0.0001652750000000004,2.5e-07,0.0,0.0,113.22801453928155,0.0
5,0.00016557656250000037,3.53125e-07,0.4207,3.2111631840806046e-06,0.0,0.0
5,0.00016592968750000036,3.53125e-07,0.4207,3.1945674913120937e-06,0.0,0.0
5,0.00016628281250000035,3.53125e-07,0.4207,3.1779717966195996e-06,0.0,0.0
5,0.00016663593750000034,3.53125e-07,0.4207,3.1613761000159543e-06,0.0,0.0
5,0.00016698906250000033,3.53125e-07,0.4207,3.1447804015139757e-06,0.0,0.0
5,0.00016734218750000032,3.53125e-07,0.4207,3.1281847011264665e-06,0.0,0.0
5,0.0001676953125000003,3.53125e-07,0.4207,3.111588998866217e-06,0.0,0.0
5,0.0001680484375000003,3.53125e-07,0.4207,3.0949932947460006e-06,0.0,0.0
5,0.0001684015625000003,3.53125e-07,0.4207,3.078397588778578e-06,0.0,0.0
5,0.00016875468750000028,3.53125e-07,0.4207,3.061801880976696e-06,0.0,0.0
5,0.00016910781250000027,3.53125e-07,0.4207,3.0452061713530867e-06,0.0,0.0
5,0.00016946093750000026,3.53125e-07,0.4207,3.02861045992047e-06,0.0,0.0
5,0.00016981406250000025,3.53125e-07,0.4207,3.0120147466915495e-06,0.0,0.0
5,0.00017016718750000024,3.53125e-07,0.4207,2.995419031679017e-06,0.0,0.0
5,0.00017052031250000023,3.53125e-07,0.4207,2.97882331489555e-06,0.0,0.0
5,0.00017087343750000022,3.53125e-07,0.4207,2.9622275963538124e-06,0.0,0.0
5,0.0001712265625000002,3.53125e-07,0.4207,2.945631876066456e-06,0.0,0.0
5,0.0001715796875000002,3.53125e-07,0.4207,2.929036154046117e-06,0.0,0.0
5,0.0001719328125000002,3.53125e-07,0.4207,2.9124404303054204e-06,0.0,0.0
5,0.00017228593750000018,3.53125e-07,0.4207,2.895844704856978e-06,0.0,0.0
5,0.00017263906250000017,3.53125e-07,0.4207,2.8792489777133872e-06,0.0,0.0
5,0.00017299218750000016,3.53125e-07,0.4207,2.8626532488872335e-06,0.0,0.0
5,0.00017334531250000015,3.53125e-07,0.4207,2.84605751839109e-06,0.0,0.0
5,0.00017369843750000014,3.53125e-07,0.4207,2.829461786237516e-06,0.0,0.0
5,0.00017405156250000013,3.53125e-07,0.4207,2.8128660524390594e-06,0.0,0.0
5,0.00017440468750000012,3.53125e-07,0.4207,2.796270317008255e-06,0.0,0.0
5,0.0001747578125000001,3.53125e-07,0.4207,2.779674579957626e-06,0.0,0.0
5,0.0001751109375000001,3.53125e-07,0.4207,2.7630788412996816e-06,0.0,0.0
5,0.0001754640625000001,3.53125e-07,0.4207,2.74648310104692e-06,0.0,0.0
5,0.00017581718750000008,3.53125e-07,0.4207,2.7298873592118267e-06,0.0,0.0
5,0.00017617031250000007,3.53125e-07,0.4207,2.713291615806876e-06,0.0,0.0
5,0.00017652343750000006,3.53125e-07,0.4207,2.6966958708445304e-06,0.0,0.0
5,0.00017787187500000007,2.34375e-06,0.8,5.072299274536372e-06,0.0,0.0
5,0.00018021562500000009,2.34375e-06,0.8,4.992422342108845e-06,0.0,0.0
5,0.0001825593750000001,2.34375e-06,0.8,4.91254531905474e-06,0.0,0.0
5,0.0001849031250000001,2.34375e-06,0.8,4.8326682072421564e-06,0.0,0.0
5,0.00018724687500000012,2.34375e-06,0.8,4.752791008517705e-06,0.0,0.0
5,0.00018959062500000014,2.34375e-06,0.8,4.672913724706959e-06,0.0,0.0
5,0.00019193437500000015,2.34375e-06,0.8,4.593036357614903e-06,0.0,0.0
5,0.00019427812500000016,2.34375e-06,0.8,4.513158909026379e-06,0.0,0.0
5,0.00019662187500000018,2.34375e-06,0.8,4.433281380706526e-06,0.0,0.0
5,0.0001989656250000002,2.34375e-06,0.8,4.353403774401206e-06,0.0,0.0
5,0.0002013093750000002,2.34375e-06,0.8,4.2735260918374425e-06,0.0,0.0
5,0.00020365312500000022,2.34375e-06,0.8,4.193648334723838e-06,0.0,0.0
5,0.00020599687500000023,2.34375e-06,0.8,4.113770504750994e-06,0.0,0.0
5,0.00020834062500000024,2.34375e-06,0.8,4.0338926035919236e-06,0.0,0.0
5,0.00021068437500000025,2.34375e-06,0.8,3.954014632902463e-06,0.0,0.0
5,0.00021302812500000027,2.34375e-06,0.8,3.874136594321681e-06,0.0,0.0
5,0.00021537187500000028,2.34375e-06,0.8,3.7942584894722665e-06,0.0,0.0
5,0.0002177156250000003,2.34375e-06,0.8,3.7143803199609392e-06,0.0,0.0
5,0.0002200593750000003,2.34375e-06,0.8,3.6345020873788306e-06,0.0,0.0
5,0.00022240312500000032,2.34375e-06,0.8,3.5546237933018805e-06,0.0,0.0
5,0.00022474687500000033,2.34375e-06,0.8,3.474745439291216e-06,0.0,0.0
5,0.00022709062500000034,2.34375e-06,0.8,3.3948670268935333e-06,0.0,0.0
5,0.00022943437500000036,2.34375e-06,0.8,3.3149885576414745e-06,0.0,0.0
5,0.00023177812500000037,2.34375e-06,0.8,3.2351100330539997e-06,0.0,0.0
5,0.00023412187500000038,2.34375e-06,0.8,3.1552314546367556e-06,0.0,0.0
5,0.0002364656250000004,2.34375e-06,0.8,3.075352823882444e-06,0.0,0.0
5,0.0002388093750000004,2.34375e-06,0.8,2.9954741422711797e-06,0.0,0.0
5,0.00024115312500000042,2.34375e-06,0.8,2.9155954112708545e-06,0.0,0.0
5,0.00024349687500000043,2.34375e-06,0.8,2.8357166323374905e-06,0.0,0.0
5,0.0002458406250000005,2.34375e-06,0.8,2.7558378069155927e-06,0.0,0.0
5,0.0002481843750000005,2.34375e-06,0.8,2.6759589364384988e-06,0.0,0.0
5,0.0002505281250000005,2.34375e-06,0.8,2.5960800223287273e-06,0.0,0.0
5,0.0002528718750000005,2.34375e-06,0.8,2.5162010659983203e-06,0.0,0.0
5,0.0002552156250000005,2.34375e-06,0.8,2.436322068849187e-06,0.0,0.0
5,0.00025755937500000054,2.34375e-06,0.8,2.356443032273438e-06,0.0,0.0
5,0.00025990312500000055,2.34375e-06,0.8,2.276563957653726e-06,0.0,0.0
5,0.00026224687500000057,2.34375e-06,0.8,2.1966848463635774e-06,0.0,0.0
5,0.0002645906250000006,2.34375e-06,0.8,2.116805699767724e-06,0.0,0.0
5,0.0002669343750000006,2.34375e-06,0.8,2.0369265192224297e-06,0.0,0.0
5,0.0002692781250000006,2.34375e-06,0.8,1.9570473060758217e-06,0.0,0.0
5,0.0002716218750000006,2.34375e-06,0.8,1.8771680616682119e-06,0.0,0.0
5,0.00027396562500000063,2.34375e-06,0.8,1.7972887873324196e-06,0.0,0.0
5,0.00027630937500000064,2.34375e-06,0.8,1.7174094843940935e-06,0.0,0.0
5,0.00027865312500000066,2.34375e-06,0.8,1.6375301541720297e-06,0.0,0.0
5,0.00028099687500000067,2.34375e-06,0.8,1.5576507979784883e-06,0.0,0.0
5,0.0002833406250000007,2.34375e-06,0.8,1.4777714171195098e-06,0.0,0.0
5,0.0002856843750000007,2.34375e-06,0.8,1.3978920128952277e-06,0.0,0.0
5,0.0002880281250000007,2.34375e-06,0.8,1.3180125866001811e-06,0.0,0.0
5,0.0002903718750000007,2.34375e-06,0.8,1.238133139523625e-06,0.0,0.0
5,0.00029271562500000073,2.34375e-06,0.8,1.1582536729498404e-06,0.0,0.0
5,0.00029505937500000075,2.34375e-06,0.8,1.0783741881584408e-06,0.0,0.0
5,0.00029740312500000076,2.34375e-06,0.8,9.984946864246806e-07,0.0,0.0
5,0.00029974687500000077,2.34375e-06,0.8,9.186151690197594e-07,0.0,0.0
5,0.0003020906250000008,2.34375e-06,0.8,8.387356372111269e-07,0.0,0.0
5,0.0003044343750000008,2.34375e-06,0.8,7.588560922627873e-07,0.0,0.0
5,0.0003067781250000008,2.34375e-06,0.8,6.789765354356009e-07,0.0,0.0
5,0.0003091218750000008,2.34375e-06,0.8,5.990969679875859e-07,0.0,0.0
5,0.00031146562500000084,2.34375e-06,0.8,5.192173911742207e-07,0.0,0.0
5,0.00031380937500000085,2.34375e-06,0.8,4.3933780624874324e-07,0.0,0.0
5,0.00031615312500000086,2.34375e-06,0.8,3.5945821446245113e-07,0.0,0.0
5,0.0003184968750000009,2.34375e-06,0.8,2.7957861706500145e-07,0.0,0.0
5,0.0003208406250000009,2.34375e-06,0.8,1.9969901530470895e-07,0.0,0.0
5,0.0003231843750000009,2.34375e-06,0.8,1.1981941042884526e-07,0.0,0.0
5,0.0003255281250000009,2.34375e-06,0.8,3.993980368393684e-08,0.0,0.0
