time_s,feasible,energy_J,q1_W_cm2,q2_W_cm2,q3_W_cm2,q4_W_cm2,q5_W_cm2,T1_C,T2_C,T3_C,T4_C,T5_C,TEL_C,TER_C,max_mirror_q_difference
10.0,0,nan,,,,,,,,,,,,,
11.0,0,nan,,,,,,,,,,,,,
12.0,0,nan,,,,,,,,,,,,,
13.0,0,nan,,,,,,,,,,,,,
14.0,0,nan,,,,,,,,,,,,,
15.0,0,nan,,,,,,,,,,,,,
16.0,0,nan,,,,,,,,,,,,,
17.0,0,nan,,,,,,,,,,,,,
18.0,0,nan,,,,,,,,,,,,,
19.0,0,nan,,,,,,,,,,,,,
20.0,0,nan,,,,,,,,,,,,,
21.0,0,nan,,,,,,,,,,,,,
22.0,0,nan,,,,,,,,,,,,,
23.0,0,nan,,,,,,,,,,,,,
23.699219425035306,0,nan,,,,,,,,,,,,,
23.749219425035307,0,nan,,,,,,,,,,,,,
23.799219425035307,0,nan,,,,,,,,,,,,,
23.849219425035308,0,nan,,,,,,,,,,,,,
23.89921942503531,0,nan,,,,,,,,,,,,,
23.94921942503531,0,nan,,,,,,,,,,,,,
23.99921942503531,0,nan,,,,,,,,,,,,,
24.0,0,nan,,,,,,,,,,,,,
24.04921942503531,0,nan,,,,,,,,,,,,,
24.09921942503531,0,nan,,,,,,,,,,,,,
24.149219425035312,0,nan,,,,,,,,,,,,,
24.199219425035313,0,nan,,,,,,,,,,,,,
24.249219425035314,0,nan,,,,,,,,,,,,,
24.299219425035314,0,nan,,,,,,,,,,,,,
24.349219425035315,0,nan,,,,,,,,,,,,,
24.399219425035316,0,nan,,,,,,,,,,,,,
24.449219425035317,0,nan,,,,,,,,,,,,,
24.499219425035317,0,nan,,,,,,,,,,,,,
24.549219425035318,0,nan,,,,,,,,,,,,,
24.59921942503532,0,nan,,,,,,,,,,,,,
24.64921942503532,0,nan,,,,,,,,,,,,,
24.69921942503532,0,nan,,,,,,,,,,,,,
24.74921942503532,0,nan,,,,,,,,,,,,,
24.79921942503532,0,nan,,,,,,,,,,,,,
24.849219425035322,0,nan,,,,,,,,,,,,,
24.899219425035323,0,nan,,,,,,,,,,,,,
24.949219425035324,0,nan,,,,,,,,,,,,,
24.999219425035324,0,nan,,,,,,,,,,,,,
25.0,0,nan,,,,,,,,,,,,,
25.049219425035325,0,nan,,,,,,,,,,,,,
25.099219425035326,0,nan,,,,,,,,,,,,,
25.149219425035326,0,nan,,,,,,,,,,,,,
25.199219425035327,0,nan,,,,,,,,,,,,,
25.249219425035328,0,nan,,,,,,,,,,,,,
25.29921942503533,0,nan,,,,,,,,,,,,,
25.34921942503533,0,nan,,,,,,,,,,,,,
25.39921942503533,0,nan,,,,,,,,,,,,,
25.44921942503533,0,nan,,,,,,,,,,,,,
25.49921942503533,0,nan,,,,,,,,,,,,,
25.549219425035332,0,nan,,,,,,,,,,,,,
25.599219425035333,0,nan,,,,,,,,,,,,,
25.649219425035334,0,nan,,,,,,,,,,,,,
25.699219425035306,1,3212.4024162993956,1.0,1.0000000000000056,0.999999981586957,1.0,1.0,1.0000000010279564e-06,24.168220294312057,31.60010036153907,24.168220294312057,9.999999974752427e-07,-24.31730928552544,-24.31730928552539,5.551115123125783e-15
25.699219425035334,1,3212.4024162994015,1.0,1.0000000000000218,0.9999999815869438,1.0,1.0,1.00000000458067e-06,24.168220294311908,31.60010036153851,24.168220294311652,1.0000000010279564e-06,-24.317309285525564,-24.317309285525518,2.1760371282653068e-14
25.749219425035335,1,3213.1269505700957,1.0,1.0000000000000284,0.9914164736908997,1.0,1.0,1.0000000010279564e-06,24.118525682370624,31.45595698355652,24.118525682369928,1.0000000010279564e-06,-24.305232341479034,-24.30523234147899,2.842170943040401e-14
25.799219425035336,1,3213.858301473454,1.0,1.0000000000000293,0.9828768049543938,1.0,1.0,1.00000000458067e-06,24.069011250991963,31.31244688625653,24.069011250991423,1.00000000458067e-06,-24.29315989694327,-24.293159896943283,2.930988785010413e-14
25.849219425035336,1,3214.5964083799786,1.0,0.9999999999999952,0.9743806271636963,1.0,1.0,1.0000000010279564e-06,24.019675712300696,31.169565258236183,24.01967571230054,9.999999974752427e-07,-24.281091969075025,-24.28109196907503,4.773959005888173e-15
25.899219425035337,1,3215.3412112363067,1.0,1.0000000000000189,0.9659275956837574,1.0,1.0,1.0000000010279564e-06,23.970517790440304,31.027307335505746,23.970517790440113,1.0000000010279564e-06,-24.269028574908486,-24.269028574908432,1.887379141862766e-14
25.949219425035338,1,3216.0926505594853,1.0,0.9999999999999784,0.957517369415238,1.0,1.0,9.999999974752427e-07,23.92153622145463,30.885668400960654,23.921536221455128,1.00000000458067e-06,-24.256969731357863,-24.256969731357813,2.1649348980190553e-14
25.99921942503534,1,3216.85066743011,1.0,1.000000000000082,0.9491496107494148,1.0,1.0,9.999999974752427e-07,23.872729753151155,30.74464378380179,23.87272975315001,1.00000000458067e-06,-24.244915455215637,-24.24491545521594,8.193445921733655e-14
26.0,1,3216.862553042632,1.0,1.0000000000000475,0.9490193123732326,1.0,1.0,1.0000000010279564e-06,23.871969192512957,30.74244702346659,23.871969192512474,1.0000000010279564e-06,-24.244727306190068,-24.244727306190068,4.75175454539567e-14
26.04921942503534,1,3217.615203486399,1.0,0.9999999999999649,0.9408239855264784,1.0,1.0,9.999999974752427e-07,23.824097144973805,30.604228859023813,23.824097144974196,1.0000000010279564e-06,-24.23286576315705,-24.232865763156838,3.5083047578154947e-14
26.09921942503534,1,3218.38620091752,1.0,1.0000000000000064,0.9325401629909592,1.0,1.0,1.00000000458067e-06,23.77563716788,30.464419046843766,23.775637167879466,1.0000000010279564e-06,-24.220820671735986,-24.220820671735876,6.439293542825908e-15
26.14921942503534,1,3219.1636024577974,1.0,1.0000000000000382,0.9242978157516022,1.0,1.0,1.0000000010279564e-06,23.727348604210995,30.325209812203113,23.72734860421054,1.0000000010279564e-06,-24.208780197389807,-24.208780197389803,3.8191672047105385e-14
26.19921942503534,1,3219.9473513803837,1.0,0.9999999999999741,0.9160966197389794,1.0,1.0,1.0000000010279564e-06,23.679230247569663,30.186596664228468,23.67923024757009,1.00000000458067e-06,-24.196744356438266,-24.19674435643818,2.5868196473766147e-14
26.249219425035342,1,3220.7373914915675,1.0,0.999999999999996,0.907936254164988,1.0,1.0,1.0000000010279564e-06,23.63128090270518,30.048575155724862,23.631280902705207,1.00000000458067e-06,-24.184713165084005,-24.18471316508392,3.9968028886505635e-15
26.299219425035343,1,3221.533667124637,1.0,1.0000000000000395,0.8998164014828455,1.0,1.0,1.0000000010279564e-06,23.58349938538629,29.911140882669912,23.583499385385508,1.0000000010279564e-06,-24.172686639413836,-24.17268663941382,3.952393967665557e-14
26.349219425035344,1,3222.336123133852,1.0,1.0000000000000837,0.8917367473468903,1.0,1.0,1.0000000010279564e-06,23.535884522275914,29.77428948369669,23.535884522274806,9.999999974752427e-07,-24.160664795399825,-24.160664795399853,8.37108160567368e-14
26.399219425035344,1,3223.14470488928,1.0,1.0000000000000266,0.8836969805745644,1.0,1.0,1.0000000010279564e-06,23.488435150832352,29.638016639632063,23.488435150832032,9.999999974752427e-07,-24.148647648898777,-24.148647648898766,2.6645352591003757e-14
26.449219425035345,1,3223.9593582705556,1.0,1.0000000000000167,0.8756967931067572,1.0,1.0,1.00000000458067e-06,23.441150119177884,29.50231807297679,23.441150119177642,1.0000000010279564e-06,-24.136635215654202,-24.136635215654046,1.6653345369377348e-14
26.499219425035346,1,3224.7800296615246,1.0,1.00000000000001,0.867735879970686,1.0,1.0,1.0000000010279564e-06,23.394028285990025,29.367189547444063,23.394028285990075,1.0000000010279564e-06,-24.124627511296033,-24.124627511295934,9.992007221626409e-15
26.549219425035346,1,3225.606665944575,1.0,0.9999999999999624,0.8598139392421035,1.0,1.0,1.0000000010279564e-06,23.34706852038648,29.232626867477293,23.347068520386777,9.999999974752427e-07,-24.112624551341586,-24.112624551341476,3.7636560534792807e-14
26.599219425035347,1,3226.4392144952617,1.0,0.9999999999999949,0.8519306720083986,1.0,1.0,1.00000000458067e-06,23.300269701815758,29.09862587778361,23.30026970181622,9.999999974752427e-07,-24.100626351197178,-24.100626351197146,5.10702591327572e-15
26.649219425035348,1,3227.2776231769203,1.0,1.0000000000000504,0.844085782332599,1.0,1.0,1.0000000010279564e-06,23.25363071994736,28.96518246287723,23.25363071994653,9.999999974752427e-07,-24.088632926156947,-24.088632926156905,5.040412531798211e-14
26.69921942503535,1,3228.121840335192,1.0,1.0000000000000175,0.8362789772171862,1.0,1.0,1.0000000010279564e-06,23.20715047455561,28.83229254661763,23.207150474555334,1.00000000458067e-06,-24.076644291405227,-24.076644291405202,1.7541523789077473e-14
26.74921942503535,1,3228.9718147928097,1.0,0.9999999999999711,0.8285099665685848,1.0,1.0,1.0000000010279564e-06,23.160827875421198,28.699952091756927,23.16082787542181,1.0000000010279564e-06,-24.064660462016477,-24.064660462016448,2.886579864025407e-14
26.79921942503535,1,3229.827495844515,1.0,0.9999999999999882,0.8207784631626637,1.0,1.0,9.999999974752427e-07,23.11466184222074,28.56815709950375,23.114661842221025,9.999999974752427e-07,-24.05268145295615,-24.052681452956023,1.176836406102666e-14
26.84921942503535,1,3230.6888332519097,1.0,0.9999999999999973,0.8130841826105091,1.0,1.0,1.0000000010279564e-06,23.068651304422318,28.436903609087373,23.068651304422247,9.999999974752427e-07,-24.04070727908031,-24.040707279080195,2.6645352591003757e-15
26.89921942503535,1,3231.5557772380585,1.0,0.9999999999999827,0.8054268433238345,1.0,1.0,9.999999974752427e-07,23.02279520117709,28.306187697312836,23.022795201177843,1.0000000010279564e-06,-24.028737955139036,-24.02873795513879,1.7319479184152442e-14
26.949219425035352,1,3232.4282784829306,1.0,1.0000000000000435,0.7978061664821834,1.0,1.0,1.0000000010279564e-06,22.977092481226535,28.176005478144653,22.977092481225476,1.0000000010279564e-06,-24.016773495773048,-24.01677349577306,4.3520742565306136e-14
26.999219425035353,1,3233.3062881182354,1.0,0.9999999999999717,0.7902218760000629,1.0,1.0,1.0000000010279564e-06,22.931542102787695,28.046353102288073,22.9315421027883,9.999999974752427e-07,-24.004813915518547,-24.004813915518476,2.8310687127941492e-14
27.0,1,3233.320038574893,1.0,1.0000000000000346,0.790103760851658,1.0,1.0,9.999999974752427e-07,22.930832195280082,28.044333214346622,22.93083219527948,1.0000000010279564e-06,-24.004627247296437,-24.004627247296476,3.4638958368304884e-14
27.049219425035353,1,3234.1897577224768,1.0,1.0000000000000526,0.782673698493559,1.0,1.0,1.0000000010279564e-06,22.88614303346794,27.917226756759455,22.88614303346722,1.00000000458067e-06,-23.992859228804846,-23.992859228804836,5.262457136723242e-14
27.099219425035354,1,3235.0786393164103,1.0,1.0000000000000207,0.7751613632497473,1.0,1.0,1.0000000010279564e-06,22.840894250153973,27.788622664500203,22.84089425015342,9.999999974752427e-07,-23.980909449955995,-23.9809094499559,2.0650148258027912e-14
27.149219425035355,1,3235.972885357859,1.0,0.9999999999999822,0.7676846021935413,1.0,1.0,1.00000000458067e-06,22.795794738918744,27.66053708394488,22.7957947389192,9.999999974752427e-07,-23.968964593192148,-23.96896459319222,1.7763568394002505e-14
27.199219425035356,1,3236.872448737379,1.0,0.9999999999999646,0.7602431498575182,1.0,1.0,1.0000000010279564e-06,22.750843494927445,27.532966308641555,22.750843494928347,9.999999974752427e-07,-23.957024672628883,-23.957024672628798,3.5416114485542494e-14
27.249219425035356,1,3237.777282773449,1.0,1.000000000000013,0.7528367433508437,1.0,1.0,9.999999974752427e-07,22.706039522336276,27.40590666684752,22.706039522336283,1.00000000458067e-06,-23.94508970227824,-23.945089702278473,1.3100631690576847e-14
27.299219425035357,1,3238.6873412078917,1.0,1.000000000000035,0.7454651223291128,1.0,1.0,1.00000000458067e-06,22.661381834200675,27.27935452114778,22.661381834200213,1.00000000458067e-06,-23.933159696050904,-23.9331596960509,3.5083047578154947e-14
27.349219425035358,1,3239.602578201511,1.0,1.0000000000000304,0.7381280289644709,1.0,1.0,1.00000000458067e-06,22.616869452386013,27.153306268068732,22.616869452385686,1.00000000458067e-06,-23.921234667754305,-23.92123466775421,3.042011087472929e-14
27.39921942503536,1,3240.522948329394,1.0,0.9999999999999845,0.7308252079158972,1.0,1.0,9.999999974752427e-07,22.572501407469723,27.02775833769571,22.572501407469545,1.00000000458067e-06,-23.9093146310946,-23.909314631094496,1.554312234475219e-14
27.44921942503536,1,3241.4484065764386,1.0,1.000000000000026,0.7235564062998788,1.0,1.0,1.0000000010279564e-06,22.528276738650625,26.90270719329228,22.52827673865037,1.0000000010279564e-06,-23.89739959967747,-23.897399599677442,2.5979218776228663e-14
27.49921942503536,1,3242.3789083334714,1.0,0.9999999999999815,0.716321373662868,1.0,1.0,9.999999974752427e-07,22.48419449366461,26.778149330958883,22.484194493664774,1.0000000010279564e-06,-23.88548958700833,-23.88548958700811,1.8540724511240114e-14
27.54921942503536,1,3243.3144093922465,1.0,1.0000000000000255,0.7091198619513202,1.0,1.0,1.00000000458067e-06,22.440253728688546,26.654081279227427,22.44025372868834,1.0000000010279564e-06,-23.873584606492734,-23.873584606492507,2.55351295663786e-14
27.59921942503536,1,3244.2548659418067,1.0,1.0000000000000464,0.7019516254853175,1.0,1.0,1.0000000010279564e-06,22.396453508259306,26.53049959873831,22.39645350825853,1.0000000010279564e-06,-23.861684671437217,-23.861684671437356,4.6407322429331543e-14
27.649219425035362,1,3245.200234563907,1.0,1.0000000000000289,0.6948164209300985,1.0,1.0,1.00000000458067e-06,22.352792905179854,26.407400881863495,22.35279290517932,9.999999974752427e-07,-23.84978979505079,-23.849789795050878,2.886579864025407e-14
27.699219425035363,1,3246.1504722290692,1.0,0.999999999999976,0.6877140072692737,1.0,1.0,1.0000000010279564e-06,22.309271000440475,26.28478175236554,22.309271000440887,1.00000000458067e-06,-23.83789999044363,-23.837899990443553,2.398081733190338e-14
28.0,1,3251.9670997574203,1.0,1.0000000000000362,0.6456672853677068,1.0,1.0,9.999999974752427e-07,22.050336090330575,25.5570863127044,22.05033609032982,9.999999974752427e-07,-23.766483294671662,-23.766483294671623,3.6193270602780103e-14
29.0,1,3272.450020529216,1.0,0.9999999999999417,0.5137241662472525,1.0,1.0,9.999999974752427e-07,21.222929912099424,23.25292417330723,21.22292991210098,1.00000000458067e-06,-23.53040252605882,-23.53040252605875,5.828670879282072e-14
30.0,1,3294.472720171256,1.0,1.0000000000000309,0.3926302935616431,1.0,1.0,1.0000000010279564e-06,20.44227747989195,21.10870454899584,20.442277479891743,1.00000000458067e-06,-23.296477081655755,-23.296477081655787,3.086420008457935e-14
31.0,1,3317.7859973237646,1.0,0.999999999999994,0.28101419009518636,1.0,1.0,1.00000000458067e-06,19.703033507588344,19.105024147264338,19.703033507588216,9.999999974752427e-07,-23.06478587641419,-23.064785876414017,5.995204332975845e-15
32.0,1,3342.1790347996593,1.0,1.0000000000000449,0.17772379349952902,1.0,1.0,9.999999974752427e-07,19.00066537400587,17.22551420655835,19.000665374005443,9.999999974752427e-07,-22.835396112433244,-22.835396112433273,4.4853010194856324e-14
33.0,1,3367.472639958417,1.0,0.999999999999988,0.08178501813142618,1.0,1.0,1.00000000458067e-06,18.331310397540378,15.456285347853772,18.331310397541145,1.00000000458067e-06,-22.608364612728735,-22.60836461272874,1.199040866595169e-14
34.0,1,3394.192981856134,1.0,0.9965841069742183,0.0,0.9965841069741747,1.0,1.0000000010279564e-06,17.696230104778728,13.895538540839823,17.696230104777662,1.0000000010279564e-06,-22.384849582057267,-22.384849582057043,4.363176486776865e-14
35.0,1,3428.200310499879,1.0,0.9589716059999602,0.0,0.9589716059999011,1.0,1.0000000010279564e-06,17.132493894255056,13.519372657307173,17.13249389425455,1.0000000010279564e-06,-22.17519872232087,-22.175198722320914,5.917488721252084e-14
36.0,1,3462.0991674634674,1.0,0.9233884263685944,0.0,0.9233884263685916,1.0,9.999999974752427e-07,16.5884369820714,13.148694326866305,16.588436982071528,9.999999974752427e-07,-21.967859598915528,-21.967859598915453,2.7755575615628914e-15
37.0,1,3495.862588115028,1.0,0.889655453035153,0.0,0.8896554530351474,1.0,1.00000000458067e-06,16.062542685409007,12.783315074057413,16.062542685408978,1.0000000010279564e-06,-21.76283990634962,-21.762839906349676,5.662137425588298e-15
38.0,1,3529.467218443484,1.0,0.8576143254965863,0.0,0.8576143254965543,1.0,1.0000000010279564e-06,15.55347294111219,12.423073623762726,15.553472941111828,9.999999974752427e-07,-21.560144270680613,-21.560144270680485,3.2085445411667024e-14
39.0,1,3562.8928071971905,1.0,0.8271245165113842,0.0,0.8271245165113749,1.0,1.0000000010279564e-06,15.060042301578399,12.067830679792237,15.060042301578022,1.0000000010279564e-06,-21.359774568031227,-21.359774568030968,9.325873406851315e-15
40.0,1,3596.1217817108704,1.0,0.7980608908554312,0.0,0.7980608908554394,1.0,1.00000000458067e-06,14.581196289499331,11.717464707187737,14.581196289499346,1.0000000010279564e-06,-21.16173020149413,-21.161730201494223,8.215650382226158e-15
41.0,1,3629.138892013642,1.0,0.7703116546408235,0.0,0.7703116546407781,1.0,9.999999974752427e-07,14.1159932964461,11.371868523971678,14.11599329644563,1.00000000458067e-06,-20.966008342817204,-20.96600834281733,4.54081217071689e-14
42.0,1,3661.930910879404,1.0,0.7437766242282838,0.0,0.7437766242282917,1.0,1.00000000458067e-06,13.663589376816446,11.030946546035189,13.663589376816631,1.0000000010279564e-06,-20.772604144261212,-20.77260414426119,7.882583474838611e-15
43.0,1,3694.486379892857,1.0,0.7183657580896908,0.0,0.7183657580897108,1.0,1.0000000010279564e-06,13.223225418487772,10.694612559364252,13.2232254184879,1.0000000010279564e-06,-20.581510925193125,-20.58151092519303,1.9984014443252818e-14
44.0,1,3726.795393517382,1.0,0.6939979061442653,0.0,0.6939979061442634,1.0,1.0000000010279564e-06,12.794216273347637,10.362787918326319,12.794216273347686,9.999999974752427e-07,-20.392720337250516,-20.392720337250474,1.887379141862766e-15
45.0,1,3758.8494146648254,1.0,0.6705997398510527,0.0,0.6705997398510144,1.0,1.0000000010279564e-06,12.375941511102361,10.035400088425682,12.37594151110185,1.0000000010279564e-06,-20.206222511304063,-20.206222511304162,3.83026943495679e-14
46.0,1,3790.6411164806095,1.0,0.6481048332524378,0.0,0.6481048332524401,1.0,1.0000000010279564e-06,11.967837523325358,9.712381467753218,11.967837523325485,9.999999974752427e-07,-20.022006188931513,-20.022006188931687,2.220446049250313e-15
47.0,1,3822.164246023059,1.0,0.6264528706481374,0.0,0.6264528706480832,1.0,1.0000000010279564e-06,11.569390755249515,9.393668434087559,11.569390755248918,9.999999974752427e-07,-19.84005884067956,-19.840058840679536,5.417888360170764e-14
48.0,1,3853.4135063013628,1.0,0.6055889609589106,0.0,0.6055889609588915,1.0,1.0000000010279564e-06,11.18013188330064,9.079200574854397,11.180131883300291,9.999999974752427e-07,-19.660366773019135,-19.6603667730191,1.9095836023552692e-14
49.0,1,3884.384453760995,1.0,0.5854630423514418,0.0,0.5854630423514111,1.0,1.0000000010279564e-06,10.799630788792165,8.768920065366373,10.799630788792022,1.0000000010279564e-06,-19.482915225600074,-19.48291522559976,3.064215547965432e-14
50.0,1,3915.0734088173094,1.0,0.5660293635269376,0.0,0.56602936352691,1.0,9.999999974752427e-07,10.427492204394184,8.462771167392937,10.427492204393502,9.999999974752427e-07,-19.30768846013146,-19.307688460131377,2.7533531010703882e-14
51.0,1,3945.4773774522732,1.0,0.5472460303734547,0.0,0.5472460303734262,1.0,1.00000000458067e-06,10.063351931205496,8.160699825473259,10.063351931204927,9.999999974752427e-07,-19.134669842015143,-19.13466984201519,2.842170943040401e-14
52.0,1,3975.5939822263604,1.0,0.529074608548614,0.0,0.5290746085485866,1.0,1.0000000010279564e-06,9.706873541488122,7.862653342659158,9.70687354148793,1.0000000010279564e-06,-18.963841915665654,-18.963841915665657,2.7422508708241367e-14
53.0,1,4005.42140133311,1.0,0.5114797740879607,0.0,0.5114797740879714,1.0,1.0000000010279564e-06,9.357745496172022,7.5685801208590675,9.357745496172356,9.999999974752427e-07,-18.795186474297125,-18.795186474297,1.0658141036401503e-14
54.0,1,4034.958314551629,1.0,0.4944290053895024,0.0,0.49442900538948176,1.0,9.999999974752427e-07,9.015678617791522,7.278429453753802,9.015678617791224,1.0000000010279564e-06,-18.628684624836172,-18.62868462483625,2.0650148258027912e-14
55.0,1,4064.203855136134,1.0,0.4778923109585882,0.0,0.4778923109585999,1.0,9.999999974752427e-07,8.68040386895349,6.992151362499399,8.680403868953562,9.999999974752427e-07,-18.464316848505355,-18.464316848505593,1.1712852909795402e-14
56.0,1,4093.157566836545,1.0,0.46184198815592153,0.0,0.4618419881558964,1.0,9.999999974752427e-07,8.35167039428886,6.70969646627961,8.35167039428839,1.0000000010279564e-06,-18.30206305753876,-18.302063057538746,2.5146551507759796e-14
57.0,1,4121.819365370889,1.0,0.44625240890208107,0.0,0.4462524089020512,1.0,1.00000000458067e-06,8.02924379028481,6.431015881230287,8.029243790284553,9.999999974752427e-07,-18.141902648413954,-18.141902648413932,2.986499936241671e-14
58.0,1,4150.1895037741,1.0,0.43109982888760795,0.0,0.4310998288876333,1.0,1.0000000010279564e-06,7.712904572785305,6.156061142461425,7.71290457278613,1.0000000010279564e-06,-17.983814551930358,-17.983814551930287,2.5368596112684827e-14
59.0,1,4178.268541135727,1.0,0.4163622173341438,0.0,0.4163622173341455,1.0,1.0000000010279564e-06,7.402446816432864,5.884784144869521,7.402446816433347,1.0000000010279564e-06,-17.827777280400298,-17.827777280400223,1.7208456881689926e-15
60.0,1,4206.0573143132715,1.0,0.4020191047711005,0.0,0.4020191047710807,1.0,1.0000000010279564e-06,7.097676944068496,5.617137099223818,7.097676944068326,1.0000000010279564e-06,-17.67376897219261,-17.673768972192633,1.9761969838327786e-14
61.0,1,4233.556912265141,1.0,0.3880514466443155,0.0,0.38805144664430186,1.0,1.0000000010279564e-06,6.798412647255958,5.353072500638049,6.798412647255688,1.00000000458067e-06,-17.521767433824174,-17.521767433824166,1.3655743202889425e-14
62.0,1,4260.76865270215,1.0,0.3744415008716593,0.0,0.3744415008716626,1.0,1.0000000010279564e-06,6.5044819217539,5.09254310707108,6.5044819217538645,1.0000000010279564e-06,-17.371750179768824,-17.371750179768632,3.3306690738754696e-15
63.0,1,4287.694060795474,1.0,0.36117271771284776,0.0,0.3611727177128499,1.0,1.0000000010279564e-06,6.21572220397745,4.83550192591413,6.215722203977563,1.00000000458067e-06,-17.223694470130514,-17.223694470130425,2.1649348980190553e-15
64.0,1,4314.334849718052,1.0,0.34822964053690403,0.0,0.34822964053687905,1.0,1.0000000010279564e-06,5.931979596409192,4.581902207077967,5.931979596408937,1.0000000010279564e-06,-17.07757734631049,-17.077577346310527,2.4980018054066022e-14
65.0,1,4340.692902824611,1.0,0.33559781625374663,0.0,0.3355978162537064,1.0,1.0000000010279564e-06,5.653108171507462,4.331697441256672,5.653108171507164,1.0000000010279564e-06,-16.933375664774303,-16.93337566477434,4.0245584642661925e-14
66.0,1,4366.770257301491,1.0,0.32326371433378354,0.0,0.32326371433378687,1.0,1.0000000010279564e-06,5.378969345051381,4.0848413623060935,5.378969345051715,9.999999974752427e-07,-16.791066129023704,-16.79106612902372,3.3306690738754696e-15
67.0,1,4392.569089140882,1.0,0.31121465347491195,0.0,0.3112146534748688,1.0,1.0000000010279564e-06,5.109431311013758,3.841287952828772,5.109431311012997,1.0000000010279564e-06,-16.650625319858065,-16.650625319857937,4.313216450668733e-14
68.0,1,4418.091699309353,1.0,0.2994387350910027,0.0,0.2994387350909702,1.0,1.0000000010279564e-06,4.844368531068163,3.600991452244081,4.8443685310673885,1.0000000010279564e-06,-16.512029724003582,-16.51202972400336,3.2529534621517087e-14
69.0,1,4443.340501000555,1.0,0.2879247828987141,0.0,0.2879247828987094,1.0,9.999999974752427e-07,4.583661272708497,3.3639063667347813,4.5836612727082695,1.0000000010279564e-06,-16.375255761186832,-16.375255761186775,4.718447854656915e-15
70.0,1,4468.318007870936,1.0,0.2766622879631428,0.0,0.27666228796310627,1.0,1.0000000010279564e-06,4.327195190673351,3.129987480565738,4.327195190673088,1.00000000458067e-06,-16.24027980971539,-16.24027980971546,3.652633751016765e-14
71.0,1,4493.026823172976,1.0,0.2656413586402727,0.0,0.2656413586402776,1.0,1.0000000010279564e-06,4.074860947037557,2.899189868368616,4.074860947038069,1.0000000010279564e-06,-16.10707823062795,-16.10707823062782,4.884981308350689e-15
72.0,1,4517.469629707019,1.0,0.2548526749186203,0.0,0.2548526749186121,1.0,1.00000000458067e-06,3.8265538658798732,2.6714689080509118,3.8265538658798306,1.0000000010279564e-06,-15.97562739047246,-15.9756273904724,8.215650382226158e-15
73.0,1,4541.649180524384,1.0,0.24428744671902008,0.0,0.2442874467189981,1.0,9.999999974752427e-07,3.5821736189019546,2.4467802940503844,3.5821736189017415,1.0000000010279564e-06,-15.84590368276785,-15.845903682767965,2.19824158875781e-14
74.0,1,4565.568290318613,1.0,0.23393737576178888,0.0,0.23393737576178567,1.0,9.999999974752427e-07,3.3416239388192395,2.2250800507032693,3.3416239388192395,1.00000000458067e-06,-15.717883548197667,-15.717883548197719,3.219646771412954e-15
75.0,1,4589.229827451941,1.0,0.22379462065386288,0.0,0.22379462065383876,1.0,1.0000000010279564e-06,3.104812357695394,2.006324545547727,3.1048123576948967,1.00000000458067e-06,-15.591543493587869,-15.59154349358802,2.4119595209981526e-14
76.0,1,4612.636706565588,1.0,0.21385176488569196,0.0,0.21385176488567023,1.0,1.0000000010279564e-06,2.871649967698339,1.7904705023972483,2.8716499676981044,1.00000000458067e-06,-15.466860109715595,-15.466860109715457,2.173261570703744e-14
77.0,1,4635.791881730537,1.0,0.20410178746245963,0.0,0.2041017874624947,1.0,1.0000000010279564e-06,2.6420512020699576,1.5774750140777343,2.6420512020706894,1.00000000458067e-06,-15.343810087994441,-15.343810087994376,3.505529200253932e-14
78.0,1,4658.698340098371,1.0,0.19453803592266594,0.0,0.19453803592265279,1.0,1.0000000010279564e-06,2.415933634308921,1.367295554710875,2.4159336343086153,1.0000000010279564e-06,-15.222370236079694,-15.222370236079465,1.3156142841808105e-14
79.0,1,4681.359096015909,1.0,0.18515420152301387,0.0,0.18515420152301604,1.0,1.0000000010279564e-06,2.1932177938063973,1.1598899914917702,2.193217793806582,1.00000000458067e-06,-15.102517492437741,-15.102517492437716,2.1649348980190553e-15
80.0,1,4703.777185569202,1.0,0.17594429639229472,0.0,0.17594429639230594,1.0,1.0000000010279564e-06,1.973826996355637,0.9552165958695582,1.9738269963557435,1.0000000010279564e-06,-14.98422893992162,-14.9842289399217,1.1213252548714081e-14
81.0,1,4725.955661528867,1.0,0.1669026324762599,0.0,0.16690263247626644,1.0,1.0000000010279564e-06,1.7576871881277043,0.7532340541188489,1.7576871881278606,1.0000000010279564e-06,-14.867481818390617,-14.867481818390665,6.5503158452884236e-15
82.0,1,4747.897588666466,1.0,0.15802380211378317,0.0,0.15802380211376102,1.0,1.0000000010279564e-06,1.5447268018376228,0.5539014772367565,1.5447268018373776,1.0000000010279564e-06,-14.752253536414827,-14.752253536414967,2.2148949341271873e-14
83.0,1,4769.606039419246,1.0,0.14930266010104654,0.0,0.1493026601009996,1.0,1.0000000010279564e-06,1.3348766239900343,0.3571784101754538,1.3348766239893237,1.00000000458067e-06,-14.638521682108639,-14.638521682108262,4.693467836602849e-14
84.0,1,4791.084089876717,1.0,0.1407343071135007,0.0,0.14073430711350757,1.0,9.999999974752427e-07,1.1280696721635728,0.16302484036103593,1.1280696721637362,1.00000000458067e-06,-14.526264033116295,-14.526264033116245,6.855627177060342e-15
85.0,1,4812.47759530179,1.0,0.13136154559284915,0.0019722477798768978,0.13136154559282198,1.0,1.0000000010279564e-06,0.9249914567288968,9.999999974752427e-07,0.9249914567286268,1.0000000010279564e-06,-14.415849205342148,-14.41584920534217,2.7172708527700706e-14
86.0,1,4834.448752551127,1.0,0.11678239963253774,0.015016015874970218,0.1167823996325509,1.0,1.0000000010279564e-06,0.7290068424025158,1.00000000458067e-06,0.7290068424025975,1.0000000010279564e-06,-14.309048807307667,-14.309048807307526,1.3156142841808105e-14
87.0,1,4856.187431145922,1.0,0.10241858332746995,0.027892686745472697,0.10241858332748127,1.0,1.00000000458067e-06,0.535754966023287,1.0000000010279564e-06,0.5357549660234611,9.999999974752427e-07,-14.203608273604917,-14.20360827360479,1.1324274851176597e-14
88.0,1,4877.697042491318,1.0,0.08826503879611762,0.040604941722006925,0.08826503879611056,1.0,1.0000000010279564e-06,0.34517951687416826,1.0000000010279564e-06,0.34517951687406523,9.999999974752427e-07,-14.099506249608282,-14.099506249608252,7.0637939941775585e-15
89.0,1,4898.980965499613,1.0,0.0743168885738,0.05315542082976229,0.07431688857379211,1.0,1.0000000010279564e-06,0.15722584859462074,9.999999974752427e-07,0.1572258485944502,1.0000000010279564e-06,-13.996721679692392,-13.996721679692168,7.896461262646426e-15
90.0,1,4920.306820948854,0.9990539702005377,0.06256503894572889,0.06356501324030078,0.06256503894572801,0.9990539702005284,1.0000000010279564e-06,1.0000000116860974e-06,1.00000000458067e-06,1.00000000458067e-06,1.0000000010279564e-06,-13.895966877036539,-13.895966877036653,9.2148511043888e-15
91.0,1,4942.868550919828,0.9929084548697635,0.061971675399276394,0.06292921239372591,0.0619716753992881,0.9929084548697387,1.00000000458067e-06,1.0000000081333837e-06,1.0000000010279564e-06,1.0000000010279564e-06,9.999999974752427e-07,-13.800494131172595,-13.800494131172485,2.4868995751603507e-14
92.0,1,4965.196638258037,0.9868422143597065,0.061393146460138576,0.062310425429020655,0.06139314646013146,0.9868422143597145,9.999999974752427e-07,9.999999903698154e-07,1.0000000010279564e-06,9.999999868171017e-07,1.0000000010279564e-06,-13.706175845056475,-13.706175845056595,7.993605777301127e-15
93.0,1,4987.294819988344,0.9808537304423591,0.06082883257280111,0.061707914824878723,0.06082883257279957,0.9808537304423632,1.00000000458067e-06,1.0000000010279564e-06,1.00000000458067e-06,1.0000000187915248e-06,1.0000000010279564e-06,-13.612993511301372,-13.612993511301482,4.107825191113079e-15
94.0,1,5009.166766902812,0.974941525760838,0.060278146411130884,0.06112098199770585,0.060278146411121517,0.9749415257608258,1.0000000010279564e-06,1.0000000081333837e-06,1.0000000010279564e-06,1.0000000010279564e-06,1.0000000010279564e-06,-13.52092895372079,-13.520928953720773,1.2212453270876722e-14
95.0,1,5030.816084717973,0.9691041622462037,0.05974053098367788,0.060548965000455805,0.05974053098366999,0.969104162246192,1.0000000010279564e-06,9.999999903698154e-07,1.0000000010279564e-06,1.00000000458067e-06,1.0000000010279564e-06,-13.42996432144912,-13.429964321449155,1.1657341758564144e-14
96.0,1,5052.246315213386,0.963340239620917,0.059215457862639306,0.0599912363718011,0.05921545786264127,0.963340239620912,9.999999974752427e-07,9.999999974752427e-07,1.00000000458067e-06,9.999999903698154e-07,1.00000000458067e-06,-13.34008208316472,-13.340082083164678,4.9960036108132044e-15
97.0,1,5073.460937349687,0.9576483939824283,0.05870242552727235,0.0594472011247937,0.05870242552727324,0.9576483939824333,1.0000000010279564e-06,9.999999868171017e-07,1.0000000010279564e-06,1.0000000081333837e-06,1.0000000010279564e-06,-13.251265021409584,-13.251265021409598,4.9960036108132044e-15
98.0,1,5094.463368368966,0.9520272964616843,0.05820095781385986,0.05891629486483972,0.05820095781384534,0.9520272964616757,1.00000000458067e-06,1.0000000081333837e-06,1.0000000010279564e-06,9.99999993922529e-07,1.0000000010279564e-06,-13.163496227008949,-13.163496227008668,1.4516166046973922e-14
99.0,1,5115.256964876328,0.9464756519513169,0.05771060246437318,0.058397982027745945,0.057710602464371485,0.9464756519513152,1.00000000458067e-06,9.99999983264388e-07,1.00000000458067e-06,1.0000000010279564e-06,1.0000000010279564e-06,-13.076759093581913,-13.076759093581874,1.6930901125533637e-15
100.0,1,5135.845023904122,0.940992197899028,0.05723092976705645,0.05789175422948336,0.057230929767068235,0.9409921978990125,9.999999974752427e-07,1.0000000010279564e-06,9.999999974752427e-07,9.99999993922529e-07,1.0000000010279564e-06,-12.991037312147522,-12.99103731214743,1.554312234475219e-14
101.0,1,5156.230783958586,0.9355757031616233,0.056761531282103955,0.05739712871991592,0.05676153128209613,0.9355757031616211,1.0000000010279564e-06,1.0000000081333837e-06,1.00000000458067e-06,1.0000000081333837e-06,1.0000000010279564e-06,-12.906314865815514,-12.906314865815531,7.827072323607354e-15
102.0,1,5176.417426049934,0.9302249669159031,0.05630201864704501,0.05691364693290584,0.05630201864705464,0.9302249669158892,1.0000000081333837e-06,1.0000000081333837e-06,1.0000000223442385e-06,1.0000000081333837e-06,1.0000000116860974e-06,-12.82257602457069,-12.822576024570779,1.3877787807814457e-14
103.0,1,5196.408074705661,0.9249388176226079,0.055852022456012874,0.0564408731265106,0.055852022456024386,0.924938817622596,1.00000000458067e-06,9.999999974752427e-07,1.0000000081333837e-06,9.999999974752427e-07,1.00000000458067e-06,-12.739805340137131,-12.73980534013706,1.1879386363489175e-14
104.0,1,5216.2057989676,0.919716112040115,0.055411191207863655,0.05597839310697705,0.05541119120785855,0.9197161120401086,1.0000000010279564e-06,1.0000000010279564e-06,9.99999993922529e-07,1.0000000010279564e-06,9.99999993922529e-07,-12.65798764093007,-12.657987640930067,6.439293542825908e-15
105.0,1,5235.813613373649,0.9145557342847871,0.054979190318543446,0.055525813030920024,0.05497919031854107,0.914555734284789,9.999999974752427e-07,1.0000000010279564e-06,9.999999868171017e-07,9.99999993922529e-07,9.999999868171017e-07,-12.577108027088492,-12.577108027088403,2.373101715136272e-15
106.0,1,5255.234478923231,0.9094565949349214,0.05455570119353333,0.055082758280163235,0.054555701193525666,0.9094565949349249,1.00000000458067e-06,9.99999993922529e-07,9.99999993922529e-07,9.999999974752427e-07,9.99999993922529e-07,-12.497151865588936,-12.49715186558883,7.667477763817487e-15
107.0,1,5274.4713040282895,0.9044176301758623,0.05414042035592464,0.05464887240495443,0.054140420355916985,0.904417630175861,1.0000000010279564e-06,1.0000000010279564e-06,1.0000000081333837e-06,9.999999903698154e-07,1.0000000081333837e-06,-12.4181047854375,-12.418104785437475,7.653599976009673e-15
108.0,1,5293.526945448484,0.8994378009834473,0.05373305862705607,0.05422381613028774,0.05373305862705653,0.8994378009834428,9.999999974752427e-07,9.999999974752427e-07,9.999999868171017e-07,1.0000000010279564e-06,9.999999974752427e-07,-12.339952672940857,-12.339952672940896,4.440892098500626e-15
109.0,1,5312.404209212399,0.8945160923439657,0.05333334035564245,0.05380726642187082,0.05333334035564285,0.894516092343942,9.999999974752427e-07,1.00000000458067e-06,9.99999993922529e-07,1.0000000010279564e-06,9.999999974752427e-07,-12.262681667052725,-12.262681667052565,2.3647750424515834e-14
110.0,1,5331.105851523477,0.8896515125078522,0.052941002692723255,0.053398915607375905,0.052941002692727696,0.8896515125078582,1.0000000010279564e-06,1.0000000010279564e-06,9.999999868171017e-07,1.0000000081333837e-06,9.999999903698154e-07,-12.186278154795701,-12.186278154795868,5.995204332975845e-15
111.0,1,5349.634579652458,0.8848430922759352,0.05255579490917798,0.05299847054956987,0.052555794909181795,0.8848430922759403,1.0000000010279564e-06,9.999999974752427e-07,9.99999993922529e-07,1.0000000081333837e-06,9.999999974752427e-07,-12.110728766758594,-12.110728766758555,5.10702591327572e-15
112.0,1,5367.993052815378,0.8800898843155404,0.05217747775314999,0.0526056518681158,0.05217747775315844,0.8800898843155277,1.0000000010279564e-06,9.99999993922529e-07,9.999999974752427e-07,1.0000000010279564e-06,9.999999974752427e-07,-12.036020372663852,-12.036020372663867,1.2656542480726785e-14
113.0,1,5386.183883037194,0.87539096250534,0.05180582284483569,0.0522201932066244,0.05180582284483231,0.875390962505339,1.0000000010279564e-06,1.0000000116860974e-06,1.0000000010279564e-06,1.0000000081333837e-06,1.0000000010279564e-06,-11.962140077009298,-11.962140077009241,3.3792413312028202e-15
114.0,1,5404.20963600281,0.8707454213072015,0.05144061210633617,0.051841840542344836,0.0514406121063295,0.870745421307195,1.0000000010279564e-06,9.999999974752427e-07,9.99999993922529e-07,9.999999903698154e-07,9.999999974752427e-07,-11.88907521478038,-11.889075214780355,6.675215935558754e-15
115.0,1,5422.072831893843,0.8661523751633741,0.05108163722424809,0.051470351535667994,0.05108163722422963,0.8661523751633823,1.0000000010279564e-06,1.0000000010279564e-06,1.0000000010279564e-06,9.999999974752427e-07,1.0000000010279564e-06,-11.816813347230962,-11.816813347230873,1.8464396678297135e-14
116.0,1,5439.775946211674,0.8616109579177872,0.05072869914294328,0.051105494917050714,0.050728699142925174,0.8616109579178018,1.0000000010279564e-06,1.0000000010279564e-06,1.0000000010279564e-06,1.0000000010279564e-06,1.0000000010279564e-06,-11.745342257733729,-11.745342257733654,1.810357419529396e-14
117.0,1,5457.321410588791,0.8571203222602589,0.050381607586769114,0.0507470499089455,0.05038160758677304,0.857120322260259,1.00000000458067e-06,1.0000000010279564e-06,1.0000000010279564e-06,1.00000000458067e-06,9.999999974752427e-07,-11.674649947700114,-11.674649947700381,3.927413949611491e-15
118.0,1,5474.711613585621,0.85267963919202,0.05004018060935868,0.05039480568051333,0.05004018060933919,0.8526796391920303,9.99999993922529e-07,1.0000000010279564e-06,1.0000000010279564e-06,1.0000000010279564e-06,9.999999974752427e-07,-11.604724632564807,-11.6047246325647,1.9491352976075405e-14
119.0,1,5491.948901475273,0.8482880975120269,0.049704244167942425,0.05004856083343275,0.04970424416794174,0.8482880975120252,9.999999974752427e-07,1.0000000010279564e-06,9.999999974752427e-07,9.99999993922529e-07,9.999999974752427e-07,-11.535554737837497,-11.535554737837455,1.7763568394002505e-15
120.0,1,5509.0355790154235,0.8439449033222902,0.049373631722112475,0.049708122916345514,0.04937363172210871,0.8439449033222843,1.0000000010279564e-06,1.00000000458067e-06,1.00000000458067e-06,1.0000000010279564e-06,1.0000000010279564e-06,-11.46712889522183,-11.467128895221869,5.88418203051333e-15
121.0,1,5525.973910207788,0.8396492795519686,0.04904818385440774,0.049373307966683315,0.0490481838544114,0.8396492795519631,1.00000000458067e-06,1.0000000010279564e-06,1.00000000458067e-06,1.0000000010279564e-06,1.00000000458067e-06,-11.399435938795875,-11.399435938795957,5.440092820663267e-15
122.0,1,5542.766119044935,0.8354004654986689,0.04872774791228281,0.04904394007807813,0.04872774791228695,0.8354004654986619,1.00000000458067e-06,1.00000000458067e-06,9.999999974752427e-07,1.0000000010279564e-06,9.999999974752427e-07,-11.332464901259321,-11.332464901259318,6.994405055138486e-15
123.0,1,5559.414390245339,0.8311977163865728,0.04841217766965617,0.04871985099172983,0.048412177669654916,0.8311977163865613,9.999999974752427e-07,1.0000000010279564e-06,1.0000000010279564e-06,1.0000000010279564e-06,1.0000000010279564e-06,-11.266205010241265,-11.266205010241332,1.1546319456101628e-14
124.0,1,5575.920869975533,0.8270403029401546,0.04810133300721297,0.0484008797102764,0.04810133300721717,0.8270403029401494,1.00000000458067e-06,1.0000000010279564e-06,1.00000000458067e-06,1.0000000010279564e-06,1.0000000010279564e-06,-11.200645684673042,-11.200645684672903,5.218048215738236e-15
125.0,1,5592.287666561136,0.8229275109731894,0.04779507961003937,0.04808687213311301,0.04779507961004479,0.8229275109731766,1.0000000010279564e-06,9.999999974752427e-07,1.00000000458067e-06,1.0000000010279564e-06,1.0000000010279564e-06,-11.135776531218816,-11.135776531218827,1.27675647831893e-14
126.0,1,5608.516851185464,0.8188586409918509,0.047493288681850036,0.047777680711479746,0.04749328868184517,0.8188586409918516,1.0000000010279564e-06,1.00000000458067e-06,1.0000000010279564e-06,1.00000000458067e-06,1.00000000458067e-06,-11.071587340771892,-11.071587340771806,4.864164626638967e-15
127.0,1,5624.610458576811,0.8148330078116921,0.047195836674619844,0.047473164122431216,0.04719583667461864,0.8148330078116967,9.999999974752427e-07,1.0000000010279564e-06,1.0000000010279564e-06,9.999999974752427e-07,1.0000000010279564e-06,-11.00806808500602,-11.008068085005917,4.551914400963142e-15
128.0,1,5640.570487683817,0.8108499401874653,0.04690260503283134,0.04717318696061129,0.04690260503282421,0.8108499401874609,1.0000000010279564e-06,1.0000000010279564e-06,9.999999974752427e-07,9.999999974752427e-07,9.999999974752427e-07,-10.945208912988928,-10.945208912988974,7.13318293321663e-15
129.0,1,5656.398902339912,0.8069087804554604,0.04661347995148465,0.04687761944654813,0.046613479951480144,0.8069087804554644,1.0000000010279564e-06,1.0000000010279564e-06,1.0000000010279564e-06,1.0000000010279564e-06,1.0000000010279564e-06,-10.88300014785488,-10.883000147854787,4.503342143635791e-15
130.0,1,5672.09763191575,0.8030088841878099,0.04632835214696074,0.0465863371507063,0.04632835214694943,0.8030088841878044,1.0000000010279564e-06,1.00000000458067e-06,1.0000000010279564e-06,1.0000000010279564e-06,1.0000000010279564e-06,-10.821432283532143,-10.821432283532154,1.1310397063368782e-14
131.0,1,5687.668571961116,0.7991496198578889,0.046047116640216317,0.046299220732385286,0.04604711664020843,0.7991496198578862,1.0000000010279564e-06,1.0000000010279564e-06,9.999999974752427e-07,1.0000000010279564e-06,1.0000000010279564e-06,-10.760495981531122,-10.760495981531012,7.889522368742519e-15
132.0,1,5703.113584835719,0.7953303685168975,0.04576967255134203,0.04601615569253144,0.04576967255132893,0.7953303685169059,1.00000000458067e-06,1.0000000010279564e-06,1.0000000010279564e-06,1.00000000458067e-06,1.00000000458067e-06,-10.700182067785413,-10.700182067785406,1.3100631690576847e-14
133.0,1,5718.434500328678,0.7915505234805462,0.0454959229050758,0.04573703213964696,0.04549592290507554,0.791550523480536,1.0000000010279564e-06,1.0000000010279564e-06,1.0000000010279564e-06,1.0000000010279564e-06,1.0000000010279564e-06,-10.640481529552527,-10.64048152955231,1.021405182655144e-14
134.0,1,5733.633116267598,0.787809490025791,0.045225774446472314,0.04546174456820202,0.045225774446478365,0.787809490025772,1.00000000458067e-06,1.00000000458067e-06,1.00000000458067e-06,1.0000000010279564e-06,1.0000000010279564e-06,-10.581385512364683,-10.581385512364601,1.8984813721090177e-14
135.0,1,5748.711199116931,0.7841066850971724,0.04495913746619405,0.04519019164865682,0.04495913746618959,0.7841066850971743,1.0000000010279564e-06,1.0000000010279564e-06,1.00000000458067e-06,1.0000000081333837e-06,1.00000000458067e-06,-10.522885317038433,-10.522885317038341,4.461708780212348e-15
136.0,1,5763.67048456588,0.7804415370221752,0.04469592563498507,0.044922276028590516,0.044695925634999197,0.7804415370221556,1.0000000010279564e-06,1.00000000458067e-06,1.0000000010279564e-06,1.00000000458067e-06,1.0000000010279564e-06,-10.464972396735288,-10.464972396735117,1.965094753586527e-14
137.0,1,5778.512678105966,0.7768134852353308,0.04443605584674403,0.04465790414415812,0.044436055846739216,0.7768134852353391,1.0000000010279564e-06,1.0000000010279564e-06,1.0000000010279564e-06,1.0000000010279564e-06,9.999999974752427e-07,-10.407638354075011,-10.407638354074997,8.326672684688674e-15
138.0,1,5793.239455598204,0.7732219800108322,0.04417944806962559,0.044396986041461486,0.044179448069631554,0.7732219800108271,1.0000000010279564e-06,1.00000000458067e-06,9.999999974752427e-07,9.999999974752427e-07,9.999999974752427e-07,-10.350874938303207,-10.350874938303157,5.960509863456309e-15
139.0,1,5807.852463830071,0.7696664822031076,0.043926025204822076,0.04413943520717135,0.04392602520482832,0.7696664822031127,1.0000000010279564e-06,1.0000000010279564e-06,9.999999974752427e-07,1.0000000010279564e-06,1.0000000010279564e-06,-10.294674042507296,-10.294674042507285,6.2450045135165055e-15
140.0,1,5822.353321062944,0.766146462995196,0.04367571295269811,0.04388516840792717,0.04367571295268738,0.7661464629951898,1.0000000010279564e-06,1.0000000010279564e-06,1.00000000458067e-06,1.0000000010279564e-06,9.999999974752427e-07,-10.23902770088569,-10.239027700885764,1.0734468869344482e-14
141.0,1,5836.743617569607,0.7626614036545744,0.04342843968559208,0.04363410553799069,0.043428439685598334,0.7626614036545727,9.99999993922529e-07,1.0000000010279564e-06,1.0000000010279564e-06,9.999999974752427e-07,1.0000000010279564e-06,-10.183928086065876,-10.183928086065766,6.251943407420413e-15
142.0,1,5851.02491616124,0.7592107952961116,0.043184136327253264,0.04338616947475577,0.04318413632723354,0.7592107952961218,1.00000000458067e-06,1.00000000458067e-06,1.0000000010279564e-06,1.0000000010279564e-06,1.0000000010279564e-06,-10.12936750647139,-10.12936750647128,1.972727536880825e-14
143.0,1,5865.198752706264,0.755794138651998,0.04294273623818585,0.04314128594166922,0.04294273623819637,0.7557941386519824,1.0000000010279564e-06,1.0000000010279564e-06,1.0000000010279564e-06,9.999999974752427e-07,9.999999974752427e-07,-10.07533840373825,-10.075338403738343,1.554312234475219e-14
144.0,1,5879.266636638525,0.7524109438481267,0.04270417510710608,0.04289938337801772,0.04270417510710419,0.7524109438481245,9.999999974752427e-07,9.999999974752427e-07,9.999999974752427e-07,9.999999974752427e-07,9.99999993922529e-07,-10.021833350179413,-10.021833350179367,2.220446049250313e-15
145.0,1,5893.230051456633,0.7490607301871111,0.04246839084737733,0.04266039281560085,0.042468390847382985,0.7490607301871162,1.0000000010279564e-06,1.0000000010279564e-06,1.0000000010279564e-06,1.0000000010279564e-06,1.0000000010279564e-06,-9.96884504629481,-9.968845046294796,5.655198531684391e-15
146.0,1,5907.090455214277,0.7457430259372511,0.042235323499117,0.042424247761318847,0.04223532349911074,0.7457430259372512,1.00000000458067e-06,1.0000000010279564e-06,1.0000000010279564e-06,1.00000000458067e-06,1.0000000010279564e-06,-9.91636631832953,-9.916366318329583,6.265821195228227e-15
147.0,1,5920.849281001028,0.7424573681274999,0.042004915135820955,0.042190884085869886,0.042004915135835354,0.7424573681274986,1.0000000010279564e-06,9.999999974752427e-07,1.0000000010279564e-06,1.0000000010279564e-06,1.0000000010279564e-06,-9.864390115877885,-9.864390115877782,1.43982048506075e-14
148.0,1,5934.507937414773,0.7392033023482061,0.04177710977582328,0.04196023991809856,0.041777109775820484,0.7392033023482062,1.0000000010279564e-06,1.00000000458067e-06,1.0000000010279564e-06,9.999999974752427e-07,1.0000000010279564e-06,-9.812909509529678,-9.812909509529714,2.796374243274613e-15
149.0,1,5948.067809025148,0.7359803825572965,0.04155185329805424,0.041732255544368775,0.04155185329805697,0.7359803825572967,1.0000000010279564e-06,1.00000000458067e-06,1.0000000010279564e-06,1.0000000010279564e-06,1.0000000081333837e-06,-9.761917688566474,-9.761917688566314,2.7269853042355408e-15
150.0,1,5961.530256828224,0.7327881708918322,0.041329093361930865,0.0415068733133355,0.04132909336193324,0.732788170891828,1.0000000010279564e-06,1.00000000458067e-06,1.0000000010279564e-06,9.999999974752427e-07,9.999999974752427e-07,-9.711407958695098,-9.711407958695169,4.218847493575595e-15
151.0,1,5974.896618692407,0.7296262374846118,0.04110877933128825,0.04128403754500877,0.041108779331291895,0.7296262374845961,9.999999974752427e-07,1.0000000010279564e-06,1.0000000010279564e-06,9.999999974752427e-07,9.999999974752427e-07,-9.661373739828946,-9.661373739828967,1.5654144647214707e-14
152.0,1,5988.168209796677,0.7264941602858971,0.04089086220182917,0.04106369444473625,0.040890862201825376,0.7264941602858902,9.999999974752427e-07,1.0000000010279564e-06,1.00000000458067e-06,1.00000000458067e-06,1.0000000010279564e-06,-9.611808563909342,-9.611808563909232,6.8833827526759706e-15
153.0,1,6001.346323060008,0.7233915248898344,0.040675294532310446,0.04084579202107851,0.0406752945323067,0.7233915248898318,1.0000000010279564e-06,1.0000000010279564e-06,1.0000000010279564e-06,1.0000000010279564e-06,9.999999974752427e-07,-9.562706072769906,-9.56270607276986,3.747002708109903e-15
154.0,1,6014.4322295628435,0.7203179243654918,0.04046203037889872,0.04063028000805796,0.040462030378889215,0.7203179243655047,1.0000000010279564e-06,1.0000000010279564e-06,1.0000000010279564e-06,1.0000000010279564e-06,1.0000000010279564e-06,-9.514060016040283,-9.514060016040233,1.2878587085651816e-14
155.0,1,6027.427178960254,0.717272959092464,0.04025102523278863,0.0404171097908558,0.040251025232795695,0.7172729590924518,9.999999974752427e-07,1.0000000010279564e-06,1.00000000458067e-06,1.00000000458067e-06,9.999999974752427e-07,-9.465864249091915,-9.465864249091869,1.2212453270876722e-14
156.0,1,6040.332399888082,0.7142562366007227,0.04004223596084417,0.04020623433535381,0.040042235960848674,0.7142562366007135,9.999999974752427e-07,1.0000000010279564e-06,9.999999974752427e-07,9.999999974752427e-07,1.0000000010279564e-06,-9.418112731022397,-9.418112731022195,9.2148511043888e-15
157.0,1,6053.149100360066,0.7112673714147401,0.03983562074890908,0.03999760812111813,0.03983562074891719,0.7112673714147397,9.99999993922529e-07,9.999999974752427e-07,1.0000000010279564e-06,9.999999974752427e-07,9.999999974752427e-07,-9.37079952267905,-9.370799522678997,8.104628079763643e-15
158.0,1,6065.878468158431,0.7083059849016324,0.039631139048011736,0.03979118707753406,0.03963113904800584,0.708305984901634,1.00000000458067e-06,9.999999974752427e-07,1.00000000458067e-06,1.0000000010279564e-06,1.00000000458067e-06,-9.323918784721606,-9.32391878472161,5.898059818321144e-15
159.0,1,6078.521671216404,0.705371705123219,0.03942875152303666,0.03958692852293675,0.03942875152303291,0.7053717051232221,9.999999974752427e-07,1.0000000010279564e-06,1.0000000010279564e-06,1.0000000010279564e-06,1.0000000010279564e-06,-9.277464775721654,-9.277464775721523,3.7539416020138106e-15
160.0,1,6091.079857993545,0.7024641666919563,0.03922842000377744,0.039384791106913605,0.03922842000377812,0.7024641666919608,1.0000000010279564e-06,1.00000000458067e-06,1.0000000010279564e-06,1.0000000010279564e-06,1.0000000010279564e-06,-9.231431850298222,-9.23143185029829,4.440892098500626e-15
161.0,1,6103.554157844022,0.6995830106304913,0.03903010743840021,0.03918473475515087,0.039030107438397875,0.6995830106304843,9.999999974752427e-07,9.999999974752427e-07,1.0000000010279564e-06,1.0000000010279564e-06,9.999999974752427e-07,-9.185814457294189,-9.185814457294054,6.994405055138486e-15
162.0,1,6115.94568137691,0.6967278842347652,0.03883377784896591,0.03898672061695917,0.0388337778489655,0.6967278842347665,1.0000000010279564e-06,1.0000000010279564e-06,1.0000000010279564e-06,9.999999974752427e-07,1.0000000010279564e-06,-9.14060713798144,-9.140607137981515,1.3322676295501878e-15
163.0,1,6128.255520810809,0.6938984409406961,0.03863939628912776,0.03879071101539614,0.038639396289119395,0.6938984409407057,1.00000000458067e-06,1.0000000010279564e-06,1.0000000010279564e-06,1.0000000010279564e-06,1.0000000010279564e-06,-9.095804524308335,-9.095804524308125,9.658940314238862e-15
164.0,1,6140.484750320535,0.6910943401941558,0.038446928803714524,0.038596669399517836,0.038446928803712824,0.6910943401941515,1.0000000010279564e-06,1.00000000458067e-06,1.00000000458067e-06,1.0000000010279564e-06,1.00000000458067e-06,-9.051401337176276,-9.051401337176362,4.3298697960381105e-15
165.0,1,6152.634426377501,0.6883152473241241,0.03825634239023649,0.038404560299162144,0.03825634239023261,0.6883152473241236,9.99999993922529e-07,1.0000000010279564e-06,1.0000000010279564e-06,1.0000000010279564e-06,1.0000000010279564e-06,-9.007392384754624,-9.007392384754496,3.878841692284141e-15
166.0,1,6164.705588083047,0.6855608334191501,0.03806760496212417,0.038214349281577194,0.03806760496212731,0.6855608334191289,1.0000000010279564e-06,9.99999993922529e-07,1.0000000010279564e-06,1.0000000010279564e-06,1.0000000010279564e-06,-8.963772560824353,-8.963772560824058,2.120525977034049e-14
167.0,1,6176.699257495681,0.6828307752067083,0.03788068531365272,0.03802600291034058,0.037880685313656584,0.6828307752067031,1.00000000458067e-06,1.0000000010279564e-06,1.0000000010279564e-06,1.0000000010279564e-06,1.0000000010279564e-06,-8.920536843157837,-8.920536843157898,5.218048215738236e-15
168.0,1,6188.6164399520185,0.6801247549357715,0.037695553086518556,0.03783948870590101,0.0376955530865171,0.6801247549357724,1.0000000010279564e-06,1.00000000458067e-06,1.0000000010279564e-06,1.0000000010279564e-06,1.00000000458067e-06,-8.877680291931089,-8.877680291931071,1.457167719820518e-15
169.0,1,6200.45812438074,0.6774424602619941,0.03751217873783646,0.037654775108209346,0.037512178737835515,0.6774424602619918,9.99999993922529e-07,1.0000000010279564e-06,9.99999993922529e-07,1.0000000010279564e-06,9.99999993922529e-07,-8.83519804816363,-8.835198048163626,2.220446049250313e-15
170.0,1,6212.225283611041,0.6747835841358837,0.037330533509665274,0.03747183144092285,0.037330533509659466,0.6747835841358784,1.0000000010279564e-06,1.0000000010279564e-06,1.0000000010279564e-06,1.0000000010279564e-06,1.0000000010279564e-06,-8.793085332194039,-8.793085332194071,5.80785419757035e-15
171.0,1,6223.91887467457,0.6721478246936324,0.037150589399839444,0.03729062787728854,0.0371505893998381,0.6721478246936284,9.999999974752427e-07,1.0000000010279564e-06,1.0000000010279564e-06,1.0000000010279564e-06,9.999999974752427e-07,-8.751337442182937,-8.75133744218294,3.9968028886505635e-15
172.0,1,6235.539839101519,0.6695348851505581,0.0369723191342293,0.03711113540751905,0.036972319134232885,0.6695348851505581,1.00000000458067e-06,1.00000000458067e-06,1.0000000010279564e-06,1.00000000458067e-06,1.0000000010279564e-06,-8.709949752646391,-8.709949752646299,3.587408148320037e-15
173.0,1,6247.089103211145,0.666944473697239,0.036795696139987566,0.03693332580789866,0.03679569613998504,0.6669444736972354,9.999999974752427e-07,1.0000000010279564e-06,1.0000000010279564e-06,1.0000000010279564e-06,1.0000000010279564e-06,-8.668917713018768,-8.668917713018754,3.552713678800501e-15
174.0,1,6258.567578396145,0.6643763033979729,0.036620694520279204,0.03675717161088456,0.03662069452028102,0.664376303397972,9.999999974752427e-07,9.999999974752427e-07,1.0000000010279564e-06,1.0000000010279564e-06,1.0000000010279564e-06,-8.628236846245265,-8.628236846245208,1.817990202823694e-15
175.0,1,6269.9761614016725,0.6618300920918171,0.036447289029902734,0.036582646076948604,0.03644728902990048,0.6618300920918134,9.999999974752427e-07,1.0000000010279564e-06,1.0000000010279564e-06,1.0000000010279564e-06,1.00000000458067e-06,-8.587902747401053,-8.587902747400967,3.6637359812630166e-15
176.0,1,6281.315734598423,0.6593055622958416,0.036275455052073614,0.03640972316744967,0.03627545505207318,0.6593055622958397,1.00000000458067e-06,1.0000000010279564e-06,1.0000000010279564e-06,9.999999974752427e-07,1.0000000010279564e-06,-8.547911082337968,-8.547911082337947,1.887379141862766e-15
177.0,1,6292.587166250705,0.6568024411108021,0.03610516857623423,0.03623837751875349,0.03610516857623328,0.6568024411107917,1.0000000010279564e-06,1.0000000010279564e-06,9.999999974752427e-07,9.999999974752427e-07,9.999999974752427e-07,-8.50825758636029,-8.508257586360191,1.0436096431476471e-14
178.0,1,6303.791310779384,0.654320460128989,0.035936406176730946,0.036068584417638994,0.03593640617673238,0.6543204601289835,1.00000000458067e-06,1.0000000010279564e-06,1.0000000010279564e-06,1.0000000010279564e-06,1.00000000458067e-06,-8.468938062925172,-8.468938062924984,5.551115123125783e-15
179.0,1,6314.929009018764,0.6518593553442228,0.03576914499255924,0.03590031977756407,0.03576914499256243,0.651859355344212,9.999999974752427e-07,1.00000000458067e-06,1.00000000458067e-06,1.0000000010279564e-06,1.00000000458067e-06,-8.429948382369599,-8.429948382369478,1.0769163338864018e-14
180.0,1,6326.001088469011,0.6494188670639631,0.03560336270784755,0.03573356011616415,0.03560336270784278,0.6494188670639626,9.999999974752427e-07,9.999999974752427e-07,1.0000000010279564e-06,9.999999974752427e-07,1.0000000010279564e-06,-8.391284480663721,-8.39128448066375,4.773959005888173e-15
181.0,1,6337.008363543728,0.6469987398235568,0.03543903753321044,0.0355682825336924,0.0354390375332165,0.6469987398235564,1.0000000010279564e-06,1.0000000010279564e-06,9.999999974752427e-07,9.999999974752427e-07,9.999999974752427e-07,-8.352942358188454,-8.352942358188372,6.05765437811101e-15
182.0,1,6347.951635811484,0.6445987223023016,0.03527614818796215,0.03540446469233488,0.03527614818796906,0.644598722302286,1.0000000010279564e-06,1.0000000010279564e-06,1.00000000458067e-06,1.0000000010279564e-06,1.0000000010279564e-06,-8.314918078537186,-8.314918078537072,1.5654144647214707e-14
183.0,1,6358.831694234105,0.6422185672416303,0.035114673882980625,0.035242084796489125,0.035114673882982554,0.6422185672416235,1.00000000458067e-06,1.0000000010279564e-06,1.0000000081333837e-06,1.00000000458067e-06,1.0000000081333837e-06,-8.277207767342837,-8.277207767342848,6.772360450213455e-15
184.0,1,6369.649315398799,0.6398580313650977,0.03495459430434622,0.03508112157389196,0.0349545943043445,0.6398580313651021,1.00000000458067e-06,9.999999974752427e-07,1.0000000010279564e-06,1.0000000010279564e-06,9.999999974752427e-07,-8.239807611128029,-8.239807611128139,4.440892098500626e-15
185.0,1,6380.405263746603,0.6375168753002279,0.03479588959767616,0.03492155425750993,0.03479588959767755,0.6375168753002279,9.999999974752427e-07,1.00000000458067e-06,1.0000000010279564e-06,1.0000000010279564e-06,1.00000000458067e-06,-8.202713856178107,-8.202713856178054,1.3877787807814457e-15
186.0,1,6391.100291795647,0.6351948635021217,0.03463854035305523,0.03476336256827774,0.03463854035305592,0.6351948635021231,1.0000000010279564e-06,9.999999974752427e-07,1.0000000010279564e-06,1.0000000010279564e-06,9.999999974752427e-07,-8.165922807436182,-8.16592280743631,1.3322676295501878e-15
187.0,1,6401.735140360388,0.632891764178862,0.03448252759065084,0.03460652669849115,0.03448252759064926,0.6328917641788627,1.0000000010279564e-06,1.00000000458067e-06,1.00000000458067e-06,1.0000000010279564e-06,9.999999974752427e-07,-8.129430827423018,-8.129430827422958,1.582067810090848e-15
188.0,1,6412.310538766124,0.6306073492185722,0.03432783274687832,0.03445102729594742,0.034327832746873295,0.6306073492185638,1.0000000010279564e-06,1.00000000458067e-06,1.00000000458067e-06,1.00000000458067e-06,1.0000000081333837e-06,-8.093234335174895,-8.093234335174898,8.43769498715119e-15
189.0,1,6422.827205059235,0.6283413941181043,0.03417443766112751,0.03429684544878166,0.03417443766112067,0.6283413941181114,1.0000000010279564e-06,1.0000000010279564e-06,1.00000000458067e-06,1.00000000458067e-06,1.00000000458067e-06,-8.057329805206258,-8.057329805206177,7.105427357601002e-15
190.0,1,6433.285846214161,0.626093677913519,0.034022324563085606,0.03414396267083544,0.03402232456307939,0.6260936779135144,9.999999974752427e-07,1.0000000010279564e-06,1.0000000010279564e-06,9.999999974752427e-07,1.0000000010279564e-06,-8.021713766491967,-8.02171376649195,6.217248937900877e-15
191.0,1,6443.687158334148,0.6238639831117766,0.033871476060485635,0.033992360887758324,0.033871476060495155,0.6238639831117664,1.00000000458067e-06,1.0000000010279564e-06,9.999999974752427e-07,9.999999974752427e-07,9.999999974752427e-07,-7.986382801468412,-7.98638280146837,1.021405182655144e-14
192.0,1,6454.031826850474,0.621652095624381,0.03372187512740078,0.03384202242362129,0.03372187512740206,0.6216520956243768,1.0000000010279564e-06,1.0000000010279564e-06,1.0000000010279564e-06,1.0000000010279564e-06,1.0000000010279564e-06,-7.951333545057903,-7.951333545057885,4.107825191113079e-15
193.0,1,6464.320526715521,0.6194578047021475,0.03357350509300866,0.033692929988041784,0.03357350509299904,0.6194578047021492,9.999999974752427e-07,1.0000000010279564e-06,1.00000000458067e-06,1.00000000458067e-06,1.0000000081333837e-06,-7.9165626837098735,-7.916562683709877,9.617306950815419e-15
194.0,1,6474.553922593882,0.6172809028717071,0.033426349630754235,0.03354506666391579,0.03342634963075406,0.6172809028717103,1.00000000458067e-06,9.999999974752427e-07,1.0000000010279564e-06,1.0000000010279564e-06,1.0000000010279564e-06,-7.8820669544637845,-7.882066954463806,3.219646771412954e-15
195.0,1,6484.732669047818,0.6151211858731835,0.0332803927480067,0.03339841589564085,0.03328039274800712,0.6151211858731758,1.00000000458067e-06,1.00000000458067e-06,1.00000000458067e-06,9.999999974752427e-07,1.0000000010279564e-06,-7.8478431440281575,-7.847843144028026,7.771561172376096e-15
196.0,1,6494.857410720549,0.6129784525994249,0.0331356187760738,0.03325296147770231,0.03313561877606663,0.6129784525994156,9.999999974752427e-07,9.999999974752427e-07,1.0000000010279564e-06,1.0000000010279564e-06,9.999999974752427e-07,-7.813888087880578,-7.813888087880343,9.2148511043888e-15
197.0,1,6504.9287825149595,0.6108525050365154,0.03299201236056371,0.0331086875439055,0.0329920123605614,0.6108525050365169,1.00000000458067e-06,1.00000000458067e-06,1.0000000010279564e-06,1.0000000010279564e-06,1.0000000081333837e-06,-7.780198669384479,-7.780198669384461,2.310651670001107e-15
198.0,1,6514.947409769077,0.608743148205585,0.03284955845226785,0.03296557855683871,0.03284955845226502,0.6087431482055843,1.0000000081333837e-06,1.0000000010279564e-06,1.00000000458067e-06,1.0000000010279564e-06,9.999999974752427e-07,-7.74677181892412,-7.746771818924081,2.831068712794149e-15
199.0,1,6524.91390842806,0.6066501901059114,0.03270824229820645,0.03282361929791388,0.03270824229820561,0.6066501901059055,1.00000000458067e-06,1.00000000458067e-06,1.00000000458067e-06,1.0000000010279564e-06,1.0000000010279564e-06,-7.713604513057195,-7.713604513057213,5.88418203051333e-15
200.0,1,6534.8288852125115,0.6045734416592403,0.03256804943313213,0.03268279485776128,0.03256804943313849,0.60457344165923,1.0000000010279564e-06,1.00000000458067e-06,1.0000000010279564e-06,9.999999974752427e-07,1.0000000010279564e-06,-7.680693773682723,-7.68069377368267,1.0325074129013956e-14
201.0,1,6544.692937783779,0.6025127166553986,0.032428965671342076,0.03254309062688029,0.03242896567133755,0.6025127166553953,1.0000000010279564e-06,1.0000000010279564e-06,1.00000000458067e-06,1.0000000010279564e-06,9.999999974752427e-07,-7.64803666722851,-7.648036667228343,4.524158825347513e-15
202.0,1,6554.506654905774,0.6004678316989993,0.032290977098749916,0.03240449228683863,0.03229097709874754,0.6004678316989962,9.99999993922529e-07,1.0000000010279564e-06,9.999999974752427e-07,9.999999974752427e-07,1.0000000010279564e-06,-7.615630303852125,-7.615630303852164,3.1086244689504383e-15
203.0,1,6564.2706166035705,0.5984386061573369,0.03215407006531458,0.03226698580171407,0.03215407006531373,0.5984386061573296,1.0000000010279564e-06,1.0000000010279564e-06,1.0000000010279564e-06,1.0000000010279564e-06,1.0000000010279564e-06,-7.583471836660717,-7.583471836660557,7.327471962526033e-15
204.0,1,6573.985394318674,0.5964248621094005,0.032018231177720693,0.032130557409812785,0.03201823117772384,0.5964248621093958,1.0000000010279564e-06,1.00000000458067e-06,1.0000000010279564e-06,1.00000000458067e-06,1.0000000081333837e-06,-7.551558460942058,-7.5515584609420685,4.6629367034256575e-15
205.0,1,6583.6515510618665,0.5944264242960703,0.031883447292271494,0.03199519361587671,0.031883447292275026,0.5944264242960658,1.0000000010279564e-06,1.0000000010279564e-06,9.999999974752427e-07,9.999999974752427e-07,9.99999993922529e-07,-7.519887413416793,-7.5198874134168,4.440892098500626e-15
206.0,1,6593.26964156193,0.5924431200711889,0.03174970550819123,0.03186088118336377,0.03174970550819554,0.5924431200711829,9.999999974752427e-07,1.0000000010279564e-06,9.999999974752427e-07,1.00000000458067e-06,1.0000000010279564e-06,-7.488455971500297,-7.4884559715002155,5.995204332975845e-15
207.0,1,6602.840212412468,0.5904747793539066,0.031616993160989676,0.031727607127211926,0.03161699316098334,0.5904747793539071,1.00000000458067e-06,1.0000000010279564e-06,9.999999974752427e-07,9.999999974752427e-07,9.99999993922529e-07,-7.457261452582561,-7.457261452582472,6.3352101342672995e-15
208.0,1,6612.363802215493,0.5885212345819094,0.03148529781619439,0.03159535870677876,0.03148529781619142,0.5885212345819053,1.00000000458067e-06,1.0000000010279564e-06,1.0000000010279564e-06,9.999999974752427e-07,1.0000000010279564e-06,-7.426301213321146,-7.426301213321143,4.107825191113079e-15
209.0,1,6621.840941721362,0.5865823206656318,0.031354607263255695,0.03146412341903483,0.031354607263261024,0.5865823206656324,1.0000000010279564e-06,1.00000000458067e-06,1.00000000458067e-06,1.0000000010279564e-06,1.00000000458067e-06,-7.395572648948114,-7.395572648948118,5.329070518200751e-15
210.0,1,6631.27215396748,0.5846578749435458,0.031224909509704555,0.031333888992068674,0.03122490950970415,0.5846578749435445,1.00000000458067e-06,1.00000000458067e-06,1.0000000010279564e-06,9.999999974752427e-07,1.0000000010279564e-06,-7.365073192591588,-7.3650731925915345,1.3322676295501878e-15
211.0,1,6640.657954412687,0.5827477371382879,0.031096192775446646,0.031204643378734007,0.031096192775445775,0.5827477371382825,1.0000000010279564e-06,1.0000000010279564e-06,1.00000000458067e-06,1.0000000010279564e-06,1.0000000010279564e-06,-7.334800314610067,-7.3348003146099146,5.329070518200751e-15
212.0,1,6649.998851070384,0.5808517493137995,0.03096844548729585,0.031076374750714755,0.03096844548729193,0.5808517493138007,1.0000000010279564e-06,1.00000000458067e-06,1.00000000458067e-06,1.0000000010279564e-06,1.0000000010279564e-06,-7.304751521939835,-7.304751521939732,3.920475055707584e-15
213.0,1,6659.295344637864,0.5789697558333049,0.030841656273756648,0.030949071492524762,0.03084165627374662,0.5789697558333081,1.00000000458067e-06,1.0000000010279564e-06,1.00000000458067e-06,1.00000000458067e-06,1.00000000458067e-06,-7.274924357456218,-7.274924357456179,1.0026701691145945e-14
214.0,1,6668.547928623525,0.5771016033181793,0.030715813959857396,0.030822722195992636,0.0307158139598547,0.5771016033181767,1.0000000010279564e-06,1.0000000010279564e-06,1.0000000010279564e-06,1.0000000010279564e-06,9.999999974752427e-07,-7.245316399346212,-7.245316399346194,2.6957602816679582e-15
215.0,1,6677.757089472395,0.5752471406077441,0.030590907562304998,0.030697315654772316,0.03059090756230375,0.5752471406077391,1.0000000010279564e-06,1.0000000010279564e-06,1.0000000010279564e-06,1.0000000010279564e-06,1.0000000010279564e-06,-7.215925260495265,-7.215925260495226,4.9960036108132044e-15
216.0,1,6686.923306687331,0.573406218719785,0.030466926284666553,0.030572840859123658,0.030466926284667,0.5734062187197821,1.0000000010279564e-06,1.0000000010279564e-06,1.0000000010279564e-06,9.999999974752427e-07,1.0000000010279564e-06,-7.186748587883386,-7.186748587883425,2.886579864025407e-15
217.0,1,6696.047052950088,0.5715786908120489,0.030343859512803543,0.030449286990865604,0.030343859512802943,0.5715786908120483,1.0000000010279564e-06,1.0000000010279564e-06,1.0000000010279564e-06,9.999999974752427e-07,1.0000000010279564e-06,-7.157784061997081,-7.157784061997049,6.661338147750939e-16
218.0,1,6705.128794237968,0.5697644121443615,0.030221696810458904,0.030326643418440834,0.030221696810460184,0.5697644121443461,9.999999974752427e-07,1.0000000010279564e-06,1.0000000010279564e-06,1.00000000458067e-06,9.999999974752427e-07,-7.12902939624885,-7.1290293962486935,1.532107773982716e-14
219.0,1,6714.168989939535,0.5679632400416297,0.0301004279149139,0.030204899692314262,0.030100427914900797,0.567963240041636,9.999999974752427e-07,9.999999974752427e-07,1.0000000010279564e-06,9.999999974752427e-07,1.00000000458067e-06,-7.100482336410671,-7.100482336410643,1.3104101137528801e-14
220.0,1,6723.168092967371,0.5661750338576705,0.02998004273285544,0.030084045540280855,0.029980042732857554,0.5661750338576758,9.99999993922529e-07,1.0000000010279564e-06,9.999999974752427e-07,9.999999974752427e-07,1.0000000010279564e-06,-7.0721406600577765,-7.072140660057897,5.218048215738236e-15
221.0,1,6732.126549869342,0.5643996549396179,0.029860531336414718,0.029964070863192603,0.029860531336415228,0.5643996549396251,9.999999974752427e-07,9.999999974752427e-07,1.0000000010279564e-06,1.0000000010279564e-06,1.0000000010279564e-06,-7.044002176024009,-7.044002176024094,7.216449660063518e-15
222.0,1,6741.044800936643,0.5626369665932011,0.029741883959175323,0.0298449657306746,0.02974188395917451,0.5626369665932056,1.00000000458067e-06,1.0000000010279564e-06,1.00000000458067e-06,1.0000000081333837e-06,1.0000000081333837e-06,-7.016064723866101,-7.016064723866052,4.551914400963142e-15
223.0,1,6749.923280310792,0.5608868340486554,0.029624090992524717,0.02972672037696954,0.02962409099252481,0.5608868340486604,9.999999974752427e-07,9.999999974752427e-07,9.999999974752427e-07,9.99999993922529e-07,9.99999993922529e-07,-6.988326173340457,-6.988326173340489,4.9960036108132044e-15
224.0,1,6758.762416087778,0.5591491244273888,0.029507142981910307,0.029609325197078595,0.029507142981914314,0.5591491244273824,1.00000000458067e-06,9.999999974752427e-07,1.0000000010279564e-06,1.00000000458067e-06,1.0000000010279564e-06,-6.960784423889223,-6.960784423889198,6.439293542825908e-15
225.0,1,6767.562630420381,0.5574237067092405,0.02939103062339305,0.029492770742806037,0.02939103062339154,0.5574237067092366,9.999999974752427e-07,9.999999974752427e-07,9.999999974752427e-07,1.0000000010279564e-06,1.0000000010279564e-06,-6.933437404135919,-6.933437404135848,3.885780586188048e-15
226.0,1,6776.324339619179,0.5557104517005157,0.02927574476021696,0.02937704771910121,0.02927574476021527,0.5557104517005136,1.0000000010279564e-06,1.0000000010279564e-06,1.00000000458067e-06,1.0000000010279564e-06,1.0000000010279564e-06,-6.906283071392,-6.906283071391968,2.1094237467877974e-15
227.0,1,6785.047954250395,0.5540092320025783,0.0291612763794398,0.02926214698053162,0.029161276379437405,0.5540092320025757,1.0000000010279564e-06,1.0000000010279564e-06,1.00000000458067e-06,1.00000000458067e-06,1.0000000010279564e-06,-6.879319411172471,-6.879319411172364,2.6645352591003757e-15
228.0,1,6793.733879232792,0.5523199219811059,0.029047616608802083,0.029148059527699416,0.029047616608796248,0.5523199219811037,1.0000000010279564e-06,1.0000000010279564e-06,1.0000000010279564e-06,9.999999974752427e-07,1.0000000010279564e-06,-6.852544436719885,-6.852544436719832,5.835609773185979e-15
229.0,1,6802.382513932577,0.5506423977359868,0.0289347567135786,0.029034776503942768,0.028934756713575743,0.5506423977359863,1.00000000458067e-06,1.0000000010279564e-06,1.00000000458067e-06,1.0000000010279564e-06,1.00000000458067e-06,-6.825956188539813,-6.825956188539774,2.858824288409778e-15
230.0,1,6810.994252255627,0.5489765370717571,0.028822688093571917,0.028922289192066013,0.028822688093561213,0.5489765370717614,1.0000000010279564e-06,9.999999974752427e-07,9.999999974752427e-07,1.0000000010279564e-06,1.0000000010279564e-06,-6.79955273394301,-6.799552733942928,1.07032438467769e-14
231.0,1,6819.56948273929,0.5473222194687241,0.028711402280170308,0.028810589011184662,0.028711402280172982,0.5473222194687158,1.0000000010279564e-06,1.00000000458067e-06,1.00000000458067e-06,1.0000000010279564e-06,1.00000000458067e-06,-6.773332166597786,-6.7733321665977435,8.215650382226158e-15
232.0,1,6828.108588641531,0.545679326054551,0.028600890933576296,0.028699667513668075,0.028600890933563407,0.5456793260545603,1.0000000010279564e-06,1.0000000010279564e-06,1.0000000010279564e-06,1.0000000010279564e-06,9.999999974752427e-07,-6.74729260609055,-6.747292606090486,1.2888995426507677e-14
233.0,1,6836.611948028526,0.5440477395765806,0.028491145839929906,0.02858951638219231,0.028491145839926606,0.5440477395765682,1.0000000010279564e-06,1.0000000010279564e-06,1.0000000010279564e-06,9.999999974752427e-07,1.0000000010279564e-06,-6.721432197495293,-6.72143219749513,1.2434497875801753e-14
234.0,1,6845.079933860518,0.542427344374433,0.028382158908767417,0.02848012742684599,0.028382158908768943,0.5424273443744356,1.0000000010279564e-06,1.0000000010279564e-06,1.00000000458067e-06,1.0000000010279564e-06,9.99999993922529e-07,-6.695749110949762,-6.695749110949951,2.6645352591003757e-15
235.0,1,6853.51291407645,0.5408180263534677,0.02827392217037604,0.028371492582346603,0.028273922170375453,0.5408180263534682,1.0000000010279564e-06,1.0000000010279564e-06,1.0000000010279564e-06,9.999999974752427e-07,1.0000000010279564e-06,-6.670241541242579,-6.670241541242497,5.863365348801608e-16
236.0,1,6861.911251676208,0.5392196729585008,0.02816642777322661,0.02826360390540046,0.028166427773216526,0.5392196729585044,1.00000000458067e-06,1.0000000010279564e-06,1.0000000010279564e-06,9.999999974752427e-07,9.999999974752427e-07,-6.644907707404663,-6.644907707404634,1.0082212842377203e-14
237.0,1,6870.275304802393,0.5376321731482351,0.028059667981570717,0.028156453572016606,0.028059667981570228,0.5376321731482351,9.999999974752427e-07,9.999999974752427e-07,1.0000000010279564e-06,1.0000000010279564e-06,1.0000000081333837e-06,-6.619745852312075,-6.619745852312015,4.891920202254596e-16
238.0,1,6878.605426819429,0.5360554173700307,0.027953635173121008,0.028050033874948154,0.0279536351731182,0.5360554173700306,1.0000000081333837e-06,1.0000000010279564e-06,1.00000000458067e-06,1.0000000010279564e-06,9.999999974752427e-07,-6.594754242293664,-6.5947542422936145,2.806782584130474e-15
239.0,1,6886.901966391778,0.5344892975352916,0.027848321836609267,0.027944337221353466,0.027848321836608375,0.5344892975352886,1.0000000010279564e-06,9.999999974752427e-07,9.999999974752427e-07,9.999999974752427e-07,9.999999974752427e-07,-6.569931166747633,-6.569931166747651,2.9976021664879227e-15
240.0,1,6895.1652675606465,0.5329337069952881,0.027743720569644564,0.02783935613024794,0.027743720569642562,0.5329337069952846,9.999999974752427e-07,1.0000000010279564e-06,1.0000000010279564e-06,1.00000000458067e-06,9.999999974752427e-07,-6.545274937764912,-6.545274937764951,3.4416913763379853e-15
241.0,1,6903.395669819189,0.5313885405174282,0.027639824076490856,0.027735083230278967,0.027639824076489024,0.5313885405174354,9.99999993922529e-07,1.0000000010279564e-06,1.0000000010279564e-06,1.0000000010279564e-06,1.0000000010279564e-06,-6.520783889759606,-6.520783889759567,7.216449660063518e-15
242.0,1,6911.593508185829,0.5298536942620165,0.027536625165943865,0.027631511257440577,0.02753662516594645,0.5298536942620128,1.0000000010279564e-06,9.99999993922529e-07,9.99999993922529e-07,1.0000000010279564e-06,1.0000000010279564e-06,-6.496456379106569,-6.496456379106657,3.6637359812630166e-15
243.0,1,6919.759113277447,0.5283290657594669,0.0274341167492836,0.027528633052862114,0.027434116749283585,0.5283290657594655,1.00000000458067e-06,1.0000000010279564e-06,1.0000000010279564e-06,1.0000000010279564e-06,9.999999974752427e-07,-6.4722907837863985,-6.472290783786349,1.4432899320127035e-15
244.0,1,6927.892811379555,0.5268145538879478,0.027332291838205618,0.027426441560736828,0.02733229183820871,0.5268145538879427,1.00000000458067e-06,1.0000000010279564e-06,1.0000000010279564e-06,1.0000000010279564e-06,1.0000000010279564e-06,-6.448285503035102,-6.448285503035095,5.10702591327572e-15
245.0,1,6935.994924516559,0.5253100588514319,0.027231143542963677,0.027324929826158743,0.027231143542961102,0.5253100588514331,1.00000000458067e-06,1.0000000010279564e-06,1.0000000010279564e-06,1.0000000010279564e-06,1.00000000458067e-06,-6.424438957003478,-6.424438957003382,2.5743296383495817e-15
246.0,1,6944.065770519644,0.5238154821582193,0.02713066507036407,0.027224090993187584,0.027130665070363942,0.5238154821582136,1.0000000010279564e-06,1.0000000010279564e-06,1.0000000010279564e-06,9.999999974752427e-07,1.00000000458067e-06,-6.400749586419668,-6.400749586419675,5.662137425588298e-15
247.0,1,6952.105663094328,0.5223307265998197,0.02703084972198292,0.027123918302844347,0.027030849721990317,0.5223307265998125,1.0000000010279564e-06,1.0000000010279564e-06,9.999999974752427e-07,1.0000000010279564e-06,1.0000000010279564e-06,-6.377215852260811,-6.377215852260786,7.396860901565105e-15
248.0,1,6960.114911885873,0.5208556962302667,0.026931690892328164,0.027024405091242886,0.02693169089233016,0.5208556962302633,1.0000000010279564e-06,1.0000000010279564e-06,1.0000000010279564e-06,1.0000000010279564e-06,9.999999974752427e-07,-6.353836235428133,-6.353836235428016,3.4416913763379853e-15
249.0,1,6968.093822544354,0.5193902963458499,0.026833182067069212,0.026925544787713033,0.0268331820670676,0.5193902963458512,1.0000000010279564e-06,1.0000000010279564e-06,1.00000000458067e-06,1.00000000458067e-06,1.0000000081333837e-06,-6.330609236430675,-6.330609236430636,1.6132928326584306e-15
250.0,1,6976.04269678769,0.5179344334651663,0.026735316821359625,0.026827330912982495,0.026735316821363306,0.5179344334651586,1.00000000458067e-06,9.999999974752427e-07,1.0000000010279564e-06,1.0000000010279564e-06,1.0000000010279564e-06,-6.307533375073202,-6.307533375073213,7.771561172376096e-15
251.0,1,6983.96183246412,0.516488015309593,0.026638088818138037,0.026729757077471827,0.026638088818131914,0.5164880153095928,1.0000000010279564e-06,1.00000000458067e-06,1.0000000010279564e-06,1.00000000458067e-06,9.999999974752427e-07,-6.284607190150691,-6.284607190150673,6.123573870198129e-15
252.0,1,6991.851523613221,0.515050950784131,0.026541491806528084,0.026632816979514272,0.02654149180652596,0.5150509507841294,1.00000000458067e-06,1.00000000458067e-06,1.00000000458067e-06,1.0000000010279564e-06,1.0000000010279564e-06,-6.261829239147328,-6.2618292391473,2.123301534595612e-15
253.0,1,6999.712060525844,0.5136231499586148,0.02644551962021464,0.02653650440374354,0.02644551962020728,0.513623149958618,1.0000000081333837e-06,1.0000000010279564e-06,1.0000000010279564e-06,1.0000000010279564e-06,1.0000000010279564e-06,-6.239198097943309,-6.23919809794323,7.36216643204557e-15
254.0,1,7007.543729803257,0.5122045240492424,0.026350166175905826,0.026440813219505508,0.02635016617590551,0.512204524049245,9.999999974752427e-07,1.0000000010279564e-06,1.0000000010279564e-06,1.0000000010279564e-06,1.0000000010279564e-06,-6.216712360524571,-6.216712360524468,2.55351295663786e-15
255.0,1,7015.3468144143435,0.5107949854004532,0.026255425471878452,0.026345737379158442,0.02625542547187687,0.5107949854004518,1.0000000010279564e-06,1.0000000010279564e-06,1.0000000010279564e-06,1.0000000010279564e-06,1.0000000010279564e-06,-6.1943706386992154,-6.194370638699205,1.582067810090848e-15
256.0,1,7023.121593752825,0.5093944474672032,0.026161291586412044,0.0262512709166536,0.026161291586408727,0.5093944474672014,1.0000000010279564e-06,1.0000000010279564e-06,1.0000000010279564e-06,1.0000000010279564e-06,1.00000000458067e-06,-6.172171561819187,-6.172171561819198,3.316791286067655e-15
257.0,1,7030.868343693038,0.5080028247974873,0.02606775867645386,0.026157407945978872,0.026067758676445806,0.5080028247974923,1.0000000010279564e-06,1.0000000010279564e-06,1.00000000458067e-06,1.00000000458067e-06,1.0000000010279564e-06,-6.150113776506657,-6.150113776506679,8.056055822436292e-15
258.0,1,7038.5873366442565,0.5066200330152809,0.0259748209761203,0.02606414265971881,0.025974820976118917,0.5066200330152817,1.0000000010279564e-06,1.0000000010279564e-06,1.00000000458067e-06,9.999999974752427e-07,1.0000000010279564e-06,-6.128195946385365,-6.128195946385304,1.3808398868775384e-15
259.0,1,7046.278841604361,0.5052459888036873,0.02588247279540757,0.025971469327587787,0.025882472795404208,0.5052459888036833,1.0000000010279564e-06,1.0000000010279564e-06,1.0000000010279564e-06,1.0000000010279564e-06,1.00000000458067e-06,-6.106416751816628,-6.106416751816607,3.9968028886505635e-15
260.0,1,7053.943124212878,0.5038806098884729,0.02579070851881709,0.025879382295104017,0.025790708518809484,0.50388060988847,1.00000000458067e-06,1.00000000458067e-06,1.00000000458067e-06,9.999999974752427e-07,1.0000000010279564e-06,-6.084774889641267,-6.084774889641267,7.605027718682322e-15
261.0,1,7061.580446802446,0.5025238150219079,0.025699522604051422,0.025787875982175603,0.02569952260404329,0.5025238150219133,1.0000000010279564e-06,1.0000000010279564e-06,1.0000000010279564e-06,9.999999974752427e-07,1.00000000458067e-06,-6.063269072925021,-6.063269072924978,8.132383655379272e-15
262.0,1,7069.19106844989,0.501175523966878,0.025608909580768002,0.02569694488179784,0.025608909580765057,0.5011755239668735,1.0000000010279564e-06,1.0000000010279564e-06,9.999999974752427e-07,1.0000000010279564e-06,9.999999974752427e-07,-6.041898030708918,-6.041898030708875,4.551914400963142e-15
263.0,1,7076.775245025817,0.49983565748126296,0.025518864049297436,0.025606583558785007,0.025518864049295174,0.49983565748125547,9.99999993922529e-07,1.0000000010279564e-06,9.999999974752427e-07,1.0000000010279564e-06,9.999999974752427e-07,-6.020660507764454,-6.020660507764255,7.494005416219807e-15
264.0,1,7084.333229243864,0.49850413730264803,0.025429380679471186,0.025516786648471353,0.02542938067946386,0.4985041373026523,1.0000000010279564e-06,1.00000000458067e-06,1.0000000010279564e-06,1.0000000010279564e-06,1.0000000010279564e-06,-5.999555264352761,-5.999555264352757,7.32400251557408e-15
265.0,1,7091.865270708768,0.49718088613333034,0.025340454209397713,0.025427548855489597,0.025340454209398663,0.49718088613332984,1.0000000010279564e-06,1.0000000010279564e-06,1.00000000458067e-06,1.0000000010279564e-06,1.0000000010279564e-06,-5.978581075988963,-5.978581075988917,9.506284648352903e-16
266.0,1,7099.371615963352,0.49586582762550124,0.025252079444316112,0.025338864952606715,0.025252079444316518,0.49586582762549275,9.999999974752427e-07,1.0000000010279564e-06,1.0000000010279564e-06,9.999999974752427e-07,1.0000000010279564e-06,-5.957736733208993,-5.957736733208858,8.493206138382448e-15
267.0,1,7106.852508535512,0.49455888636679235,0.02516425125548758,0.02525072977948839,0.025164251255489857,0.4945588863667886,9.999999974752427e-07,1.0000000010279564e-06,1.00000000458067e-06,1.00000000458067e-06,1.0000000010279564e-06,-5.937021041342565,-5.937021041342639,3.774758283725532e-15
268.0,1,7114.308188983203,0.49325998786608494,0.02507696457902694,0.02516313824160488,0.025076964579031337,0.49325998786607334,1.0000000010279564e-06,1.0000000010279564e-06,1.00000000458067e-06,1.00000000458067e-06,1.0000000010279564e-06,-5.916432820289277,-5.916432820289199,1.1601830607332886e-14
269.0,1,7121.738894939596,0.4919690585394647,0.024990214414884707,0.02507608530907836,0.024990214414891153,0.4919690585394649,1.00000000458067e-06,9.999999974752427e-07,9.999999974752427e-07,1.0000000010279564e-06,1.00000000458067e-06,-5.895970904298121,-5.895970904298153,6.446232436729815e-15
270.0,1,7129.144861157063,0.49068602569658304,0.02490399582575952,0.024989566015621977,0.024903995825758696,0.4906860256965824,1.0000000010279564e-06,1.0000000010279564e-06,1.00000000458067e-06,1.00000000458067e-06,9.999999974752427e-07,-5.87563414175272,-5.875634141752659,8.257283745649602e-16
271.0,1,7136.526319549963,0.4894108175271341,0.02481830393602331,0.024903575457444087,0.024818303936027013,0.48941081752712984,1.00000000458067e-06,1.0000000010279564e-06,1.00000000458067e-06,1.0000000010279564e-06,1.00000000458067e-06,-5.855421394957773,-5.8554213949577445,4.274358644806853e-15
272.0,1,7143.883499237832,0.4881433630876543,0.024733133930806884,0.024818108792175927,0.024733133930813705,0.4881433630876421,9.999999974752427e-07,9.999999974752427e-07,1.00000000458067e-06,1.00000000458067e-06,1.00000000458067e-06,-5.835331539932152,-5.835331539932014,1.2212453270876722e-14
273.0,1,7151.216626586166,0.48688359228849815,0.02464848105489079,0.024733161237937746,0.02464848105489048,0.48688359228849565,1.0000000010279564e-06,9.999999974752427e-07,1.0000000010279564e-06,1.0000000010279564e-06,9.999999974752427e-07,-5.8153634662027045,-5.8153634662026725,2.4980018054066022e-15
274.0,1,7158.525925248258,0.48563143588112295,0.024564340611821445,0.024648728072249076,0.02456434061181958,0.4856314358811269,1.0000000010279564e-06,1.0000000010279564e-06,1.00000000458067e-06,1.0000000010279564e-06,1.0000000010279564e-06,-5.795516076604866,-5.795516076604869,3.941291737419306e-15
275.0,1,7165.8116162048145,0.4843868254455132,0.0244807079629285,0.024564804631094277,0.024480707962925816,0.4843868254455112,1.0000000010279564e-06,1.0000000010279564e-06,1.0000000010279564e-06,9.999999974752427e-07,1.00000000458067e-06,-5.775788287083877,-5.7757882870837385,2.6853519408120974e-15
276.0,1,7173.073917803658,0.4831496933778748,0.024397578526371016,0.024481386307980822,0.02439757852637541,0.4831496933778702,1.0000000010279564e-06,9.999999974752427e-07,1.0000000010279564e-06,1.0000000010279564e-06,1.0000000010279564e-06,-5.756179026500618,-5.756179026500597,4.551914400963142e-15
277.0,1,7180.313045798778,0.481919972878557,0.02431494777629989,0.024398468552938646,0.02431494777629098,0.48191997287855304,9.999999974752427e-07,1.0000000010279564e-06,1.0000000010279564e-06,9.999999974752427e-07,1.00000000458067e-06,-5.736687236442414,-5.736687236442169,8.909539772616881e-15
278.0,1,7187.529213388244,0.4806975979401485,0.024232811241850432,0.02431604687171424,0.024232811241855966,0.4806975979401494,9.999999974752427e-07,1.0000000010279564e-06,9.999999974752427e-07,1.0000000010279564e-06,1.0000000010279564e-06,-5.717311871033459,-5.717311871033463,5.533767888366015e-15
279.0,1,7194.72263125182,0.4794825033358141,0.024151164506423545,0.02423411682474432,0.024151164506426116,0.4794825033358134,9.999999974752427e-07,1.0000000010279564e-06,1.0000000010279564e-06,1.0000000010279564e-06,9.999999974752427e-07,-5.698051896753029,-5.698051896753025,2.570860191397628e-15
280.0,1,7201.893507588003,0.47827462460782294,0.024070003206697343,0.02415267402639651,0.024070003206692486,0.47827462460781967,1.0000000010279564e-06,1.0000000010279564e-06,1.0000000010279564e-06,1.00000000458067e-06,1.0000000010279564e-06,-5.67890629225268,-5.678906292252719,4.85722573273506e-15
281.0,1,7209.042048149899,0.4770738980562837,0.023989323031829216,0.024071714144039944,0.023989323031837595,0.4770738980562796,1.0000000010279564e-06,9.999999974752427e-07,9.99999993922529e-07,9.999999974752427e-07,1.0000000010279564e-06,-5.659874048179539,-5.659874048179571,8.378714388967978e-15
282.0,1,7216.168456280888,0.4758802607280458,0.02390911972269683,0.023991232897221146,0.023909119722700194,0.47588026072804357,1.00000000458067e-06,9.999999974752427e-07,1.0000000010279564e-06,1.00000000458067e-06,1.00000000458067e-06,-5.640954167001425,-5.640954167001372,3.3653635433950058e-15
283.0,1,7223.272932949788,0.47469365040585887,0.02382938907099289,0.02391122605687118,0.02382938907098607,0.4746936504058617,9.999999974752427e-07,1.0000000010279564e-06,1.0000000010279564e-06,1.0000000010279564e-06,1.0000000010279564e-06,-5.622145662834637,-5.622145662834569,6.8209327075408055e-15
284.0,1,7230.355676785283,0.47351400559765544,0.023750126918519507,0.023831689444457134,0.0237501269185077,0.4735140055976606,1.00000000458067e-06,1.0000000010279564e-06,1.0000000010279564e-06,1.0000000010279564e-06,1.00000000458067e-06,-5.603447561275992,-5.603447561275921,1.1806527977498149e-14
285.0,1,7237.416884109356,0.47234126552604483,0.023671329156367667,0.023752618931226082,0.02367132915636793,0.47234126552604344,1.00000000458067e-06,1.0000000010279564e-06,1.0000000010279564e-06,1.00000000458067e-06,1.0000000010279564e-06,-5.584858899236387,-5.584858899236366,1.3877787807814457e-15
286.0,1,7244.456748970878,0.4711753701179998,0.02359299172419429,0.023674010437414787,0.023592991724201838,0.47117537011799027,1.0000000010279564e-06,1.0000000010279564e-06,9.99999993922529e-07,9.999999974752427e-07,9.999999974752427e-07,-5.566378724777962,-5.566378724778037,9.547918011776346e-15
287.0,1,7251.475463177981,0.4700162599946698,0.023515110609488486,0.023595859931475338,0.023515110609492074,0.4700162599946625,1.0000000010279564e-06,1.0000000010279564e-06,1.0000000010279564e-06,1.0000000010279564e-06,9.999999974752427e-07,-5.548006096954335,-5.548006096954342,7.271960811294775e-15
288.0,1,7258.473216330511,0.46886387646146205,0.023437681846785612,0.02351816342941203,0.02343768184678384,0.46886387646146066,1.0000000010279564e-06,9.999999974752427e-07,9.999999974752427e-07,9.999999974752427e-07,9.99999993922529e-07,-5.529740085652058,-5.529740085652033,1.7728873924482969e-15
289.0,1,7265.450195851028,0.4677181614982041,0.023360701517005644,0.02344091699394725,0.023360701517004392,0.4677181614982023,1.0000000010279564e-06,1.0000000010279564e-06,1.0000000010279564e-06,9.99999993922529e-07,9.999999974752427e-07,-5.5115797714369315,-5.511579771436832,1.8318679906315083e-15
290.0,1,7272.406587016214,0.466579057749504,0.023284165746741404,0.023364116733877897,0.023284165746744166,0.46657905774950686,1.00000000458067e-06,1.0000000010279564e-06,1.0000000010279564e-06,1.00000000458067e-06,1.0000000010279564e-06,-5.493524245400678,-5.493524245400678,2.886579864025407e-15
291.0,1,7279.342572987405,0.4654465085152849,0.023208070707597298,0.023287758803372704,0.02320807070758138,0.4654465085152916,1.00000000458067e-06,1.00000000458067e-06,1.0000000010279564e-06,9.999999974752427e-07,9.999999974752427e-07,-5.47557260901263,-5.475572609012563,1.5917822615563182e-14
292.0,1,7286.258334840579,0.46432045774150144,0.02313241261545807,0.023211839401231657,0.023132412615454054,0.46432045774150255,1.00000000458067e-06,1.0000000010279564e-06,1.00000000458067e-06,1.00000000458067e-06,1.00000000458067e-06,-5.457723973971152,-5.45772397397117,4.017619570362285e-15
293.0,1,7293.154051595133,0.46320085001090494,0.02305718772989191,0.023136354770306,0.02305718772988972,0.4632008500109027,1.00000000458067e-06,1.0000000010279564e-06,1.00000000458067e-06,1.0000000010279564e-06,9.999999974752427e-07,-5.439977462060451,-5.439977462060451,2.220446049250313e-15
294.0,1,7300.029900244193,0.4620876305341359,0.022982392353472,0.02306130119677676,0.022982392353479944,0.46208763053413443,1.00000000458067e-06,9.999999974752427e-07,1.00000000458067e-06,1.0000000010279564e-06,1.00000000458067e-06,-5.422332205007237,-5.422332205007166,7.945033519973776e-15
295.0,1,7306.88605578154,0.46098074514081405,0.022908022831145392,0.02298667500951886,0.022908022831137523,0.46098074514081316,1.0000000010279564e-06,1.0000000010279564e-06,1.0000000010279564e-06,1.0000000010279564e-06,1.00000000458067e-06,-5.404787344340978,-5.4047873443409955,7.868705687030797e-15
296.0,1,7313.7226912311735,0.4598801402708704,0.02283407554960751,0.02291247257947455,0.02283407554960574,0.45988014027087065,1.0000000010279564e-06,1.0000000010279564e-06,1.0000000010279564e-06,1.0000000010279564e-06,1.00000000458067e-06,-5.387342031257596,-5.387342031257614,1.7694179454963432e-15
297.0,1,7320.539977673832,0.45878576296598417,0.022760546936720225,0.022838690319020614,0.02276054693671314,0.4587857629659836,1.0000000010279564e-06,1.0000000010279564e-06,1.0000000010279564e-06,1.00000000458067e-06,1.0000000010279564e-06,-5.369995426482927,-5.3699954264828555,7.08461067588928e-15
298.0,1,7327.338084273886,0.4576975608611337,0.022687433460850497,0.022765324681383564,0.022687433460854917,0.4576975608611311,1.0000000010279564e-06,1.0000000010279564e-06,1.0000000010279564e-06,1.0000000010279564e-06,1.00000000458067e-06,-5.352746700139846,-5.352746700139736,4.4200754167889045e-15
299.0,1,7334.117178307609,0.45661548217641473,0.022614731630362542,0.02269237216003853,0.02261473163037169,0.45661548217640563,1.0000000010279564e-06,1.0000000010279564e-06,1.0000000010279564e-06,1.00000000458067e-06,1.0000000010279564e-06,-5.335595031618752,-5.33559503161867,9.14893161230168e-15
300.0,1,7340.877425187231,0.45553947570880043,0.022542437992967675,0.022619829288094914,0.022542437992970163,0.45553947570879755,1.0000000010279564e-06,1.0000000010279564e-06,1.0000000010279564e-06,9.999999974752427e-07,1.0000000010279564e-06,-5.318539609447264,-5.31853960944731,2.886579864025407e-15
