cell,x_um,time_s,T_C,vapor_kg_m3,liquid_kg_m3,ice_kg_m3,ice_bulk
1,4.6875,146.724596322,5.81068849059,1.62787682749e-07,0,0,0
1,14.0625,146.724596322,5.81068849059,4.88363048387e-07,0,0,0
1,23.4375,146.724596322,5.81068849059,8.13938414447e-07,0,0,0
1,32.8125,146.724596322,5.81068849059,1.13951378121e-06,0,0,0
1,42.1875,146.724596322,5.81068849059,1.46508914896e-06,0,0,0
1,51.5625,146.724596322,5.81068849059,1.79066451798e-06,0,0,0
1,60.9375,146.724596322,5.81068849059,2.11623988855e-06,0,0,0
1,70.3125,146.724596322,5.81068849059,2.44181526095e-06,0,0,0
1,79.6875,146.724596322,5.81068849059,2.76739063546e-06,0,0,0
1,89.0625,146.724596322,5.81068849059,3.09296601236e-06,0,0,0
1,98.4375,146.724596322,5.81068849059,3.41854139194e-06,0,0,0
1,107.8125,146.724596322,5.81068849059,3.74411677448e-06,0,0,0
1,117.1875,146.724596322,5.81068849059,4.06969216026e-06,0,0,0
1,126.5625,146.724596322,5.81068849059,4.39526754956e-06,0,0,0
1,135.9375,146.724596322,5.81068849059,4.72084294266e-06,0,0,0
1,145.3125,146.724596322,5.81068849059,5.04641833984e-06,0,0,0
1,150.283333333,146.724596322,5.81068849059,2.56397012287e-06,0,0,0
1,150.85,146.724596322,5.81068849059,2.59209765486e-06,0,0,0
1,151.416666667,146.724596322,5.81068849059,2.62022518686e-06,0,0,0
1,151.983333333,146.724596322,5.81068849059,2.64835271887e-06,0,0,0
1,152.55,146.724596322,5.81068849059,2.67648025089e-06,0,0,0
1,153.116666667,146.724596322,5.81068849059,2.70460778292e-06,0,0,0
1,153.9,146.724596322,5.81068849059,0,409.428970931,30.237665762,0.0328670280022
1,154.9,146.724596322,5.81068849059,0,420.423784114,32.4999118818,0.0353259911759
1,155.9,146.724596322,5.81068849059,0,431.629037792,34.8585586231,0.0378897376338
1,156.9,146.724596322,5.81068849059,0,443.104103734,37.3379310841,0.0405847077001
1,157.9,146.724596322,5.81068849059,0,454.84715412,39.9455213856,0.0434190449843
1,158.9,146.724596322,5.81068849059,0,466.856449569,42.689445666,0.0464015713761
1,159.9,146.724596322,5.81068849059,0,479.130546072,45.5786722993,0.049542035108
1,160.9,146.724596322,5.81068849059,0,491.668523252,48.6229176964,0.0528509974961
1,161.9,146.724596322,5.81068849059,0,504.470232027,51.8289626118,0.0563358289259
1,162.9,146.724596322,5.81068849059,0,517.536569562,55.2040725707,0.0600044267072
1,163.9,146.724596322,5.81068849059,0,530.869779035,58.7586718799,0.0638681216086
1,164.9,146.724596322,5.81068849059,0,544.349562852,63.3668760842,0.068877039222
1,166.10625,146.724596322,5.81068849059,5.11535056571e-05,161.668004827,14.6822573967,0.0159589754312
1,167.51875,146.724596322,5.81068849059,5.07335672852e-05,161.613716682,15.5125673197,0.0168614862171
1,168.93125,146.724596322,5.81068849059,5.04745404787e-05,161.613138276,15.5906863953,0.0169463982557
1,170.34375,146.724596322,5.81068849059,5.02258649097e-05,161.612238635,15.6225622361,0.0169810459088
1,171.75625,146.724596322,5.81068849059,4.99851239524e-05,161.61102337,15.6185106353,0.0169766419949
1,173.16875,146.724596322,5.81068849059,4.97516898159e-05,161.609494165,15.5810484818,0.0169359222628
1,174.58125,146.724596322,5.81068849059,4.95258006792e-05,161.607650919,15.5088684421,0.0168574656979
1,175.99375,146.724596322,5.81068849059,4.93087391238e-05,161.60549135,15.3959753582,0.0167347558241
1,181.3875,146.724596322,5.81068849059,0.000126398827333,161.597428921,14.4494035167,0.0157058733878
1,190.7625,146.724596322,5.81068849059,0.000125707580442,161.586258001,12.9482917377,0.0140742301497
1,200.1375,146.724596322,5.81068849059,0.00012496045256,161.575863083,11.5995962669,0.0126082568119
1,209.5125,146.724596322,5.81068849059,0.00012416027822,161.566236156,10.3919645205,0.0112956136092
1,218.8875,146.724596322,5.81068849059,0.000123311906956,161.557364696,9.304496742,0.0101135834152
1,228.2625,146.724596322,5.81068849059,0.000122418769967,161.549240109,8.32252246424,0.00904622006982
1,237.6375,146.724596322,5.81068849059,0.000121483304806,161.541856533,7.43577726865,0.00808236659636
1,247.0125,146.724596322,5.81068849059,0.000120507372508,161.535209715,6.63654659522,0.0072136376035
1,256.3875,146.724596322,5.81068849059,0.000119492473861,161.529296418,5.91870233906,0.00643337210767
1,265.7625,146.724596322,5.81068849059,0.000118439857722,161.524114117,5.27722506569,0.00573611420184
1,275.1375,146.724596322,5.81068849059,0.000117350569943,161.519660855,4.70799830041,0.00511738945697
1,284.5125,146.724596322,5.81068849059,0.000116225461224,161.515935215,4.20779852485,0.00457369404874
1,293.8875,146.724596322,5.81068849059,0.000115065150907,161.512936405,3.77450691618,0.0041027249089
1,303.2625,146.724596322,5.81068849059,0.000113869909992,161.510664576,3.40774235094,0.00370406777276
1,312.6375,146.724596322,5.81068849059,0.000112639302656,161.509121812,3.11076625882,0.00338126767263
1,322.0125,146.724596322,5.81068849059,0.000111370530531,161.508316743,2.89921706805,0.00315132290005
2,4.6875,146.724596322,11.5196711915,1.63030301551e-07,0,0,0
2,14.0625,146.724596322,11.5196711915,4.89090904712e-07,0,0,0
2,23.4375,146.724596322,11.5196711915,8.15151508051e-07,0,0,0
2,32.8125,146.724596322,11.5196711915,1.14121211169e-06,0,0,0
2,42.1875,146.724596322,11.5196711915,1.46727271574e-06,0,0,0
2,51.5625,146.724596322,11.5196711915,1.79333332033e-06,0,0,0
2,60.9375,146.724596322,11.5196711915,2.11939392557e-06,0,0,0
2,70.3125,146.724596322,11.5196711915,2.44545453159e-06,0,0,0
2,79.6875,146.724596322,11.5196711915,2.7715151385e-06,0,0,0
2,89.0625,146.724596322,11.5196711915,3.09757574642e-06,0,0,0
2,98.4375,146.724596322,11.5196711915,3.42363635548e-06,0,0,0
2,107.8125,146.724596322,11.5196711915,3.74969696578e-06,0,0,0
2,117.1875,146.724596322,11.5196711915,4.07575757745e-06,0,0,0
2,126.5625,146.724596322,11.5196711915,4.40181819061e-06,0,0,0
2,135.9375,146.724596322,11.5196711915,4.72787880538e-06,0,0,0
2,145.3125,146.724596322,11.5196711915,5.05393942187e-06,0,0,0
2,150.283333333,146.724596322,11.5196711915,2.56779140907e-06,0,0,0
2,150.85,146.724596322,11.5196711915,2.59596086053e-06,0,0,0
2,151.416666667,146.724596322,11.5196711915,2.62413031199e-06,0,0,0
2,151.983333333,146.724596322,11.5196711915,2.65229976345e-06,0,0,0
2,152.55,146.724596322,11.5196711915,2.68046921493e-06,0,0,0
2,153.116666667,146.724596322,11.5196711915,2.7086386664e-06,0,0,0
2,153.9,146.724596322,11.5196711915,0,422.398965437,1.73978984938,0.00189107592324
2,154.9,146.724596322,11.5196711915,0,431.933542361,1.8651611933,0.00202734912315
2,155.9,146.724596322,11.5196711915,0,441.602705022,1.99542637454,0.00216894171145
2,156.9,146.724596322,11.5196711915,0,451.468946016,2.13232493837,0.00231774449823
2,157.9,146.724596322,11.5196711915,0,461.531711437,2.27621368731,0.0024741453123
2,158.9,146.724596322,11.5196711915,0,471.790580683,2.42749298875,0.00263857933559
2,159.9,146.724596322,11.5196711915,0,482.245363565,2.58663661927,0.00281156154268
2,160.9,146.724596322,11.5196711915,0,492.896206159,2.75418540426,0.00299367978724
2,161.9,146.724596322,11.5196711915,0,503.743705161,2.93022489737,0.00318502706236
2,162.9,146.724596322,11.5196711915,0,514.789033216,3.11482592534,0.00338568035364
2,163.9,146.724596322,11.5196711915,0,526.034075178,3.30847767624,0.00359617138721
2,164.9,146.724596322,11.5196711915,0,537.569302112,3.58094323121,0.00389232959915
2,166.10625,146.724596322,11.5196711915,7.10737040804e-05,171.42281775,1.02839945354,0.00111782549298
2,167.51875,146.724596322,11.5196711915,7.08018455651e-05,171.517210912,1.10716883663,0.00120344438764
2,168.93125,146.724596322,11.5196711915,7.05783740886e-05,171.516780767,1.11803191526,0.0012152520818
2,170.34375,146.724596322,11.5196711915,7.03563961504e-05,171.516103855,1.12299640028,0.00122064826117
2,171.75625,146.724596322,11.5196711915,7.01354390034e-05,171.51518175,1.12355511219,0.00122125555672
2,173.16875,146.724596322,11.5196711915,6.99153809783e-05,171.514014865,1.12007888632,0.00121747705035
2,174.58125,146.724596322,11.5196711915,6.96962691599e-05,171.512603063,1.11239476081,0.00120912474001
2,175.99375,146.724596322,11.5196711915,6.94783557305e-05,171.510945532,1.09966181073,0.00119528457688
2,181.3875,146.724596322,11.5196711915,0.000175782214909,171.504769315,0.983030310443,0.001068511207
2,190.7625,146.724596322,11.5196711915,0.0001748808856,171.496295311,0.808954345473,0.000879298201601
2,200.1375,146.724596322,11.5196711915,0.000173942315769,171.488396186,0.659453125099,0.000716796875107
2,209.5125,146.724596322,11.5196711915,0.000172967161427,171.481070675,0.532524709469,0.000578831205944
2,218.8875,146.724596322,11.5196711915,0.000171956489183,171.474315958,0.42477929046,0.000461716620066
2,228.2625,146.724596322,11.5196711915,0.00017091110541,171.468130021,0.333656671469,0.000362670295075
2,237.6375,146.724596322,11.5196711915,0.000169831636365,171.462511388,0.2571715736,0.000279534319131
2,247.0125,146.724596322,11.5196711915,0.000168718604399,171.457458852,0.193665840555,0.00021050634843
2,256.3875,146.724596322,11.5196711915,0.000167572466,171.45297135,0.14168446285,0.000154004850924
2,265.7625,146.724596322,11.5196711915,0.000166393630933,171.4490479,0.0999132078962,0.000108601312931
2,275.1375,146.724596322,11.5196711915,0.000165182472685,171.445687565,0.0671446798302,7.29833476415e-05
2,284.5125,146.724596322,11.5196711915,0.000163939335057,171.44288944,0.0422569355173,4.59314516492e-05
2,293.8875,146.724596322,11.5196711915,0.000162664537344,171.440652636,0.0241964521207,2.63004914355e-05
2,303.2625,146.724596322,11.5196711915,0.000161358379714,171.438976264,0.0119599422823,1.29999372634e-05
2,312.6375,146.724596322,11.5196711915,0.000160021150388,171.437859414,0.00456912763291,4.96644307925e-06
2,322.0125,146.724596322,11.5196711915,0.000158653134932,171.437301124,0.00103705190648,1.12723033313e-06
3,4.6875,146.724596322,13.4641949657,1.63378575746e-07,0,0,0
3,14.0625,146.724596322,13.4641949657,4.90135727299e-07,0,0,0
3,23.4375,146.724596322,13.4641949657,8.16892879029e-07,0,0,0
3,32.8125,146.724596322,13.4641949657,1.14365003106e-06,0,0,0
3,42.1875,146.724596322,13.4641949657,1.4704071835e-06,0,0,0
3,51.5625,146.724596322,13.4641949657,1.79716433648e-06,0,0,0
3,60.9375,146.724596322,13.4641949657,2.12392149011e-06,0,0,0
3,70.3125,146.724596322,13.4641949657,2.45067864452e-06,0,0,0
3,79.6875,146.724596322,13.4641949657,2.77743579982e-06,0,0,0
3,89.0625,146.724596322,13.4641949657,3.10419295613e-06,0,0,0
3,98.4375,146.724596322,13.4641949657,3.43095011357e-06,0,0,0
3,107.8125,146.724596322,13.4641949657,3.75770727226e-06,0,0,0
3,117.1875,146.724596322,13.4641949657,4.08446443231e-06,0,0,0
3,126.5625,146.724596322,13.4641949657,4.41122159385e-06,0,0,0
3,135.9375,146.724596322,13.4641949657,4.737978757e-06,0,0,0
3,145.3125,146.724596322,13.4641949657,5.06473592187e-06,0,0,0
3,150.283333333,146.724596322,13.4641949657,2.57327686459e-06,0,0,0
3,150.85,146.724596322,13.4641949657,2.60150649316e-06,0,0,0
3,151.416666667,146.724596322,13.4641949657,2.62973612173e-06,0,0,0
3,151.983333333,146.724596322,13.4641949657,2.65796575031e-06,0,0,0
3,152.55,146.724596322,13.4641949657,2.68619537889e-06,0,0,0
3,153.116666667,146.724596322,13.4641949657,2.71442500748e-06,0,0,0
3,153.9,146.724596322,13.4641949657,0,427.567334173,0.659998732249,0.000717389926357
3,154.9,146.724596322,13.4641949657,0,436.674920521,0.707822022793,0.000769371763906
3,155.9,146.724596322,13.4641949657,0,445.895463356,0.757516679332,0.000823387694926
3,156.9,146.724596322,13.4641949657,0,455.292398347,0.809790321894,0.000880206871624
3,157.9,146.724596322,13.4641949657,0,464.86534793,0.864777145497,0.000939975158149
3,158.9,146.724596322,13.4641949657,0,474.614070157,0.922628897687,0.00100285749749
3,159.9,146.724596322,13.4641949657,0,484.538534373,0.983529575081,0.00106905388596
3,160.9,146.724596322,13.4641949657,0,494.639003262,1.04769310115,0.00113879684907
3,161.9,146.724596322,13.4641949657,0,504.91612123,1.11511547674,0.00121208203993
3,162.9,146.724596322,13.4641949657,0,515.371010658,1.18577835905,0.00128888952071
3,163.9,146.724596322,13.4641949657,0,526.005376264,1.25985904044,0.00136941200048
3,164.9,146.724596322,13.4641949657,0,536.929683523,1.36602825145,0.00148481331679
3,166.10625,146.724596322,13.4641949657,7.93560949176e-05,171.449885578,0.414908047377,0.000450987008018
3,167.51875,146.724596322,13.4641949657,7.90919294219e-05,171.558657761,0.448916615692,0.000487952843144
3,168.93125,146.724596322,13.4641949657,7.88727417336e-05,171.558230997,0.453969017689,0.000493444584445
3,170.34375,146.724596322,13.4641949657,7.86541033915e-05,171.557561811,0.456317573141,0.00049599736211
3,171.75625,146.724596322,13.4641949657,7.84357659782e-05,171.55665107,0.456667083114,0.000496377264255
3,173.16875,146.724596322,13.4641949657,7.82176655314e-05,171.555498997,0.455193290781,0.000494775316066
3,174.58125,146.724596322,13.4641949657,7.79998264866e-05,171.554105509,0.451816536123,0.000491104930569
3,175.99375,146.724596322,13.4641949657,7.77823809163e-05,171.55247015,0.446143236705,0.000484938300767
3,181.3875,146.724596322,13.4641949657,0.000196542561452,171.546384635,0.393079426985,0.000427260246723
3,190.7625,146.724596322,13.4641949657,0.000195620289828,171.53805625,0.315387764964,0.000342812788004
3,200.1375,146.724596322,13.4641949657,0.000194660772362,171.530288943,0.249651999521,0.000271360869044
3,209.5125,146.724596322,13.4641949657,0.000193664381321,171.523082047,0.194838164043,0.00021178061309
3,218.8875,146.724596322,13.4641949657,0.000192631693612,171.51643406,0.149294222452,0.000162276328752
3,228.2625,146.724596322,13.4641949657,0.000191563150604,171.510343894,0.111755412653,0.000121473274623
3,237.6375,146.724596322,13.4641949657,0.0001904591019,171.504810728,0.0812188215585,8.8281327781e-05
3,247.0125,146.724596322,13.4641949657,0.000189319844435,171.499833862,0.0568293533883,6.17710362916e-05
3,256.3875,146.724596322,13.4641949657,0.000188145641465,171.495412657,0.0378242065268,4.11132679639e-05
3,265.7625,146.724596322,13.4641949657,0.00018693673211,171.491546502,0.0235048975425,2.55488016766e-05
3,275.1375,146.724596322,13.4641949657,0.000185693337041,171.488234796,0.0132205305709,1.43701419249e-05
3,284.5125,146.724596322,13.4641949657,0.000184415663146,171.485476937,0.00635382020391,6.9063263086e-06
3,293.8875,146.724596322,13.4641949657,0.000183103909379,171.483272306,0.00230301078292,2.50327259013e-06
3,303.2625,146.724596322,13.4641949657,0.000181758278293,171.481620218,0.000445387869479,4.84117249434e-07
3,312.6375,146.724596322,13.4641949657,0.000180379014538,171.480519783,1.3945717208e-05,1.51583882695e-08
3,322.0125,146.724596322,13.4641949657,0.000178966433901,171.479969788,9.69185313061e-12,1.05346229681e-14
4,4.6875,146.724596322,11.5196657556,1.63030301433e-07,0,0,0
4,14.0625,146.724596322,11.5196657556,4.89090904357e-07,0,0,0
4,23.4375,146.724596322,11.5196657556,8.1515150746e-07,0,0,0
4,32.8125,146.724596322,11.5196657556,1.14121211086e-06,0,0,0
4,42.1875,146.724596322,11.5196657556,1.46727271468e-06,0,0,0
4,51.5625,146.724596322,11.5196657556,1.79333331903e-06,0,0,0
4,60.9375,146.724596322,11.5196657556,2.11939392404e-06,0,0,0
4,70.3125,146.724596322,11.5196657556,2.44545452982e-06,0,0,0
4,79.6875,146.724596322,11.5196657556,2.77151513649e-06,0,0,0
4,89.0625,146.724596322,11.5196657556,3.09757574418e-06,0,0,0
4,98.4375,146.724596322,11.5196657556,3.423636353e-06,0,0,0
4,107.8125,146.724596322,11.5196657556,3.74969696306e-06,0,0,0
4,117.1875,146.724596322,11.5196657556,4.0757575745e-06,0,0,0
4,126.5625,146.724596322,11.5196657556,4.40181818742e-06,0,0,0
4,135.9375,146.724596322,11.5196657556,4.72787880195e-06,0,0,0
4,145.3125,146.724596322,11.5196657556,5.0539394182e-06,0,0,0
4,150.283333333,146.724596322,11.5196657556,2.56779140721e-06,0,0,0
4,150.85,146.724596322,11.5196657556,2.59596085864e-06,0,0,0
4,151.416666667,146.724596322,11.5196657556,2.62413031009e-06,0,0,0
4,151.983333333,146.724596322,11.5196657556,2.65229976153e-06,0,0,0
4,152.55,146.724596322,11.5196657556,2.68046921298e-06,0,0,0
4,153.116666667,146.724596322,11.5196657556,2.70863866444e-06,0,0,0
4,153.9,146.724596322,11.5196657556,0,422.398953256,1.73979776033,0.0018910845221
4,154.9,146.724596322,11.5196657556,0,431.933531454,1.86516971865,0.00202735838984
4,155.9,146.724596322,11.5196657556,0,441.60269545,1.99543553899,0.00216895167281
4,156.9,146.724596322,11.5196657556,0,451.468937838,2.13233477412,0.00231775518927
4,157.9,146.724596322,11.5196657556,0,461.53170471,2.27622422841,0.00247415677001
4,158.9,146.724596322,11.5196657556,0,471.790575465,2.42750427122,0.00263859159916
4,159.9,146.724596322,11.5196657556,0,482.24535991,2.58664868145,0.00281157465375
4,160.9,146.724596322,11.5196657556,0,492.896204123,2.75419828695,0.00299369379016
4,161.9,146.724596322,11.5196657556,0,503.743704798,2.9302386425,0.00318504200271
4,162.9,146.724596322,11.5196657556,0,514.789034581,3.1148405763,0.00338569627859
4,163.9,146.724596322,11.5196657556,0,526.034078327,3.30849327914,0.0035961883469
4,164.9,146.724596322,11.5196657556,0,537.569306944,3.58096013453,0.00389234797232
4,166.10625,146.724596322,11.5196657556,7.10736818244e-05,171.422816109,1.02840401044,0.00111783044613
4,167.51875,146.724596322,11.5196657556,7.08018232486e-05,171.517209161,1.10717370327,0.00120344967747
4,168.93125,146.724596322,11.5196657556,7.05783517507e-05,171.516779016,1.11803681855,0.00121525741147
4,170.34375,146.724596322,11.5196657556,7.03563737972e-05,171.516102104,1.12300131961,0.00122065360827
4,171.75625,146.724596322,11.5196657556,7.01354166395e-05,171.515179999,1.1235600316,0.00122126090391
4,173.16875,146.724596322,11.5196657556,6.99153586081e-05,171.514013114,1.120083791,0.00121748238152
4,174.58125,146.724596322,11.5196657556,6.96962467878e-05,171.512601312,1.11239963532,0.00120913003839
4,175.99375,146.724596322,11.5196657556,6.94783333617e-05,171.510943781,1.09966663691,0.00119528982273
4,181.3875,146.724596322,11.5196657556,0.00017578215968,171.504767563,0.983034719999,0.001068516
4,190.7625,146.724596322,11.5196657556,0.000174880830529,171.496293557,0.808958089392,0.000879302271079
4,200.1375,146.724596322,11.5196657556,0.000173942260845,171.488394431,0.659456275364,0.000716800299308
4,209.5125,146.724596322,11.5196657556,0.000172967106639,171.48106892,0.53252733997,0.000578834065185
4,218.8875,146.724596322,11.5196657556,0.000171956434521,171.474314202,0.424781467205,0.000461718986092
4,228.2625,146.724596322,11.5196657556,0.000170911050868,171.468128264,0.333658453343,0.000362672231894
4,237.6375,146.724596322,11.5196657556,0.000169831581936,171.46250963,0.25717301352,0.00027953588426
4,247.0125,146.724596322,11.5196657556,0.000168718550081,171.457457093,0.193666986221,0.000210507593719
4,256.3875,146.724596322,11.5196657556,0.00016757241179,171.452969591,0.141685357279,0.00015400582313
4,265.7625,146.724596322,11.5196657556,0.000166393576828,171.44904614,0.0999138898152,0.000108602054147
4,275.1375,146.724596322,11.5196657556,0.000165182418687,171.445685805,0.0671451840662,7.29838957242e-05
4,284.5125,146.724596322,11.5196657556,0.000163939281165,171.44288768,0.0422572933355,4.59318405821e-05
4,293.8875,146.724596322,11.5196657556,0.000162664483561,171.440650875,0.0241966915775,2.63007517147e-05
4,303.2625,146.724596322,11.5196657556,0.000161358326042,171.438974503,0.0119600886655,1.30000963756e-05
4,312.6375,146.724596322,11.5196657556,0.000160021096831,171.437857653,0.00456920408522,4.96652617958e-06
4,322.0125,146.724596322,11.5196657556,0.000158653081492,171.437299363,0.00103708155482,1.12726255958e-06
5,4.6875,146.724596322,5.81067870579,1.62787687522e-07,0,0,0
5,14.0625,146.724596322,5.81067870579,4.88363062707e-07,0,0,0
5,23.4375,146.724596322,5.81067870579,8.13938438315e-07,0,0,0
5,32.8125,146.724596322,5.81067870579,1.13951381463e-06,0,0,0
5,42.1875,146.724596322,5.81067870579,1.46508919192e-06,0,0,0
5,51.5625,146.724596322,5.81067870579,1.79066457049e-06,0,0,0
5,60.9375,146.724596322,5.81067870579,2.1162399506e-06,0,0,0
5,70.3125,146.724596322,5.81067870579,2.44181533255e-06,0,0,0
5,79.6875,146.724596322,5.81067870579,2.76739071661e-06,0,0,0
5,89.0625,146.724596322,5.81067870579,3.09296610306e-06,0,0,0
5,98.4375,146.724596322,5.81067870579,3.41854149219e-06,0,0,0
5,107.8125,146.724596322,5.81067870579,3.74411688427e-06,0,0,0
5,117.1875,146.724596322,5.81067870579,4.0696922796e-06,0,0,0
5,126.5625,146.724596322,5.81067870579,4.39526767844e-06,0,0,0
5,135.9375,146.724596322,5.81067870579,4.72084308109e-06,0,0,0
5,145.3125,146.724596322,5.81067870579,5.04641848783e-06,0,0,0
5,150.283333333,146.724596322,5.81067870579,2.56397019806e-06,0,0,0
5,150.85,146.724596322,5.81067870579,2.59209773087e-06,0,0,0
5,151.416666667,146.724596322,5.81067870579,2.62022526369e-06,0,0,0
5,151.983333333,146.724596322,5.81067870579,2.64835279653e-06,0,0,0
5,152.55,146.724596322,5.81067870579,2.67648032937e-06,0,0,0
5,153.116666667,146.724596322,5.81067870579,2.70460786223e-06,0,0,0
5,153.9,146.724596322,5.81067870579,0,409.428961967,30.2378603341,0.0328672394936
5,154.9,146.724596322,5.81067870579,0,420.423778224,32.5001227941,0.0353262204284
5,155.9,146.724596322,5.81067870579,0,431.629035118,34.8587866298,0.0378899854671
5,156.9,146.724596322,5.81067870579,0,443.104104411,37.338177099,0.0405849751076
5,157.9,146.724596322,5.81067870579,0,454.847158278,39.9457863824,0.0434193330243
5,158.9,146.724596322,5.81067870579,0,466.856457331,42.6897306819,0.046401881176
5,159.9,146.724596322,5.81067870579,0,479.130557554,45.5789784422,0.049542367872
5,160.9,146.724596322,5.81067870579,0,491.668538567,48.623246149,0.0528513545098
5,161.9,146.724596322,5.81067870579,0,504.470251282,51.8293146164,0.0563362115395
5,162.9,146.724596322,5.81067870579,0,517.536592861,55.2044494389,0.0600048363466
5,163.9,146.724596322,5.81067870579,0,530.869806479,58.7590750087,0.063868559792
5,164.9,146.724596322,5.81067870579,0,544.34959365,63.3673123134,0.0688775133841
5,166.10625,146.724596322,5.81067870579,5.11534760029e-05,161.667924126,14.6823548853,0.0159590813971
5,167.51875,146.724596322,5.81067870579,5.07335366278e-05,161.61363536,15.512669625,0.0168615974185
5,168.93125,146.724596322,5.81067870579,5.04745096307e-05,161.613056952,15.5907890635,0.0169465098516
5,170.34375,146.724596322,5.81067870579,5.02258339188e-05,161.61215731,15.6226650371,0.016981157649
5,171.75625,146.724596322,5.81067870579,4.99850928569e-05,161.610942042,15.6186133848,0.0169767536791
5,173.16875,146.724596322,5.81067870579,4.97516586513e-05,161.609412834,15.581151006,0.0169360337021
5,174.58125,146.724596322,5.81067870579,4.95257694822e-05,161.607569585,15.508970561,0.0168575766968
5,175.99375,146.724596322,5.81067870579,4.93087079362e-05,161.605410012,15.3960768639,0.0167348661564
5,181.3875,146.724596322,5.81067870579,0.000126398756679,161.597347569,14.4495001861,0.0157059784631
5,190.7625,146.724596322,5.81067870579,0.000125707510952,161.586176628,12.948380453,0.0140743265794
5,200.1375,146.724596322,5.81067870579,0.000124960384109,161.575781692,11.5996777036,0.01260834533
5,209.5125,146.724596322,5.81067870579,0.000124160210684,161.566154748,10.392039346,0.0112956949413
5,218.8875,146.724596322,5.81067870579,0.000123311840229,161.557283272,9.30456554393,0.0101136581999
5,228.2625,146.724596322,5.81067870579,0.000122418703956,161.54915867,8.32258576961,0.00904628888001
5,237.6375,146.724596322,5.81067870579,0.000121483239426,161.541775081,7.4358355611,0.00808242995771
5,247.0125,146.724596322,5.81067870579,0.000120507307681,161.535128251,6.63660032549,0.00721369600597
5,256.3875,146.724596322,5.81067870579,0.000119492409516,161.529214944,5.91875193168,0.00643342601269
5,265.7625,146.724596322,5.81067870579,0.000118439793794,161.524032633,5.27727092421,0.00573616404806
5,275.1375,146.724596322,5.81067870579,0.000117350506369,161.519579363,4.70804081177,0.00511743566497
5,284.5125,146.724596322,5.81067870579,0.000116225397945,161.515853717,4.2078380644,0.00457373702652
5,293.8875,146.724596322,5.81067870579,0.000115065087866,161.512854901,3.77454385405,0.00410276505875
5,303.2625,146.724596322,5.81067870579,0.000113869847132,161.510583068,3.40777706341,0.00370410550371
5,312.6375,146.724596322,5.81067870579,0.000112639239914,161.509040301,3.11079915142,0.00338130342546
5,322.0125,146.724596322,5.81067870579,0.000111370467829,161.508235231,2.89924865406,0.00315135723268
