case,seed,noise_T_K,noise_V_V,initial_shift_K,first_success_s,stop_s,elapsed_s,E_aux_J,E_gen_J,E_phase_J,E_loss_J,E_sensible_J,energy_residual_J,water_residual_kg,min_voltage_V,max_ice_bulk,dTmax_K,final_min_T_C,final_max_T_C,final_left_EP_C,min_gas_porosity,max_j_over_jlim,min_kappa_S_m,min_inventory,max_iteration_error_K,max_power_W_cm2,charge_at_success_C_cm2,post_min_T_C,post_min_voltage_V,post_max_ice_bulk,post_energy_J,first_success_energy_J,max_water_residual_kg,feasible
case1,1000,0.2,0.005,-1,95.9092223525,-1,96.6666666667,2955.67665141,2249.95849158,18.1251658303,286.736133041,4937.02417578,3.17925241688e-10,6.38432449268e-18,0.547479969774,0.353483642517,6.51418191033,0.0320276849675,6.31936074385,-13.90915527,0.275588623139,0.012537347251,0.423845076697,0,4.99554175803e-10,1,19.7727667058,-31,1.2684587417,0,0,2925.93279889,1.38219513959e-17,False
case1,1001,0.2,0.005,-1,94.7536019087,-1,96.6666666667,2948.38747031,2250.02567428,18.1699964786,286.686897811,4929.89624326,2.83591816697e-10,5.67308786753e-18,0.54762706648,0.353725510228,6.69478611573,-0.223501225682,6.31270034086,-13.9144434311,0.27560061795,0.012543003023,0.423848731372,0,4.53530444536e-11,1,19.4260805726,-31,1.2684587417,0,0,2879.18830156,1.42317798171e-17,False
case1,1002,0.2,0.005,-1,94.8728815138,-1,96.6666666667,2950.41582186,2250.42725796,18.1847422176,286.688466961,4932.33935508,3.08716607833e-10,6.76000054545e-18,0.547528107032,0.354123621708,6.70632458512,-0.299748914184,6.34695764877,-13.9259780455,0.27552634221,0.0125457799244,0.423847014056,0,5.81225345631e-11,1,19.4618644542,-31,1.2684587417,0,0,2885.4339446,1.53241135059e-17,False
case1,1003,0.2,0.005,-1,95.2519037187,-1,96.6666666667,2954.4843888,2249.66067637,18.1410314459,286.820294304,4935.46580232,3.12240899802e-10,6.96925156474e-18,0.548118833816,0.353785278539,6.61077648853,-0.0248081240339,6.29890858677,-13.9156659519,0.275641722202,0.0125379247809,0.423845477235,0,4.34647873249e-11,1,19.5755711156,-31,1.2684587417,0,0,2900.48490139,1.46795553144e-17,False
case1,1004,0.2,0.005,-1,94.9620606899,-1,96.6666666667,2948.4994995,2250.06800378,18.1643915085,286.607299116,4930.12459567,2.67561972578e-10,5.53051528185e-18,0.547503272436,0.354353928169,6.63473411236,-0.331480983182,6.30263316419,-13.9042922339,0.275582311034,0.0125450766016,0.423846910016,0,5.72647707031e-10,1,19.488618207,-31,1.2684587417,0,0,2886.89587691,1.42778584095e-17,False
case1,1005,0.2,0.005,-1,94.5655109107,-1,96.6666666667,2954.12590381,2250.15241032,18.1465038873,286.694020691,4935.73079733,2.52214249485e-10,6.4309451861e-18,0.548170961109,0.353629636625,6.80557146339,-0.101264845694,6.35103107174,-13.9129336366,0.275621549024,0.0125398442472,0.423848754397,0,9.3472607432e-10,1,19.3696532732,-31,1.2684587417,0,0,2873.76837383,1.46345609242e-17,False
case1,1006,0.2,0.005,-1,95.1961140156,-1,96.6666666667,2955.24417625,2250.3326628,18.1529353001,286.796601098,4936.93317325,3.46744855051e-10,6.99310401253e-18,0.548408447367,0.353404298335,6.59749221147,-0.176248642607,6.3805088439,-13.8926969655,0.275624448429,0.0125413324382,0.423847100383,0,8.51290593573e-10,0.986276452914,19.5588342047,-31,1.2684587417,0,0,2900.50233864,1.37189521895e-17,False
case1,1007,0.2,0.005,-1,95.6637043893,-1,96.6666666667,2952.24334532,2250.21841734,18.188998567,286.586904185,4934.06385705,2.58239651885e-10,6.43636619696e-18,0.547195338136,0.354382378473,6.79906772661,-0.0499341252764,6.29056438576,-13.9286588357,0.275529316084,0.0125407300082,0.423858397741,0,4.35749214489e-11,1,19.6991113168,-31,1.2684587417,0,0,2912.43240588,1.43185159909e-17,False
case1,1008,0.2,0.005,-1,95.4467111468,-1,96.6666666667,2945.34212855,2250.24079727,18.2100693136,286.551394304,4927.24160084,2.57102783507e-10,5.98262758778e-18,0.547704047976,0.354496997118,6.61299797285,-0.335454883404,6.27754308945,-13.9131501401,0.27554082532,0.0125454430896,0.423843667504,0,5.60022861418e-11,0.999894607533,19.634013344,-31,1.2684587417,0,0,2905.59809513,1.42735216008e-17,False
case1,1009,0.2,0.005,-1,95.2830064416,-1,96.6666666667,2952.23644827,2250.36842475,18.1804540925,286.602366355,4934.18296076,2.59831267613e-10,6.02979038228e-18,0.547600611443,0.353906334429,6.56847583273,-0.0644564289691,6.30071846162,-13.9170686668,0.275513102596,0.0125394451264,0.423847678696,0,3.97566424226e-10,0.995268921519,19.5849019325,-31,1.2684587417,0,0,2899.50841352,1.42041326617e-17,False
case1,1000,0.2,0.005,0,95.8199105501,-1,96.6666666667,2819.82562535,2244.23203193,17.2533059192,296.303877883,4785.00708532,5.09317032993e-10,3.40114221509e-18,0.54978703126,0.344710723177,6.62209422302,0.0374433713945,6.42653385226,-13.4553291004,0.277692651921,0.0125187961771,0.433068949699,0,4.9643134048e-10,0.964806183064,19.745973165,-30,1.26757512098,0,0,2788.71809649,1.39569345664e-17,False
case1,1001,0.2,0.005,0,94.735993439,-1,96.6666666667,2812.68571635,2244.33699131,17.2985556365,296.256700743,4778.06456256,4.6208015192e-10,6.34746161882e-18,0.549955860905,0.344929012851,6.80731189725,-0.214933389653,6.42068448149,-13.4601913775,0.277707549119,0.0125242871516,0.43307264649,0,4.27218048264e-11,0.965510809029,19.4207980317,-30,1.26757512098,0,0,2746.97359203,1.50498103563e-17,False
case1,1002,0.2,0.005,0,94.8219852984,-1,96.6666666667,2814.91599106,2244.69669763,17.3127150519,296.26599992,4780.65940382,3.56408236257e-10,4.21917275423e-18,0.549822247098,0.345332446863,6.81192108368,-0.274823191319,6.45335024017,-13.4712404355,0.277637267201,0.0125266898299,0.433070903029,0,5.47073081281e-11,0.959244251625,19.4465955895,-30,1.26757512098,0,0,2752.47586315,1.41688960911e-17,False
case1,1003,0.2,0.005,0,95.2685848594,-1,96.6666666667,2818.51512398,2243.95963861,17.2672411531,296.38877768,4783.35322607,4.13706402469e-10,4.40782393224e-18,0.550428834383,0.345014284127,6.72491187964,-0.0247857313481,6.40656953909,-13.46154833,0.277746387097,0.0125194970959,0.433069340698,0,4.21955803631e-11,0.95770334888,19.5805754578,-30,1.26757512098,0,0,2768.31750825,1.38718246959e-17,False
case1,1004,0.2,0.005,0,94.9291033328,-1,96.6666666667,2812.88334991,2244.34108322,17.292106775,296.186408641,4778.33013126,4.19788648287e-10,4.10370522286e-18,0.54979353978,0.345605925229,6.73989158962,-0.318477965894,6.40969746171,-13.4492739234,0.277689350631,0.0125262918406,0.433070788821,0,5.67418112496e-10,0.966663191465,19.4787309998,-30,1.26757512098,0,0,2753.59076452,1.46757606068e-17,False
case1,1005,0.2,0.005,0,94.4583488226,-1,96.6666666667,2818.76972994,2244.38264528,17.2651654068,296.291440789,4784.12609985,4.20868673245e-10,4.68266918296e-18,0.550483667457,0.344852161096,6.89547893803,-0.0933300640314,6.46125895987,-13.4584242126,0.277728947939,0.0125210903982,0.433072695392,0,9.40904243407e-10,0.966281501988,19.3375046468,-30,1.26757512098,0,0,2738.29321128,1.43244791029e-17,False
case1,1006,0.2,0.005,0,95.2277616858,-1,96.6666666667,2819.29564463,2244.58858189,17.279049495,296.359708778,4784.80356725,3.59932528227e-10,5.65736693603e-18,0.550717218708,0.344688164769,6.71702057535,-0.168029315144,6.48531684997,-13.4384099964,0.277726339769,0.0125226995154,0.433070967347,0,8.54765147551e-10,0.941682331709,19.5683285058,-30,1.26757512098,0,0,2768.82894843,1.51213676997e-17,False
case1,1007,0.2,0.005,0,94.8209746242,-1,96.6666666667,2816.82599831,2244.44523586,17.3114484073,296.175656145,4782.40702643,4.09272615798e-10,4.61328024393e-18,0.549538930089,0.345553474912,6.88716561938,-0.0396412478862,6.40096085102,-13.4732404709,0.277640488438,0.0125219619573,0.433085516812,0,4.2208014861e-11,0.97644991309,19.4462923872,-30,1.26757512098,0,0,2747.11239211,1.47988175533e-17,False
case1,1008,0.2,0.005,0,95.4672745347,-1,96.6666666667,2809.64149917,2244.47037472,17.3345472819,296.121096697,4775.32532447,3.87615273212e-10,4.21483594554e-18,0.549998915169,0.345747667379,6.70816935303,-0.323555819889,6.38461353314,-13.4584171278,0.277646048528,0.012526717305,0.433067544447,0,5.27780597004e-11,0.951661320682,19.6401823604,-30,1.26757512098,0,0,2773.0924454,1.39910869348e-17,False
case1,1009,0.2,0.005,0,95.2954740524,-1,96.6666666667,2816.45298355,2244.60292172,17.307757946,296.195287789,4782.16837543,3.90571130993e-10,4.47016555716e-18,0.549903697251,0.345090554838,6.66557569799,-0.0617086917515,6.4071369732,-13.4630992603,0.277627316643,0.0125209600045,0.433071555221,0,3.976374785e-10,0.946556043232,19.5886422157,-30,1.26757512098,0,0,2767.24626497,1.40176498881e-17,False
case1,1000,0.2,0.005,1,95.7445426583,-1,96.6666666667,2683.95961085,2238.50338852,16.3653757719,305.884619652,4632.9437555,4.51848336525e-10,3.08563938289e-18,0.552112428205,0.335933149124,6.72864767643,0.0425424067329,6.53652885612,-13.0018759435,0.279789222189,0.0125007044545,0.442415567887,0,4.81680473285e-10,0.917265787807,19.7233627975,-29,1.26669150025,0,0,2651.91489142,1.44339835223e-17,False
case1,1001,0.2,0.005,1,94.7723823011,-1,96.6666666667,2676.83971641,2238.64203819,16.4122924547,305.825243537,4626.06880351,4.40536496171e-10,3.3415110956e-18,0.552260547289,0.336168524254,6.91900201827,-0.205720064507,6.53055114916,-13.006692429,0.279803077959,0.0125060824266,0.442419285852,0,4.09472707477e-11,0.917809889866,19.4317146903,-29,1.26669150025,0,0,2616.7927815,1.44540412625e-17,False
case1,1002,0.2,0.005,1,94.7669039905,-1,96.6666666667,2679.27136335,2238.90683612,16.4218019954,305.83533054,4628.76467092,4.04554612032e-10,4.42408696483e-18,0.552113271907,0.336577452986,6.91792482332,-0.243735343313,6.56020513324,-13.0176600337,0.279734038518,0.0125079723516,0.442417515673,0,5.19299464541e-11,0.911086388042,19.4300711972,-29,1.26669150025,0,0,2618.3435863,1.43792313126e-17,False
case1,1003,0.2,0.005,1,95.2790683568,-1,96.6666666667,2682.49858133,2238.26888264,16.3794563746,305.974119157,4631.17280118,3.89661636291e-10,3.94703800893e-18,0.552764414092,0.33623673225,6.83769641071,-0.0238431554147,6.51690947104,-13.0076600224,0.279843976585,0.0125015209762,0.442415955122,0,4.09734468576e-11,0.908596220665,19.583720507,-29,1.26669150025,0,0,2635.73073659,1.40181919892e-17,False
case1,1004,0.2,0.005,1,94.8879600704,-1,96.6666666667,2677.20877527,2238.60650065,16.4038407761,305.759471218,4626.45964548,3.94720700569e-10,4.49293380278e-18,0.552087774444,0.336889661483,6.84661841672,-0.298382946779,6.51894350104,-12.9952476184,0.279784119903,0.0125078446165,0.442417401295,0,5.47977663246e-10,0.919440163056,19.4663880211,-29,1.26669150025,0,0,2619.65161427,1.44589201723e-17,False
case1,1005,0.2,0.005,1,94.3924406588,-1,96.6666666667,2682.91338459,2238.62456874,16.3721352358,305.861262089,4632.04882648,4.3661430027e-10,4.07117915768e-18,0.552768627045,0.336109181568,6.99843551187,-0.0848615984131,6.57083826266,-13.0052262109,0.279823826946,0.0125029379729,0.44241933029,0,9.23122911445e-10,0.918516268744,19.3177321976,-29,1.26669150025,0,0,2604.39217344,1.39032665589e-17,False
case1,1006,0.2,0.005,1,95.2584814489,-1,96.6666666667,2683.27058401,2238.85374022,16.3900717352,305.923752576,4632.59064339,3.92788024328e-10,4.29235640087e-18,0.552980839273,0.335990507986,6.83781298885,-0.159026508734,6.5928011918,-12.9848564377,0.279817307543,0.0125045318984,0.442417591405,0,8.3634787984e-10,0.896403121748,19.5775444347,-29,1.26669150025,0,0,2636.89294922,1.43971206484e-17,False
case1,1007,0.2,0.005,1,94.7693825543,-1,96.6666666667,2681.11778686,2238.71128861,16.4219840911,305.7642175,4630.48684206,3.6726532926e-10,4.14707330976e-18,0.551881376763,0.336749549121,6.97283262809,-0.029333739688,6.51224450027,-13.0189404447,0.279738550196,0.0125036945871,0.442435445386,0,4.08233447047e-11,0.926645399385,19.4308147663,-29,1.26669150025,0,0,2613.33837548,1.38631510785e-17,False
case1,1008,0.2,0.005,1,95.481971395,-1,96.6666666667,2673.79606209,2238.69535038,16.4437457904,305.691383175,4623.24377509,4.38376446255e-10,2.73489998009e-18,0.552296403275,0.337017541417,6.80482719004,-0.311479318675,6.49334787136,-13.0048985761,0.27974038443,0.012508487226,0.442414163885,0,4.94886354119e-11,0.904300046415,19.6445914185,-29,1.26669150025,0,0,2640.03650165,1.35780059071e-17,False
case1,1009,0.2,0.005,1,95.3026609361,-1,96.6666666667,2680.45916168,2238.87854488,16.4219881108,305.771085623,4629.98860905,4.24506652053e-10,4.90438852724e-18,0.552208349895,0.336327823678,6.77142847391,-0.0572525169016,6.51580121213,-13.0098794769,0.279725556288,0.0125029079703,0.442418201311,0,3.88297394238e-10,0.898626645559,19.5907982808,-29,1.26669150025,0,0,2634.52461054,1.45798087145e-17,False
case2,1000,0.2,0.005,-1,93.3631731808,95.3631731808,95.3631731808,0,2103.89246832,0.51516645175,458.337187332,1646.07044744,-1.3073986338e-11,9.3482079716e-17,0.591993894145,0.169079857817,8.77936751658,0.196177536425,8.89177042168,-5.17383709886,0.313293585126,0.0122200228276,0.625060585585,0,9.29919252712e-10,0,19.0089519542,0.196177536425,0.605968490158,0.168959852141,0,0,9.36468784463e-17,True
case2,1001,0.2,0.005,-1,93.3631731808,95.3631731808,95.3631731808,0,2103.89246832,0.51516645175,458.337187332,1646.07044744,-1.3073986338e-11,9.3482079716e-17,0.591993894145,0.169079857817,8.77936751658,0.196177536425,8.89177042168,-5.17383709886,0.313293585126,0.0122200228276,0.625060585585,0,9.29919252712e-10,0,19.0089519542,0.196177536425,0.605968490158,0.168959852141,0,0,9.36468784463e-17,True
case2,1002,0.2,0.005,-1,93.3631731808,95.3631731808,95.3631731808,0,2103.89246832,0.51516645175,458.337187332,1646.07044744,-1.3073986338e-11,9.3482079716e-17,0.591993894145,0.169079857817,8.77936751658,0.196177536425,8.89177042168,-5.17383709886,0.313293585126,0.0122200228276,0.625060585585,0,9.29919252712e-10,0,19.0089519542,0.196177536425,0.605968490158,0.168959852141,0,0,9.36468784463e-17,True
case2,1003,0.2,0.005,-1,93.3631731808,95.3631731808,95.3631731808,0,2103.89246832,0.51516645175,458.337187332,1646.07044744,-1.3073986338e-11,9.3482079716e-17,0.591993894145,0.169079857817,8.77936751658,0.196177536425,8.89177042168,-5.17383709886,0.313293585126,0.0122200228276,0.625060585585,0,9.29919252712e-10,0,19.0089519542,0.196177536425,0.605968490158,0.168959852141,0,0,9.36468784463e-17,True
case2,1004,0.2,0.005,-1,93.3631731808,95.3631731808,95.3631731808,0,2103.89246832,0.51516645175,458.337187332,1646.07044744,-1.3073986338e-11,9.3482079716e-17,0.591993894145,0.169079857817,8.77936751658,0.196177536425,8.89177042168,-5.17383709886,0.313293585126,0.0122200228276,0.625060585585,0,9.29919252712e-10,0,19.0089519542,0.196177536425,0.605968490158,0.168959852141,0,0,9.36468784463e-17,True
case2,1005,0.2,0.005,-1,93.3631731808,95.3631731808,95.3631731808,0,2103.89246832,0.51516645175,458.337187332,1646.07044744,-1.3073986338e-11,9.3482079716e-17,0.591993894145,0.169079857817,8.77936751658,0.196177536425,8.89177042168,-5.17383709886,0.313293585126,0.0122200228276,0.625060585585,0,9.29919252712e-10,0,19.0089519542,0.196177536425,0.605968490158,0.168959852141,0,0,9.36468784463e-17,True
case2,1006,0.2,0.005,-1,93.3631731808,95.3631731808,95.3631731808,0,2103.89246832,0.51516645175,458.337187332,1646.07044744,-1.3073986338e-11,9.3482079716e-17,0.591993894145,0.169079857817,8.77936751658,0.196177536425,8.89177042168,-5.17383709886,0.313293585126,0.0122200228276,0.625060585585,0,9.29919252712e-10,0,19.0089519542,0.196177536425,0.605968490158,0.168959852141,0,0,9.36468784463e-17,True
case2,1007,0.2,0.005,-1,93.3631731808,95.3631731808,95.3631731808,0,2103.89246832,0.51516645175,458.337187332,1646.07044744,-1.3073986338e-11,9.3482079716e-17,0.591993894145,0.169079857817,8.77936751658,0.196177536425,8.89177042168,-5.17383709886,0.313293585126,0.0122200228276,0.625060585585,0,9.29919252712e-10,0,19.0089519542,0.196177536425,0.605968490158,0.168959852141,0,0,9.36468784463e-17,True
case2,1008,0.2,0.005,-1,93.3631731808,95.3631731808,95.3631731808,0,2103.89246832,0.51516645175,458.337187332,1646.07044744,-1.3073986338e-11,9.3482079716e-17,0.591993894145,0.169079857817,8.77936751658,0.196177536425,8.89177042168,-5.17383709886,0.313293585126,0.0122200228276,0.625060585585,0,9.29919252712e-10,0,19.0089519542,0.196177536425,0.605968490158,0.168959852141,0,0,9.36468784463e-17,True
case2,1009,0.2,0.005,-1,93.3631731808,95.3631731808,95.3631731808,0,2103.89246832,0.51516645175,458.337187332,1646.07044744,-1.3073986338e-11,9.3482079716e-17,0.591993894145,0.169079857817,8.77936751658,0.196177536425,8.89177042168,-5.17383709886,0.313293585126,0.0122200228276,0.625060585585,0,9.29919252712e-10,0,19.0089519542,0.196177536425,0.605968490158,0.168959852141,0,0,9.36468784463e-17,True
case2,1000,0.2,0.005,0,84.7245963216,86.7245963216,86.7245963216,0,1818.46819909,-0.254025363663,422.683673877,1395.53049985,1.1078782336e-10,3.56355570053e-17,0.59647254395,0.135272828288,8.83425893993,0.209030238911,9.04328917885,-5.2241337814,0.327938506344,0.0118520918901,0.63677214954,0,9.73757963152e-10,0,16.4173788965,0.209030238911,0.608813441971,0.135170380875,0,0,3.56355570053e-17,True
case2,1001,0.2,0.005,0,84.7245963216,86.7245963216,86.7245963216,0,1818.46819909,-0.254025363663,422.683673877,1395.53049985,1.1078782336e-10,3.56355570053e-17,0.59647254395,0.135272828288,8.83425893993,0.209030238911,9.04328917885,-5.2241337814,0.327938506344,0.0118520918901,0.63677214954,0,9.73757963152e-10,0,16.4173788965,0.209030238911,0.608813441971,0.135170380875,0,0,3.56355570053e-17,True
case2,1002,0.2,0.005,0,84.7245963216,86.7245963216,86.7245963216,0,1818.46819909,-0.254025363663,422.683673877,1395.53049985,1.1078782336e-10,3.56355570053e-17,0.59647254395,0.135272828288,8.83425893993,0.209030238911,9.04328917885,-5.2241337814,0.327938506344,0.0118520918901,0.63677214954,0,9.73757963152e-10,0,16.4173788965,0.209030238911,0.608813441971,0.135170380875,0,0,3.56355570053e-17,True
case2,1003,0.2,0.005,0,84.7245963216,86.7245963216,86.7245963216,0,1818.46819909,-0.254025363663,422.683673877,1395.53049985,1.1078782336e-10,3.56355570053e-17,0.59647254395,0.135272828288,8.83425893993,0.209030238911,9.04328917885,-5.2241337814,0.327938506344,0.0118520918901,0.63677214954,0,9.73757963152e-10,0,16.4173788965,0.209030238911,0.608813441971,0.135170380875,0,0,3.56355570053e-17,True
case2,1004,0.2,0.005,0,84.7245963216,86.7245963216,86.7245963216,0,1818.46819909,-0.254025363663,422.683673877,1395.53049985,1.1078782336e-10,3.56355570053e-17,0.59647254395,0.135272828288,8.83425893993,0.209030238911,9.04328917885,-5.2241337814,0.327938506344,0.0118520918901,0.63677214954,0,9.73757963152e-10,0,16.4173788965,0.209030238911,0.608813441971,0.135170380875,0,0,3.56355570053e-17,True
case2,1005,0.2,0.005,0,84.7245963216,86.7245963216,86.7245963216,0,1818.46819909,-0.254025363663,422.683673877,1395.53049985,1.1078782336e-10,3.56355570053e-17,0.59647254395,0.135272828288,8.83425893993,0.209030238911,9.04328917885,-5.2241337814,0.327938506344,0.0118520918901,0.63677214954,0,9.73757963152e-10,0,16.4173788965,0.209030238911,0.608813441971,0.135170380875,0,0,3.56355570053e-17,True
case2,1006,0.2,0.005,0,84.7245963216,86.7245963216,86.7245963216,0,1818.46819909,-0.254025363663,422.683673877,1395.53049985,1.1078782336e-10,3.56355570053e-17,0.59647254395,0.135272828288,8.83425893993,0.209030238911,9.04328917885,-5.2241337814,0.327938506344,0.0118520918901,0.63677214954,0,9.73757963152e-10,0,16.4173788965,0.209030238911,0.608813441971,0.135170380875,0,0,3.56355570053e-17,True
case2,1007,0.2,0.005,0,84.7245963216,86.7245963216,86.7245963216,0,1818.46819909,-0.254025363663,422.683673877,1395.53049985,1.1078782336e-10,3.56355570053e-17,0.59647254395,0.135272828288,8.83425893993,0.209030238911,9.04328917885,-5.2241337814,0.327938506344,0.0118520918901,0.63677214954,0,9.73757963152e-10,0,16.4173788965,0.209030238911,0.608813441971,0.135170380875,0,0,3.56355570053e-17,True
case2,1008,0.2,0.005,0,84.7245963216,86.7245963216,86.7245963216,0,1818.46819909,-0.254025363663,422.683673877,1395.53049985,1.1078782336e-10,3.56355570053e-17,0.59647254395,0.135272828288,8.83425893993,0.209030238911,9.04328917885,-5.2241337814,0.327938506344,0.0118520918901,0.63677214954,0,9.73757963152e-10,0,16.4173788965,0.209030238911,0.608813441971,0.135170380875,0,0,3.56355570053e-17,True
case2,1009,0.2,0.005,0,84.7245963216,86.7245963216,86.7245963216,0,1818.46819909,-0.254025363663,422.683673877,1395.53049985,1.1078782336e-10,3.56355570053e-17,0.59647254395,0.135272828288,8.83425893993,0.209030238911,9.04328917885,-5.2241337814,0.327938506344,0.0118520918901,0.63677214954,0,9.73757963152e-10,0,16.4173788965,0.209030238911,0.608813441971,0.135170380875,0,0,3.56355570053e-17,True
case2,1000,0.2,0.005,1,76.7750765502,78.7750765502,78.7750765502,0,1556.90360182,-0.820711709717,389.733756794,1166.34913332,5.75255398871e-11,1.12334187091e-17,0.600959968468,0.106968180261,8.78473326747,0.23124927153,9.015982539,-5.15067310368,0.341276073148,0.0115354096469,0.648596213198,0,9.3143270874e-10,0,14.0325229651,0.23124927153,0.610921612196,0.106878384337,0,0,1.53617895314e-17,True
case2,1001,0.2,0.005,1,76.7750765502,78.7750765502,78.7750765502,0,1556.90360182,-0.820711709717,389.733756794,1166.34913332,5.75255398871e-11,1.12334187091e-17,0.600959968468,0.106968180261,8.78473326747,0.23124927153,9.015982539,-5.15067310368,0.341276073148,0.0115354096469,0.648596213198,0,9.3143270874e-10,0,14.0325229651,0.23124927153,0.610921612196,0.106878384337,0,0,1.53617895314e-17,True
case2,1002,0.2,0.005,1,76.7750765502,78.7750765502,78.7750765502,0,1556.90360182,-0.820711709717,389.733756794,1166.34913332,5.75255398871e-11,1.12334187091e-17,0.600959968468,0.106968180261,8.78473326747,0.23124927153,9.015982539,-5.15067310368,0.341276073148,0.0115354096469,0.648596213198,0,9.3143270874e-10,0,14.0325229651,0.23124927153,0.610921612196,0.106878384337,0,0,1.53617895314e-17,True
case2,1003,0.2,0.005,1,76.7750765502,78.7750765502,78.7750765502,0,1556.90360182,-0.820711709717,389.733756794,1166.34913332,5.75255398871e-11,1.12334187091e-17,0.600959968468,0.106968180261,8.78473326747,0.23124927153,9.015982539,-5.15067310368,0.341276073148,0.0115354096469,0.648596213198,0,9.3143270874e-10,0,14.0325229651,0.23124927153,0.610921612196,0.106878384337,0,0,1.53617895314e-17,True
case2,1004,0.2,0.005,1,76.7750765502,78.7750765502,78.7750765502,0,1556.90360182,-0.820711709717,389.733756794,1166.34913332,5.75255398871e-11,1.12334187091e-17,0.600959968468,0.106968180261,8.78473326747,0.23124927153,9.015982539,-5.15067310368,0.341276073148,0.0115354096469,0.648596213198,0,9.3143270874e-10,0,14.0325229651,0.23124927153,0.610921612196,0.106878384337,0,0,1.53617895314e-17,True
case2,1005,0.2,0.005,1,76.7750765502,78.7750765502,78.7750765502,0,1556.90360182,-0.820711709717,389.733756794,1166.34913332,5.75255398871e-11,1.12334187091e-17,0.600959968468,0.106968180261,8.78473326747,0.23124927153,9.015982539,-5.15067310368,0.341276073148,0.0115354096469,0.648596213198,0,9.3143270874e-10,0,14.0325229651,0.23124927153,0.610921612196,0.106878384337,0,0,1.53617895314e-17,True
case2,1006,0.2,0.005,1,76.7750765502,78.7750765502,78.7750765502,0,1556.90360182,-0.820711709717,389.733756794,1166.34913332,5.75255398871e-11,1.12334187091e-17,0.600959968468,0.106968180261,8.78473326747,0.23124927153,9.015982539,-5.15067310368,0.341276073148,0.0115354096469,0.648596213198,0,9.3143270874e-10,0,14.0325229651,0.23124927153,0.610921612196,0.106878384337,0,0,1.53617895314e-17,True
case2,1007,0.2,0.005,1,76.7750765502,78.7750765502,78.7750765502,0,1556.90360182,-0.820711709717,389.733756794,1166.34913332,5.75255398871e-11,1.12334187091e-17,0.600959968468,0.106968180261,8.78473326747,0.23124927153,9.015982539,-5.15067310368,0.341276073148,0.0115354096469,0.648596213198,0,9.3143270874e-10,0,14.0325229651,0.23124927153,0.610921612196,0.106878384337,0,0,1.53617895314e-17,True
case2,1008,0.2,0.005,1,76.7750765502,78.7750765502,78.7750765502,0,1556.90360182,-0.820711709717,389.733756794,1166.34913332,5.75255398871e-11,1.12334187091e-17,0.600959968468,0.106968180261,8.78473326747,0.23124927153,9.015982539,-5.15067310368,0.341276073148,0.0115354096469,0.648596213198,0,9.3143270874e-10,0,14.0325229651,0.23124927153,0.610921612196,0.106878384337,0,0,1.53617895314e-17,True
case2,1009,0.2,0.005,1,76.7750765502,78.7750765502,78.7750765502,0,1556.90360182,-0.820711709717,389.733756794,1166.34913332,5.75255398871e-11,1.12334187091e-17,0.600959968468,0.106968180261,8.78473326747,0.23124927153,9.015982539,-5.15067310368,0.341276073148,0.0115354096469,0.648596213198,0,9.3143270874e-10,0,14.0325229651,0.23124927153,0.610921612196,0.106878384337,0,0,1.53617895314e-17,True
case3,1000,0.2,0.005,-1,95.3239994466,-1,96.6666666667,1877.26411827,2207.08342136,11.2333546951,360.552452636,3735.02844169,5.14546627528e-10,2.53226259406e-17,0.566350758271,0.286481468779,7.44952383461,0.272399182152,7.17017259658,-10.4135985403,0.291674656266,0.0124011925317,0.500157156508,0,8.59735393988e-10,0.611326182172,19.597199834,-23.0958071689,1.26142814214,0,0,1838.86279293,2.5362741421e-17,False
case3,1001,0.2,0.005,-1,95.4844505966,-1,96.6666666667,1872.91468187,2207.05021244,11.280499145,360.459411034,3730.78598241,4.85215423396e-10,2.54993508947e-17,0.566434201163,0.28739859277,7.59332105257,0.302827213671,7.12091463885,-10.432181612,0.291621969586,0.012400249443,0.500094859978,0,6.41581010541e-10,0.618306000147,19.645335179,-23.0958071689,1.26142814214,0,0,1837.55218217,2.56234920434e-17,False
case3,1002,0.2,0.005,-1,95.741575104,-1,96.6666666667,1871.67815641,2207.20541627,11.2941385686,360.425459628,3729.75225163,5.71048985876e-10,2.50754278452e-17,0.566032661609,0.287420307774,7.48830171183,0.237709274126,7.13298725992,-10.4318019987,0.291612635952,0.012401874016,0.500079204047,0,6.28538998626e-10,0.597258215472,19.7224725312,-23.0958071689,1.26142814214,0,0,1844.89898978,2.5149153593e-17,False
case3,1003,0.2,0.005,-1,95.4227572143,-1,96.6666666667,1875.06964576,2206.90644352,11.2827302624,360.566714561,3732.69210498,4.19220214098e-10,2.86088427254e-17,0.566608475602,0.287501936065,7.50170774447,0.338467310702,7.10780963082,-10.4218057295,0.291729692342,0.0123996373735,0.500100731515,0,6.38415542653e-10,0.628410937797,19.6268271643,-23.0958071689,1.26142814214,0,0,1837.33587932,2.86874473829e-17,False
case3,1004,0.2,0.005,-1,95.2888631105,-1,96.6666666667,1875.76513201,2207.14958477,11.2729991815,360.429633941,3733.75808201,5.11647613166e-10,2.58484639942e-17,0.566539624376,0.287350156572,7.50018167689,0.359140580976,7.1363040759,-10.4142106397,0.291632717802,0.0123996897906,0.50001199245,0,9.65410862364e-10,0.62084201554,19.5866589332,-23.0958071689,1.26142814214,0,0,1834.61419193,2.58484639942e-17,False
case3,1005,0.2,0.005,-1,95.2801405609,-1,96.6666666667,1878.19434406,2207.09922157,11.2523214383,360.477260558,3736.06862651,4.55258941656e-10,2.48303981543e-17,0.566636042058,0.286876098883,7.48789239261,0.298982088678,7.15537583439,-10.4170817104,0.291690452237,0.0124005742059,0.500157156508,0,6.15365536305e-10,0.644528145733,19.5840421683,-23.0958071689,1.26142814214,0,0,1837.45564365,2.48802714542e-17,False
case3,1006,0.2,0.005,-1,95.6009951174,-1,96.6666666667,1872.27997663,2207.1416366,11.2941519375,360.436851836,3730.27891334,4.86181761516e-10,2.40194149292e-17,0.566219874714,0.287534508049,7.50441201771,0.288681463045,7.13369318504,-10.4213047491,0.291657860238,0.0124010476864,0.500005177699,0,5.56571677635e-10,0.609226161545,19.6802985352,-23.0958071689,1.26142814214,0,0,1840.8859528,2.40877196661e-17,False
case3,1007,0.2,0.005,-1,95.2527309358,-1,96.6666666667,1876.1378722,2207.14867274,11.2728052923,360.480815262,3734.07853497,4.62307525595e-10,2.60604255189e-17,0.566321360372,0.287428753978,7.43332034773,0.327346071986,7.146329939,-10.4292139732,0.29162950633,0.012399716293,0.500157156508,0,6.3365135361e-10,0.631104042287,19.5758192807,-23.0958071689,1.26142814214,0,0,1834.48332029,2.6186735072e-17,False
case3,1008,0.2,0.005,-1,95.4327919245,-1,96.6666666667,1872.39088461,2207.11687745,11.3077499023,360.355550375,3730.45996159,4.3661430027e-10,2.79014008078e-17,0.566316916139,0.287572566204,7.45837722242,0.337606628739,7.1086859811,-10.4282910187,0.291627448278,0.0123998902552,0.500157156508,0,6.6121330633e-10,0.622243477495,19.6298375773,-23.0958071689,1.26142814214,0,0,1835.58010411,2.79290479632e-17,False
case3,1009,0.2,0.005,-1,95.4501604974,-1,96.6666666667,1873.13916434,2207.20899147,11.2883116713,360.330117167,3731.30635031,4.52018866781e-10,2.67591938191e-17,0.565795062012,0.287364186859,7.50344320641,0.330053605773,7.13194246971,-10.4200677994,0.29157342233,0.0124005184649,0.500066151315,0,7.38154426472e-10,0.623903225748,19.6350481492,-23.0958071689,1.26142814214,0,0,1837.21289235,2.68226196462e-17,False
case3,1000,0.2,0.005,0,94.5670176029,96.5670176029,96.5670176029,1757.21229454,2197.33434771,10.0264806588,370.682042658,3593.89108024,1.53931978275e-10,3.57694559736e-17,0.568979156712,0.274603125473,7.54478720922,0.364067486684,7.38391584966,-9.92666351724,0.294048750468,0.0123778759048,0.510362262906,0,8.24460499871e-10,0.567866406593,19.3701052809,0.364067486684,0.590147254725,0.274086411037,0,1704.37582109,3.58106556561e-17,True
case3,1001,0.2,0.005,0,95.0554391325,-1,96.6666666667,1755.54238485,2200.54537773,10.0435354263,371.194861809,3594.93643619,1.46087586472e-10,4.01696904906e-17,0.56905856071,0.275469032615,7.68947510268,0.415507469621,7.35471267963,-9.92365668309,0.293866305217,0.0123806337468,0.510290975325,0,6.15539619275e-10,0.57540461998,19.5166317397,-22.0958071689,1.26054452142,0,0,1710.85590217,4.01696904906e-17,False
case3,1002,0.2,0.005,0,95.2179197252,-1,96.6666666667,1754.28349718,2200.69294357,10.0561548313,371.161262454,3593.87133313,1.6115109247e-10,3.87130648719e-17,0.568662620373,0.275507220306,7.58458449479,0.349682566118,7.36674827813,-9.92325105099,0.293860057271,0.0123823123102,0.510267292114,0,6.02774719027e-10,0.554174188829,19.5653759176,-22.0958071689,1.26054452142,0,0,1715.39459344,3.87130648719e-17,False
case3,1003,0.2,0.005,0,94.9652524412,-1,96.6666666667,1757.63234662,2200.42524716,10.0482887265,371.302104399,3596.8037781,1.54102508532e-10,3.70656196708e-17,0.569237138378,0.275589157022,7.59677191073,0.450432371825,7.34150434348,-9.91333419723,0.293978491977,0.0123800501977,0.510297764866,0,6.12459416516e-10,0.586375587572,19.4895757324,-22.0958071689,1.26054452142,0,0,1709.60308053,3.70656196708e-17,False
case3,1004,0.2,0.005,0,94.7502502441,-1,96.6666666667,1758.41680725,2200.64603542,10.03749541,371.16567392,3597.93466417,1.25567112264e-10,3.91315669104e-17,0.569178399508,0.275454491756,7.59992254875,0.473885678818,7.36999067162,-9.90565049663,0.293880625329,0.0123800002633,0.510139098671,0,9.23780163475e-10,0.57829705699,19.4250750732,-22.0958071689,1.26054452142,0,0,1705.27650189,3.92020400516e-17,False
case3,1005,0.2,0.005,0,94.7096725523,-1,96.6666666667,1760.80688643,2200.57717118,10.0148051115,371.21332829,3600.18553443,1.6166268324e-10,3.91846928169e-17,0.569239358845,0.27504111517,7.5940553103,0.411756123326,7.38909256,-9.90864696643,0.293937524103,0.0123809452308,0.510362262906,0,5.89704285403e-10,0.60176965759,19.4129017657,-22.0958071689,1.26054452142,0,0,1706.88320783,3.9248118644e-17,False
case3,1006,0.2,0.005,0,95.1328533173,-1,96.6666666667,1754.85232789,2200.6485615,10.0568805945,371.172030422,3594.38573957,1.45405465446e-10,3.72748706901e-17,0.5688283481,0.275613114775,7.6023152711,0.40065544235,7.36730901533,-9.91287443001,0.293900485191,0.0123814585857,0.510177857023,0,5.40268274563e-10,0.566579843631,19.5398559952,-22.0958071689,1.26054452142,0,0,1712.85546074,3.73003494411e-17,False
case3,1007,0.2,0.005,0,94.5081167102,96.5081167102,96.5081167102,1754.39849156,2195.4830115,10.0845518089,370.250204712,3589.71585015,1.60866875376e-10,3.46239963783e-17,0.56894260993,0.275563024679,7.5286084616,0.405113706597,7.34736451934,-9.95563848989,0.294067974591,0.0123741549905,0.510362262906,0,6.07791150742e-10,0.588607845657,19.3524350131,0.405113706597,0.590230803323,0.27506339149,0,1700.08700588,3.46239963783e-17,True
case3,1008,0.2,0.005,0,95.0169540942,-1,96.6666666667,1754.96569688,2200.6274743,10.0728170342,371.09069922,3594.57528899,1.79397829925e-10,3.6903531446e-17,0.568948764818,0.275704515847,7.55817069711,0.45006557361,7.34224032143,-9.91983979192,0.293877724528,0.0123802995564,0.510361116723,0,6.35047570086e-10,0.578903133409,19.5050862283,-22.0958071689,1.26054452142,0,0,1709.18262739,3.69767150926e-17,False
case3,1009,0.2,0.005,0,95.0022069752,-1,96.6666666667,1755.79434272,2200.6992144,10.0521963091,371.066295304,3595.47945813,1.6467538444e-10,3.90182677834e-17,0.568425840265,0.275428621996,7.60320431005,0.443763983486,7.36578592086,-9.91150064974,0.293818838688,0.0123808496518,0.510239308211,0,7.15221659675e-10,0.580472281884,19.5006620926,-22.0958071689,1.26054452142,0,0,1710.22728431,3.90529622529e-17,False
case3,1000,0.2,0.005,1,93.8171526432,95.8171526432,95.8171526432,1621.51507941,2166.49919328,9.00861857788,376.847504241,3420.17538703,1.68256519828e-11,4.08657482853e-17,0.571613252354,0.262559491046,7.64163973039,0.335123524086,7.47638406467,-9.57395663465,0.297223657092,0.0123310863416,0.520692133952,0,7.89174947613e-10,0.524338958617,19.145145793,0.335123524086,0.591889872462,0.262134219718,0,1573.05885603,4.08657482853e-17,True
case3,1001,0.2,0.005,1,94.6018595457,96.6018595457,96.6018595457,1636.37192087,2191.96095356,8.82896654818,381.534559026,3455.62728195,4.49063009e-12,4.82003759822e-17,0.571687906454,0.263346925611,7.78847000255,0.512060092116,7.57974471691,-9.4295617721,0.296143772323,0.0123595335225,0.520610024632,0,5.89501780723e-10,0.532384541493,19.3805578637,0.512060092116,0.59247040161,0.262805926026,0,1585.35254177,4.82003759822e-17,True
case3,1002,0.2,0.005,1,94.6121285558,96.6121285558,96.6121285558,1635.43310795,2192.43143388,8.83703084149,381.564505275,3455.1370674,8.4128259914e-12,4.87424770684e-17,0.571297331352,0.263425884759,7.68464200689,0.449330131279,7.59377565219,-9.42692499435,0.296143182744,0.0123613904092,0.52057976414,0,5.77013992142e-10,0.527927897947,19.3836385667,0.449330131279,0.592333187166,0.262831389551,0,1586.28581846,4.88758339356e-17,True
case3,1003,0.2,0.005,1,94.4215111792,96.4215111792,96.4215111792,1633.53050956,2185.99055262,8.88789927656,380.53741623,3447.87154523,-3.75166564481e-12,4.78371682544e-17,0.571871394749,0.263496689363,7.69578074548,0.49127687776,7.53024193926,-9.45770537282,0.296491789099,0.0123526477729,0.52061593508,0,5.86499737665e-10,0.543636345592,19.3264533538,0.49127687776,0.592273820878,0.263033775066,0,1581.68290457,4.78371682544e-17,True
case3,1004,0.2,0.005,1,94.1894625783,96.1894625783,96.1894625783,1628.64429995,2178.6629826,8.94411041453,378.984699503,3437.26669346,6.49720277579e-11,4.3126309815e-17,0.571821587224,0.263385128278,7.70407662482,0.470958053339,7.51330178203,-9.49863528516,0.296696209956,0.0123438998018,0.520388973779,0,8.82174333583e-10,0.535671319755,19.2568387735,0.470958053339,0.59216323497,0.262945712001,0,1577.59527742,4.32640034909e-17,True
case3,1005,0.2,0.005,1,94.0246305287,96.0246305287,96.0246305287,1627.12987143,2173.24701469,8.97049042191,378.023235682,3431.32414086,5.0249582273e-11,4.3962771791e-17,0.57184834492,0.263027585119,7.70404787824,0.394110432221,7.49791687038,-9.53501053843,0.296948639353,0.0123384583264,0.520692133952,0,5.64046587215e-10,0.559515920547,19.2073891586,0.394110432221,0.592041438365,0.26234135648,0,1575.96959494,4.3962771791e-17,True
case3,1006,0.2,0.005,1,94.5863534808,96.5863534808,96.5863534808,1635.28625387,2191.56289305,8.84552183567,381.417261045,3454.27740771,1.39834810398e-11,4.82730175277e-17,0.571442690437,0.263514585751,7.7039452696,0.493099138448,7.58936691415,-9.42201683094,0.296209450166,0.0123596167039,0.52047452176,0,5.23861842794e-10,0.523975658184,19.3759060442,0.493099138448,0.592349408375,0.262991653924,0,1585.24879086,4.83581273983e-17,True
case3,1007,0.2,0.005,1,93.9550719976,95.9550719976,95.9550719976,1623.17191737,2171.03217176,9.01055036414,377.60819424,3425.60644525,2.18278728426e-11,4.19613345806e-17,0.571567450075,0.263522407825,7.62798752044,0.402601496759,7.47693908807,-9.56330565869,0.296978352459,0.012335020506,0.520692133952,0,5.81930947874e-10,0.546094316798,19.1865215993,0.402601496759,0.592088701344,0.263064909238,0,1573.44491377,4.19613345806e-17,True
case3,1008,0.2,0.005,1,94.5431969881,96.5431969881,96.5431969881,1634.28283425,2190.14979674,8.87702798103,381.071075018,3452.23858395,1.27329258248e-11,4.82068811952e-17,0.571585447903,0.263665680189,7.66211833605,0.533872807834,7.55523909167,-9.43811508164,0.296252884392,0.0123570066798,0.520684068372,0,6.08881833841e-10,0.535562750112,19.3629590964,0.533872807834,0.592419443132,0.262965290491,0,1583.01086562,4.82166390148e-17,True
case3,1009,0.2,0.005,1,94.4291676521,96.4291676521,96.4291676521,1632.28160954,2186.49754641,8.88832759849,380.352011801,3447.31547175,4.47926140623e-11,4.74772131331e-17,0.571065203637,0.263311724257,7.70587486671,0.504317482023,7.55724881664,-9.45350056375,0.296318432126,0.0123534377288,0.520536441016,0,6.92171653327e-10,0.538711042198,19.3287502956,0.504317482023,0.592297495416,0.262849587707,0,1582.25182735,4.75249180287e-17,True
