case,parameter,factor,first_success_s,stop_s,elapsed_s,E_aux_J,E_gen_J,E_phase_J,E_loss_J,E_sensible_J,energy_residual_J,water_residual_kg,min_voltage_V,max_ice_bulk,dTmax_K,final_min_T_C,final_max_T_C,final_left_EP_C,min_gas_porosity,max_j_over_jlim,min_kappa_S_m,min_inventory,max_iteration_error_K,max_power_W_cm2,charge_at_success_C_cm2,post_min_T_C,post_min_voltage_V,post_max_ice_bulk,post_energy_J,first_success_energy_J,max_water_residual_kg,feasible
case1,G,0.8,94.6405681551,96.6405681551,96.6405681551,2863.22460953,2241.18051118,15.5219210153,296.212089353,4823.71495237,5.44559952687e-10,4.953177625e-18,0.55135090427,0.341931839717,7.98885576181,0.042415661237,8.03127142305,-13.4185376745,0.278059976437,0.0125141866658,0.432997383168,0,5.75340664e-10,0.925208616929,19.3921704465,0.042415661237,0.577390040085,0.341746379713,0,2787.17832463,1.3111798973e-17,True
case1,G,1.2,94.6391341388,96.6391341388,96.6391341388,2804.07175889,2248.79358021,18.5529759056,296.20359795,4775.21471706,-2.38912889472e-10,1.06311444023e-17,0.551349585229,0.341931208692,5.671903955,0.0426210681119,5.52794215569,-13.4189088369,0.278059968722,0.0125140805705,0.432998483422,0,5.75330005859e-10,0.921637245473,19.3917402416,0.0426210681119,0.577390410127,0.34174434354,0,2728.82313366,1.59979451561e-17,True
case1,G_EP,0.8,94.639836669,96.639836669,96.639836669,2418.13893418,2245.48171927,17.1740334854,296.208140495,4384.58654644,5.36715560884e-10,7.54658922159e-18,0.551347512291,0.341938933077,6.60941500409,0.0418480306952,6.54441022469,-15.4963559212,0.278060796685,0.0125141426566,0.433012695892,0,5.75340664e-10,0.824311855845,19.3919510007,0.0418480306952,0.577389605927,0.341742080103,0,2351.87558333,1.50693259954e-17,True
case1,G_EP,1.2,94.6397390962,96.6397390962,96.6397390962,3165.09613716,2245.47395368,17.1734970738,296.207453486,5131.53613443,5.85487214266e-12,5.61345674804e-18,0.551352908122,0.341925740777,6.60979686288,0.0420895341496,6.54421725399,-11.7142331473,0.278059938577,0.0125141342489,0.432983366432,0,5.75344216713e-10,0.988655700163,19.3919217288,0.0420895341496,0.577389092672,0.341745371199,0,3083.46155479,1.46513660579e-17,True
case1,h,0.8,94.639712882,96.639712882,96.639712882,2769.23685917,2245.47535945,17.173729618,236.966039213,4794.91990903,4.03019839723e-10,6.25909914176e-18,0.551350026118,0.341931869452,6.60955537161,0.0423852007665,6.54433029652,-13.4187213102,0.27806038675,0.012514123738,0.432999029979,0,5.75337111286e-10,0.898523251698,19.3919138646,0.0423852007665,0.577390349497,0.341743018052,0,2696.06564984,1.46638343829e-17,True
case1,h,1.2,94.6396642387,96.6396642387,96.6396642387,2887.68762212,2245.47381709,17.1739509332,355.447321068,4794.88806908,4.41787051386e-10,6.48027638495e-18,0.551350287003,0.341931635352,6.60960783564,0.0422862231445,6.54416839724,-13.4188210297,0.278059589141,0.012514127662,0.43299683973,0,5.75337111286e-10,0.946659734023,19.3918992716,0.0422862231445,0.577389183574,0.341747892043,0,2809.73442783,1.45754719058e-17,True
case1,T_target,0.8,94.8542152882,-1,96.6666666667,2818.62456937,2246.81891501,17.3281716028,295.701109904,4787.07054608,3.92844867747e-10,5.87474947161e-18,0.551163268513,0.343439032255,6.62048492396,-0.00611845931966,6.49052862176,-13.4462158519,0.277852403082,0.0125183229054,0.432967300797,0,5.74985392632e-10,0.91922516686,19.4562645864,-30,1.26757512098,0,0,2751.77505747,1.4947353251e-17,False
case1,T_target,1.2,94.426196605,96.426196605,96.426196605,2831.99766569,2237.96650356,17.0850933909,295.590148484,4791.45911416,4.89649210067e-10,5.7847606913e-18,0.551536989544,0.3404330985,6.59868695294,0.10348430493,6.54860608606,-13.4448913213,0.278487574383,0.0125019805586,0.433028367761,0,8.71470895447e-10,0.925952990941,19.3278589815,0.10348430493,0.577722448894,0.340097964069,0,2754.00866242,1.46307662166e-17,True
case1,K_P,0.8,94.6205898821,96.6205898821,96.6205898821,2827.76282342,2244.85145977,17.1813097384,296.091592634,4793.7040003,3.85398379876e-10,5.44052650153e-18,0.551347784191,0.341937388996,6.61289514358,0.0412959579734,6.53966377449,-13.4242923815,0.278080819086,0.0125135003311,0.433013791947,0,5.75337111286e-10,0.923400070256,19.3861769646,0.0412959579734,0.577380512633,0.341749849357,0,2752.15251243,1.42507533551e-17,True
case1,K_P,1.2,94.6532562792,96.6532562792,96.6532562792,2828.97649512,2245.91566257,17.1683874765,296.288826332,4795.77171884,4.59522198071e-10,5.66007744146e-18,0.551351881652,0.34192681161,6.60712916206,0.0435492530081,6.54751979831,-13.4148298813,0.278028681165,0.0125148251092,0.432982434713,0,5.75337111286e-10,0.922029126992,19.3959768838,0.0435492530081,0.577397517787,0.341741235352,0,2753.43635597,1.44567517679e-17,True
case1,K_I,0.8,94.7223182499,-1,96.6666666667,2828.88034534,2246.40742789,17.1734783397,296.360572547,4796.10067902,3.86364717997e-10,6.01732205729e-18,0.551264158687,0.342006002782,6.57690777143,0.0431648884547,6.54342305679,-13.4125603772,0.278023344683,0.0125153894485,0.433031296753,0,5.75337111286e-10,0.920695136532,19.416695475,-30,1.26757512098,0,0,2755.52009825,1.49489795542e-17,False
case1,K_I,1.2,94.6923591554,-1,96.6666666667,2829.92863801,2246.29197121,17.1531990954,296.384131068,4796.98967725,3.86478404835e-10,5.4849787906e-18,0.551439225891,0.341838445614,6.62731354764,0.0432661920818,6.55644052915,-13.4094362016,0.278031536095,0.0125152614377,0.43296450189,0,5.75337111286e-10,0.917733024752,19.4077077466,-30,1.26757512098,0,0,2755.50704164,1.50980573529e-17,False
case1,ice_warn,0.8,94.6396886587,96.6396886587,96.6396886587,2828.46932138,2245.47459189,17.1738408623,296.206825314,4794.91092883,3.96482846554e-10,4.47396026476e-18,0.551350156543,0.341931752391,6.60958157854,0.0426327945813,6.54424780091,-13.4187711453,0.278059981053,0.0125141198163,0.4329979348,0,5.75337111286e-10,0.92259148371,19.3919065976,0.0426327945813,0.577390412164,0.341745466068,0,2752.90010564,1.38533932589e-17,True
case1,ice_warn,1.2,94.6396886587,96.6396886587,96.6396886587,2828.46932138,2245.47459189,17.1738408623,296.206825314,4794.91092883,3.96482846554e-10,4.47396026476e-18,0.551350156543,0.341931752391,6.60958157854,0.0426327945813,6.54424780091,-13.4187711453,0.278059981053,0.0125141198163,0.4329979348,0,5.75337111286e-10,0.92259148371,19.3919065976,0.0426327945813,0.577390412164,0.341745466068,0,2752.90010564,1.38533932589e-17,True
case1,delta_V,0.8,94.6396886587,96.6396886587,96.6396886587,2828.46932138,2245.47459189,17.1738408623,296.206825314,4794.91092883,3.96482846554e-10,4.47396026476e-18,0.551350156543,0.341931752391,6.60958157854,0.0426327945813,6.54424780091,-13.4187711453,0.278059981053,0.0125141198163,0.4329979348,0,5.75337111286e-10,0.92259148371,19.3919065976,0.0426327945813,0.577390412164,0.341745466068,0,2752.90010564,1.38533932589e-17,True
case1,delta_V,1.2,94.6396886587,96.6396886587,96.6396886587,2828.46932138,2245.47459189,17.1738408623,296.206825314,4794.91092883,3.96482846554e-10,4.47396026476e-18,0.551350156543,0.341931752391,6.60958157854,0.0426327945813,6.54424780091,-13.4187711453,0.278059981053,0.0125141198163,0.4329979348,0,5.75337111286e-10,0.92259148371,19.3919065976,0.0426327945813,0.577390412164,0.341745466068,0,2752.90010564,1.38533932589e-17,True
case2,G,0.8,87.0123029768,89.0123029768,89.0123029768,0,1889.18844326,-0.636533751132,433.874484899,1454.67742461,7.13384906703e-11,6.06345485973e-17,0.595526267336,0.143087869711,10.82675213,0.20862754439,11.0353796744,-5.11974902812,0.324411251808,0.0119453530083,0.636517708273,0,9.86169368389e-10,0,17.1036908931,0.20862754439,0.608299004318,0.142979767969,0,0,6.07478477244e-17,True
case2,G,1.2,83.1427335382,85.1427335382,85.1427335382,0,1769.55001381,0.0993368604966,414.987141572,1354.6622091,-5.1045390137e-11,1.9931972739e-17,0.597170651985,0.12995326057,7.45444680482,0.209258681013,7.66255637169,-5.29595210973,0.330410494185,0.0117883507188,0.636998822927,0,9.61557944379e-10,0,15.9428200614,0.209258681013,0.609151571338,0.129854682474,0,0,2.00062405878e-17,True
case2,G_EP,0.8,76.7833801925,78.7833801925,78.7833801925,0,1561.62476529,0.0218630974128,380.238057462,1181.40857093,4.00746102969e-11,1.1880145305e-17,0.598752248675,0.116302374715,8.56432073972,0.248616329952,8.81293706967,-6.29201684007,0.33942278045,0.0115429131525,0.636543374333,0,9.60103108127e-10,0,14.0350140578,0.248616329952,0.60948069755,0.116197279509,0,0,1.5588658836e-17,True
case2,G_EP,1.2,91.2766046524,93.2766046524,93.2766046524,0,2030.80945363,-0.276284273695,457.080732939,1573.45243641,-1.6018475435e-10,8.84551763433e-17,0.594708806095,0.15408616155,8.89762282862,0.197831644888,9.00666893656,-4.31782424768,0.318226188974,0.0121223960679,0.636983114535,0,9.87139259223e-10,0,18.3829813957,0.197831644888,0.607751702222,0.153975908249,0,0,8.84741498813e-17,True
case2,h,0.8,80.2210344553,82.2210344553,82.2210344553,0,1671.78482883,-0.300774800199,320.576703745,1350.90735029,7.33848537493e-11,7.1204977678e-18,0.598235810431,0.122079383545,8.75998716788,0.229773253797,8.98976042167,-5.44767636171,0.334935525324,0.0116726165254,0.638235423835,0,9.83943593269e-10,0,15.0663103366,0.229773253797,0.60959677531,0.121977669738,0,0,1.45727614004e-17,True
case2,h,1.2,89.7363421798,91.7363421798,91.7363421798,0,1981.72942757,-0.194712095085,536.825795897,1444.70891958,1.35628397402e-10,7.57900686654e-17,0.594752289764,0.150229219036,8.87327575899,0.190966268328,9.03472545088,-4.9719504753,0.320159215983,0.0120591593722,0.635307921246,0,9.58612744739e-10,0,17.9209026539,0.190966268328,0.607842188183,0.150125347239,0,0,7.58177158208e-17,True
case2,T_target,0.8,84.7245963216,86.7245963216,86.7245963216,0,1818.46819909,-0.254025363663,422.683673877,1395.53049985,1.1078782336e-10,3.56355570053e-17,0.59647254395,0.135272828288,8.83425893993,0.209030238911,9.04328917885,-5.2241337814,0.327938506344,0.0118520918901,0.63677214954,0,9.73757963152e-10,0,16.4173788965,0.209030238911,0.608813441971,0.135170380875,0,0,3.56355570053e-17,True
case2,T_target,1.2,84.7245963216,86.7245963216,86.7245963216,0,1818.46819909,-0.254025363663,422.683673877,1395.53049985,1.1078782336e-10,3.56355570053e-17,0.59647254395,0.135272828288,8.83425893993,0.209030238911,9.04328917885,-5.2241337814,0.327938506344,0.0118520918901,0.63677214954,0,9.73757963152e-10,0,16.4173788965,0.209030238911,0.608813441971,0.135170380875,0,0,3.56355570053e-17,True
case2,K_P,0.8,84.7245963216,86.7245963216,86.7245963216,0,1818.46819909,-0.254025363663,422.683673877,1395.53049985,1.1078782336e-10,3.56355570053e-17,0.59647254395,0.135272828288,8.83425893993,0.209030238911,9.04328917885,-5.2241337814,0.327938506344,0.0118520918901,0.63677214954,0,9.73757963152e-10,0,16.4173788965,0.209030238911,0.608813441971,0.135170380875,0,0,3.56355570053e-17,True
case2,K_P,1.2,84.7245963216,86.7245963216,86.7245963216,0,1818.46819909,-0.254025363663,422.683673877,1395.53049985,1.1078782336e-10,3.56355570053e-17,0.59647254395,0.135272828288,8.83425893993,0.209030238911,9.04328917885,-5.2241337814,0.327938506344,0.0118520918901,0.63677214954,0,9.73757963152e-10,0,16.4173788965,0.209030238911,0.608813441971,0.135170380875,0,0,3.56355570053e-17,True
case2,K_I,0.8,84.7245963216,86.7245963216,86.7245963216,0,1818.46819909,-0.254025363663,422.683673877,1395.53049985,1.1078782336e-10,3.56355570053e-17,0.59647254395,0.135272828288,8.83425893993,0.209030238911,9.04328917885,-5.2241337814,0.327938506344,0.0118520918901,0.63677214954,0,9.73757963152e-10,0,16.4173788965,0.209030238911,0.608813441971,0.135170380875,0,0,3.56355570053e-17,True
case2,K_I,1.2,84.7245963216,86.7245963216,86.7245963216,0,1818.46819909,-0.254025363663,422.683673877,1395.53049985,1.1078782336e-10,3.56355570053e-17,0.59647254395,0.135272828288,8.83425893993,0.209030238911,9.04328917885,-5.2241337814,0.327938506344,0.0118520918901,0.63677214954,0,9.73757963152e-10,0,16.4173788965,0.209030238911,0.608813441971,0.135170380875,0,0,3.56355570053e-17,True
case2,ice_warn,0.8,84.7245963216,86.7245963216,86.7245963216,0,1818.46819909,-0.254025363663,422.683673877,1395.53049985,1.1078782336e-10,3.56355570053e-17,0.59647254395,0.135272828288,8.83425893993,0.209030238911,9.04328917885,-5.2241337814,0.327938506344,0.0118520918901,0.63677214954,0,9.73757963152e-10,0,16.4173788965,0.209030238911,0.608813441971,0.135170380875,0,0,3.56355570053e-17,True
case2,ice_warn,1.2,84.7245963216,86.7245963216,86.7245963216,0,1818.46819909,-0.254025363663,422.683673877,1395.53049985,1.1078782336e-10,3.56355570053e-17,0.59647254395,0.135272828288,8.83425893993,0.209030238911,9.04328917885,-5.2241337814,0.327938506344,0.0118520918901,0.63677214954,0,9.73757963152e-10,0,16.4173788965,0.209030238911,0.608813441971,0.135170380875,0,0,3.56355570053e-17,True
case2,delta_V,0.8,84.7245963216,86.7245963216,86.7245963216,0,1818.46819909,-0.254025363663,422.683673877,1395.53049985,1.1078782336e-10,3.56355570053e-17,0.59647254395,0.135272828288,8.83425893993,0.209030238911,9.04328917885,-5.2241337814,0.327938506344,0.0118520918901,0.63677214954,0,9.73757963152e-10,0,16.4173788965,0.209030238911,0.608813441971,0.135170380875,0,0,3.56355570053e-17,True
case2,delta_V,1.2,84.7245963216,86.7245963216,86.7245963216,0,1818.46819909,-0.254025363663,422.683673877,1395.53049985,1.1078782336e-10,3.56355570053e-17,0.59647254395,0.135272828288,8.83425893993,0.209030238911,9.04328917885,-5.2241337814,0.327938506344,0.0118520918901,0.63677214954,0,9.73757963152e-10,0,16.4173788965,0.209030238911,0.608813441971,0.135170380875,0,0,3.56355570053e-17,True
case3,G,0.8,94.6538239419,96.6538239419,96.6538239419,1798.02085391,2196.02551294,8.73073287855,371.117716306,3631.65938343,7.74207364884e-11,5.2599526297e-17,0.569163791475,0.274468187536,9.02071400512,0.466320530478,9.11727467695,-9.90833397416,0.293988837807,0.0123787446752,0.508630580932,0,9.41810185395e-10,0.551202873599,19.3961471826,0.466320530478,0.590415774981,0.274005976438,0,1743.37085182,5.26407259796e-17,True
case3,G,1.2,94.653429836,96.653429836,96.653429836,1731.20211205,2204.41744772,11.2290448283,371.115189342,3575.73341526,1.4119905245e-10,2.27850507559e-17,0.569163634343,0.274468496351,6.38074463375,0.4663229853,6.20540125432,-9.90841965129,0.293988790191,0.012378742632,0.508630536209,0,9.41795974541e-10,0.548159093571,19.3960289508,0.4663229853,0.590415643803,0.274006279496,0,1676.89394527,2.28332977525e-17,True
case3,G_EP,0.8,94.6536601484,96.6536601484,96.6536601484,1455.51281352,2200.71944515,10.0342897159,371.116250693,3295.15029769,1.31933575176e-10,3.75681473777e-17,0.569163441823,0.274470373316,7.46565464178,0.466334405944,7.38803807068,-11.4439591171,0.293988583466,0.0123787452963,0.508638703319,0,9.41806632682e-10,0.478403770775,19.3960980445,0.466334405944,0.590415445366,0.2740081461,0,1408.25663243,3.75681473777e-17,True
case3,G_EP,1.2,94.6535515368,96.6535515368,96.6535515368,2007.65823127,2200.71476299,10.0340192537,371.116331352,3847.29068216,1.80250481208e-10,3.74575587561e-17,0.569163991448,0.274466977924,7.46561878997,0.466314478921,7.38808628585,-8.64831419142,0.293989044662,0.0123787418139,0.508622542262,0,9.41806632682e-10,0.595789416291,19.396065461,0.466314478921,0.590415889381,0.2740047689,0,1948.48249776,3.74575587561e-17,True
case3,h,0.8,94.6535686493,96.6535686493,96.6535686493,1684.56812736,2200.71588678,10.0341522571,296.892888457,3598.42527793,1.01579189504e-10,3.80403174238e-17,0.569163701796,0.274468516775,7.46562968776,0.466323310702,7.38806346041,-9.90839093735,0.293988810716,0.0123787433715,0.508631176339,0,9.41810185395e-10,0.524536915758,19.3960705948,0.466323310702,0.590415674642,0.274006299632,0,1632.59066143,3.80630856694e-17,True
case3,h,1.2,94.6535516322,96.6535516322,96.6535516322,1833.01424736,2200.71531108,10.034149815,445.339122649,3598.42458561,8.85052031663e-11,3.68146268678e-17,0.569163710283,0.274468425994,7.46563112422,0.466323328862,7.38806268069,-9.90839435113,0.293988819914,0.0123787431474,0.508629940592,0,9.41810185395e-10,0.573305218954,19.3960654896,0.466323328862,0.590415682527,0.274006209974,0,1776.19899633,3.68173373733e-17,True
case3,T_target,0.8,-1,-1,96.6666666667,1663.36510937,2204.80782107,11.3791483636,365.506223182,3514.04585562,2.45904629992e-10,2.85053014179e-17,0.567592806078,0.289296810099,7.55170125554,-0.118627905287,6.8613002062,-10.2032012396,0.292785759976,0.0124045368369,0.50835102908,0,9.33376043122e-10,0.519718210096,-1,-22.0958071689,1.26054452142,0,0,0,2.85725219526e-17,False
case3,T_target,1.2,92.2471690893,94.2471690893,94.2471690893,1785.20775043,2118.86944116,9.46553150735,361.99556534,3551.54715776,6.4915184339e-11,2.22169288175e-17,0.570731391192,0.260580798057,7.38032137057,0.478692198251,7.41352891575,-10.1491261388,0.298232410692,0.0122679368731,0.508902282662,0,9.50201695105e-10,0.566158884221,18.6741507268,0.478692198251,0.591819634708,0.260130318597,0,1729.12464696,2.22169288175e-17,True
case3,K_P,0.8,94.6517664909,96.6517664909,96.6517664909,1758.75398865,2200.65201161,10.0342904865,371.105117548,3598.3351732,1.2227019397e-10,3.63354095076e-17,0.569166711708,0.274469522541,7.46492131359,0.466121668125,7.38771168964,-9.90878646411,0.293988773094,0.0123787385722,0.508644328081,0,9.41803079968e-10,0.548881623623,19.3955299473,0.466121668125,0.590414560293,0.274007480812,0,1704.35879715,3.63354095076e-17,True
case3,K_P,1.2,94.6542284787,96.6542284787,96.6542284787,1758.80542919,2200.74138509,10.0342505071,371.120167206,3598.46089758,1.1374368114e-10,3.69718361828e-17,0.569162304704,0.274467564571,7.46600270056,0.466418703926,7.38820682765,-9.90823737773,0.29398891529,0.0123787438892,0.5086179362,0,9.41803079968e-10,0.548940053097,19.3962685436,0.466418703926,0.590416229056,0.274005262488,0,1704.4081451,3.69946044285e-17,True
case3,K_I,0.8,94.6586754143,96.6586754143,96.6586754143,1758.83340185,2200.89150934,10.0341829536,371.146043477,3598.61305067,1.61719526659e-10,3.67452379288e-17,0.569159082826,0.274480425354,7.46643530075,0.466474355673,7.38840719304,-9.90749358922,0.293988422535,0.0123788424612,0.508666115863,0,9.41803079968e-10,0.548877586435,19.3976026243,0.466474355673,0.590415836367,0.274018033975,0,1704.44057124,3.67452379288e-17,True
case3,K_I,1.2,94.6535501242,96.6535501242,96.6535501242,1758.83038872,2200.71427692,10.0336188407,371.116570662,3598.46171382,1.20223830891e-10,3.87239068936e-17,0.569160089711,0.274459990567,7.46590054797,0.466468954838,7.38849361604,-9.90826750837,0.293988886664,0.0123787365698,0.508596623424,0,9.41803079968e-10,0.548988660898,19.3960650373,0.466468954838,0.590417167984,0.273997710996,0,1704.43358494,3.87239068936e-17,True
case3,ice_warn,0.8,94.6535601258,96.6535601258,96.6535601258,1758.79120459,2200.7155984,10.0341510396,371.11602297,3598.42493105,1.61321622727e-10,3.64465402303e-17,0.569163706111,0.274468471395,7.46563039432,0.466323319028,7.38806306743,-9.90839264747,0.293988815322,0.0123787432593,0.508630558467,0,9.41803079968e-10,0.548921065742,19.3960680377,0.466323319028,0.590415678579,0.274006254813,0,1704.39484609,3.64465402303e-17,True
case3,ice_warn,1.2,94.6535601258,96.6535601258,96.6535601258,1758.79120459,2200.7155984,10.0341510396,371.11602297,3598.42493105,1.61321622727e-10,3.64465402303e-17,0.569163706111,0.274468471395,7.46563039432,0.466323319028,7.38806306743,-9.90839264747,0.293988815322,0.0123787432593,0.508630558467,0,9.41803079968e-10,0.548921065742,19.3960680377,0.466323319028,0.590415678579,0.274006254813,0,1704.39484609,3.64465402303e-17,True
case3,delta_V,0.8,94.6535601258,96.6535601258,96.6535601258,1758.79120459,2200.7155984,10.0341510396,371.11602297,3598.42493105,1.61321622727e-10,3.64465402303e-17,0.569163706111,0.274468471395,7.46563039432,0.466323319028,7.38806306743,-9.90839264747,0.293988815322,0.0123787432593,0.508630558467,0,9.41803079968e-10,0.548921065742,19.3960680377,0.466323319028,0.590415678579,0.274006254813,0,1704.39484609,3.64465402303e-17,True
case3,delta_V,1.2,94.6535601258,96.6535601258,96.6535601258,1758.79120459,2200.7155984,10.0341510396,371.11602297,3598.42493105,1.61321622727e-10,3.64465402303e-17,0.569163706111,0.274468471395,7.46563039432,0.466323319028,7.38806306743,-9.90839264747,0.293988815322,0.0123787432593,0.508630558467,0,9.41803079968e-10,0.548921065742,19.3960680377,0.466323319028,0.590415678579,0.274006254813,0,1704.39484609,3.64465402303e-17,True
